# Object Export From Tinkercad Server 2015

mtllib obj.mtl

o obj_0
v 25.213 		85.772 		-0.683
v 123.3 		-95.4 		4
v 123.3 		-95.4 		0
v 25.218 		85.765 		-0.731
v 19.6276 		77.312 		-0.4902
v 20.695 		74.498 		-0.735
v 20.669 		74.566 		-0.535
v 19.6247 		77.568 		-0.4884
v 29.8787 		74.5123 		0
v 21.81 		80.381 		-0.529
v 29.8788 		74.496 		0
v 21.756 		80.381 		-0.537
v 35.135 		81.243 		-0.992
v 35.087 		81.189 		-0.841
v 19.5284 		77.3796 		-0.4881
v 19.456 		77.5247 		-0.4854
v 19.456 		77.522 		-0.4854
v 21.504 		72.8 		0
v 29.8791 		74.496 		0
v 29.8788 		74.5094 		0
v 29.88 		74.528 		-0.018
v 29.8784 		74.5367 		0
v 25.21 		85.623 		-0.6
v 25.211 		85.549 		-0.565
v 23.04 		72.8 		0
v 29.879 		74.573 		-0.018
v 28.2205 		81.6429 		-0.649
v 28.203 		81.599 		-0.6488
v 28.2418 		81.6203 		-0.6497
v 25.6 		72.8 		0
v 29.879 		74.576 		-0.018
v 28.255 		81.567 		-0.87
v 19.75 		77.0733 		-0.4949
v 19.712 		77.0727 		-0.494
v 31.744 		72.8 		0
v 28.1924 		81.5521 		-0.6489
v 28.1963 		81.5672 		-0.6489
v 29.847 		74.626 		-0.187
v 29.947 		74.707 		-0.189
v 36.3583 		72.8 		0
v 35.102 		81.203 		-1.176
v 20.802 		74.424 		-0.54
v 123.3 		104.6 		0
v 123.3 		104.6 		4
v 25.218 		85.664 		-0.731
v 28.2017 		81.5523 		-0.6493
v 20.65 		104.6 		4
v 25.219 		85.597 		-0.722
v 25.214 		85.657 		-0.671
v 25.22 		85.516 		-0.683
v 28.243 		81.5542 		-0.6502
v 28.243 		81.553 		-0.6502
v 25.213 		85.677 		-0.68
v 32.95 		92.8 		4
v 28.2411 		81.553 		-0.6502
v 34.098 		92.8 		0
v 19.6 		77.208 		-0.491
v 19.5974 		77.2067 		-0.4909
v 35.485 		89.537 		4
v 19.5985 		77.2064 		-0.491
v 29.773 		74.518 		-0.187
v 35.622 		89.585 		4
v 19.584 		77.287 		-0.49
v 19.595 		77.2055 		-0.4909
v 19.604 		77.194 		-0.491
v 19.602 		77.194 		-0.491
v 20.702 		73.871 		-0.74
v 19.5959 		77.2039 		-0.4909
v 19.629 		77.194 		-0.491
v 20.862 		74.235 		-0.545
v 27.862 		81.756 		-0.849
v 35.751 		89.652 		4
v 35.679 		79.983 		-0.88
v 19.621 		77.194 		-0.491
v 35.871 		89.736 		4
v 28.056 		81.762 		-0.846
v 29.8824 		74.24 		0
v 27.863 		81.756 		-0.842
v 29.8803 		74.4487 		0
v 29.891 		74.387 		-0.134
v 35.98 		89.835 		4
v 19.591 		77.2035 		-0.4908
v 24.773 		85.765 		-0.672
v 19.5992 		77.194 		-0.4909
v 36.075 		89.948 		4
v 36.155 		90.074 		4
v 35.675 		79.983 		-0.829
v 29.8813 		74.24 		0
v 36.219 		90.209 		4
v 36.265 		90.352 		4
v 21.843 		79.889 		-0.53
v 36.293 		90.5 		4
v 19.5929 		77.2007 		-0.4908
v 36.303 		90.65 		4
v 36.293 		90.8 		4
v 36.265 		90.948 		4
v 36.219 		91.091 		4
v 20.855 		74.047 		-0.544
v 36.155 		91.226 		4
v 21.826 		79.896 		-0.631
v 36.075 		91.352 		4
v 35.98 		91.465 		4
v 35.871 		91.564 		4
v 35.751 		91.648 		4
v 35.622 		91.715 		4
v 35.39 		79.99 		-0.955
v 35.412 		79.983 		-0.887
v 35.485 		91.763 		4
v 21.86 		79.896 		-0.609
v 35.35 		74.5 		4
v 28.062 		81.762 		-0.863
v 35.35 		73.6 		4
v 35.335 		79.99 		-0.99
v 19.584 		77.2001 		-0.4906
v 20.809 		73.925 		-0.545
v 19.5876 		77.194 		-0.4907
v 19.5869 		77.1946 		-0.4907
v 29.713 		74.336 		-0.187
v 35.453 		79.983 		-0.874
v 35.348 		79.977 		-0.834
v 19.5863 		77.194 		-0.4906
v 35.415 		79.977 		-0.824
v 21.894 		79.896 		-0.604
v 35.35 		74.5 		6.163
v 35.35 		73.6 		6.163
v 34.245 		90.074 		4
v 34.325 		89.948 		4
v 34.42 		89.835 		4
v 34.529 		89.736 		4
v 34.529 		91.564 		4
v 34.42 		91.465 		4
v 34.325 		91.352 		4
v 34.245 		91.226 		4
v 34.181 		91.091 		4
v 34.135 		90.948 		4
v 34.107 		90.8 		4
v 34.098 		90.65 		4
v 21.675 		79.889 		-0.564
v 34.107 		90.5 		4
v 34.135 		90.352 		4
v 34.181 		90.209 		4
v 34.584 		73.6 		4
v 34.584 		74.5 		4
v 32.95 		74.5 		4
v 32.95 		73.6 		4
v 21.62 		79.896 		-0.608
v 24.77 		85.617 		-0.589
v 20.682 		73.777 		-0.543
v 24.771 		85.536 		-0.552
v 21.765 		79.909 		-0.848
v 19.582 		77.286 		-0.49
v 21.69 		79.916 		-0.899
v 21.576 		79.916 		-0.922
v 19.532 		77.194 		-0.49
v 21.559 		79.909 		-0.825
v 19.5776 		77.2617 		-0.4901
v 19.5802 		77.1982 		-0.4905
v 19.578 		77.2136 		-0.4904
v 19.5737 		77.2063 		-0.4904
v 19.5781 		77.2008 		-0.4905
v 19.5803 		77.1959 		-0.4905
v 35.273 		79.983 		-0.87
v 21.532 		79.909 		-0.842
v 19.5718 		77.194 		-0.4903
v 30.5019 		73.9898 		0
v 30.5021 		73.984 		0
v 24.779 		85.61 		-0.716
v 24.778 		85.758 		-0.723
v 35.155 		79.99 		-1.002
v 30.4965 		74.24 		0
v 30.4975 		74.1932 		0
v 30.4987 		74.1367 		0
v 19.5772 		77.194 		-0.4905
v 35.237 		79.983 		-0.947
v 24.78 		85.509 		-0.674
v 19.5836 		77.194 		-0.4906
v 19.5828 		77.194 		-0.4906
v 35.137 		79.983 		-0.951
v 24.78 		85.65 		-0.661
v 24.5427 		73.3637 		0
v 24.478 		73.3628 		0
v 24.2921 		73.3604 		0
v 24.291 		73.3604 		0
v 30.5026 		73.9898 		0
v 30.4972 		74.24 		0
v 30.5027 		73.984 		0
v 24.78 		85.664 		-0.668
v 35.25 		79.983 		-0.941
v 35.262 		79.99 		-0.999
v 24.576 		73.3642 		0
v 26.703 		81.742 		-0.822
v 19.629 		77.174 		-0.492
v 24.291 		73.3604 		0
v 30.686 		74.222 		-0.21
v 21.459 		80.401 		-0.849
v 26.703 		81.742 		-0.818
v 21.463 		80.408 		-0.923
v 34.584 		73.6 		6.163
v 34.584 		74.5 		6.163
v 34.649 		89.652 		4
v 24.291 		73.3603 		0
v 24.291 		73.3558 		0
v 24.2921 		73.2949 		0
v 24.2915 		73.3127 		0
v 24.2947 		73.1071 		0
v 34.778 		89.585 		4
v 34.915 		89.537 		4
v 24.2974 		72.9357 		0
v 24.5399 		72.9392 		0
v 24.4947 		72.9386 		0
v 25.211 		85.455 		-0.551
v 24.576 		72.9397 		0
v 35.056 		89.507 		4
v 35.2 		89.498 		4
v 35.344 		89.507 		4
v 25.211 		85.298 		-0.551
v 34.778 		91.715 		4
v 28.11 		79.889 		-0.821
v 19.67 		77.072 		-0.493
v 34.649 		91.648 		4
v 19.648 		77.0714 		-0.493
v 35.056 		91.793 		4
v 35.2 		91.803 		4
v 19.653 		77.0715 		-0.493
v 34.915 		91.763 		4
v 35.344 		91.793 		4
v 25.21 		85.442 		-0.6
v 27.853 		79.873 		-0.655
v 25.216 		85.482 		-0.614
v 27.892 		79.873 		-0.656
v 23.552 		73.3508 		0
v 23.7981 		73.3543 		0
v 23.8006 		73.1954 		0
v 23.8043 		72.9296 		0
v 23.552 		72.9257 		0
v 23.3826 		73.3486 		0
v 23.3826 		73.3486 		0
v 23.5222 		73.3507 		0
v 23.3833 		73.3486 		0
v 23.3848 		73.216 		0
v 23.3826 		73.3484 		0
v 23.3833 		73.3109 		0
v 23.5431 		73.3507 		0
v 33.836 		81.189 		-1.147
v 23.3903 		72.9237 		0
v 23.3894 		72.9237 		0
v 30.505 		73.956 		-0.037
v 23.3895 		72.9237 		0
v 19.625 		77.12 		-0.492
v 23.5377 		72.9255 		0
v 23.3854 		73.1756 		0
v 25.209 		85.468 		-0.606
v 33.801 		81.169 		-0.812
v 32.95 		74.5 		6.163
v 32.95 		73.6 		6.163
v 32.05 		73.6 		4
v 32.05 		74.5 		4
v 30.45 		74.5 		4
v 30.45 		73.6 		4
v 32.05 		73.6 		6.163
v 32.05 		74.5 		6.163
v 30.45 		74.5 		6.163
v 30.45 		73.6 		6.163
v 24.519 		73.267 		-0.079
v 29.684 		73.6 		4
v 29.684 		74.5 		4
v 28.05 		74.5 		4
v 28.05 		73.6 		4
v 29.684 		73.6 		6.163
v 19.63 		77.085 		-0.493
v 29.684 		74.5 		6.163
v 19.63 		77.116 		-0.492
v 30.372 		73.955 		-0.034
v 28.05 		74.5 		6.363
v 28.05 		73.6 		6.363
v 27.15 		73.6 		4
v 27.15 		74.5 		4
v 25.55 		74.5 		4
v 25.55 		73.6 		4
v 27.15 		73.6 		6.363
v 27.15 		74.5 		6.363
v 25.55 		74.5 		6.463
v 25.55 		73.6 		6.463
v 24.75 		73.6 		4
v 24.75 		74.5 		4
v 23.05 		74.5 		4
v 24.296 		73.366 		-0.073
v 23.05 		73.6 		4
v 24.294 		73.366 		-0.073
v 24.75 		73.6 		6.463
v 24.75 		74.5 		6.463
v 28.087 		79.875 		-0.66
v 23.05 		74.5 		6.463
v 23.05 		73.6 		6.463
v 28.096 		79.876 		-0.66
v 20.751 		89.652 		4
v 20.871 		89.736 		4
v 20.98 		89.835 		4
v 21.075 		89.948 		4
v 21.155 		90.074 		4
v 33.775 		81.223 		-0.961
v 21.219 		90.209 		4
v 21.265 		90.352 		4
v 21.293 		90.5 		4
v 21.303 		90.65 		4
v 21.293 		90.8 		4
v 21.265 		90.948 		4
v 24.487 		73.369 		-0.078
v 21.219 		91.091 		4
v 30.506 		73.959 		-0.037
v 30.505 		73.959 		-0.037
v 21.155 		91.226 		4
v 21.075 		91.352 		4
v 33.782 		80.9 		-0.963
v 20.98 		91.465 		4
v 20.871 		91.564 		4
v 20.751 		91.648 		4
v 27.953 		79.874 		-0.657
v 33.79 		80.9 		-0.913
v 24.2877 		73.2409 		-0.075
v 24.295 		73.282 		-0.074
v 24.296 		73.25 		-0.075
v 21.462 		80.132 		-0.851
v 24.207 		73.264 		-0.073
v 22.284 		73.6 		4
v 21.462 		80.131 		-0.852
v 19.63 		77.071 		-0.493
v 33.675 		80.9 		-0.96
v 25.216 		85.212 		-0.602
v 19.6307 		77.071 		-0.493
v 30.5027 		73.9563 		0
v 22.284 		74.5 		4
v 20.65 		74.5 		4
v 20.65 		73.6 		4
v 19.63 		77.072 		-0.492
v 30.5033 		73.9563 		0
v 25.151 		85.211 		-0.551
v 30.553 		73.932 		-0.21
v 24.294 		73.358 		-0.074
v 24.2962 		73.2395 		-0.0751
v 33.797 		80.455 		-0.918
v 25.211 		85.217 		-0.552
v 24.2962 		73.2398 		-0.075
v 25.201 		85.212 		-0.552
v 19.63 		77.086 		-0.492
v 25.211 		85.212 		-0.552
v 30.393 		73.824 		-0.206
v 22.284 		73.6 		6.463
v 22.284 		74.5 		6.463
v 24.301 		72.942 		-0.077
v 24.472 		73.192 		-0.079
v 25.0132 		85.3325 		-0.5472
v 25.0152 		85.333 		-0.5473
v 25.039 		85.31 		-0.548
v 21.466 		79.909 		-0.854
v 19.633 		77.071 		-0.493
v 36.864 		92.16 		0
v 21.4662 		79.872 		-0.8531
v 36.984 		91.547 		-0.211
v 37.024 		91.58 		-0.765
v 37.337 		90.3 		-0.228
v 21.466 		79.909 		-0.854
v 24.907 		85.248 		-0.545
v 21.466 		79.909 		-0.854
v 33.64 		80.886 		-0.827
v 33.594 		80.886 		-0.798
v 25.0379 		85.3371 		-0.5476
v 19.6332 		77.071 		-0.493
v 23.801 		73.359 		-0.062
v 21.466 		79.912 		-0.854
v 24.771 		85.468 		-0.543
v 37.243 		90.947 		-0.222
v 19.6342 		77.071 		-0.493
v 23.807 		72.935 		-0.066
v 37.371 		90.34 		-0.782
v 37.277 		90.987 		-0.777
v 33.684 		80.893 		-0.905
v 24.776 		85.442 		-0.591
v 27.056 		80.549 		-0.076
v 33.704 		80.893 		-0.91
v 33.671 		80.893 		-0.897
v 24.776 		85.475 		-0.603
v 24.776 		85.462 		-0.596
v 21.469 		79.916 		-0.928
v 21.469 		79.915 		-0.917
v 36.219 		90.209 		0
v 36.265 		90.352 		0
v 36.293 		90.5 		0
v 36.303 		90.65 		0
v 36.293 		90.8 		0
v 36.265 		90.948 		0
v 21.469 		79.916 		-0.9275
v 36.219 		91.091 		0
v 29.8848 		74.0044 		0
v 29.8843 		74.0567 		0
v 29.885 		73.984 		0
v 24.776 		85.206 		-0.591
v 35.056 		91.793 		0
v 35.2 		91.803 		0
v 29.8825 		74.1165 		0
v 29.884 		73.984 		0
v 19.497 		77.073 		-0.49
v 34.915 		91.763 		0
v 24.955 		85.208 		-0.547
v 33.576 		80.893 		-0.935
v 19.497 		77.077 		-0.49
v 19.456 		77.0739 		-0.4891
v 19.456 		77.0753 		-0.4885
v 36.155 		91.226 		0
v 36.075 		91.352 		0
v 29.753 		74.08 		-0.189
v 35.98 		91.465 		0
v 35.871 		91.564 		0
v 35.751 		91.648 		0
v 33.537 		80.893 		-0.906
v 35.622 		91.715 		0
v 35.485 		91.763 		0
v 35.344 		91.793 		0
v 24.808 		85.206 		-0.544
v 19.579 		77.071 		-0.492
v 24.778 		85.206 		-0.5433
v 21.467 		80.105 		-0.925
v 24.8253 		85.2332 		-0.5439
v 24.7771 		85.2384 		-0.543
v 21.466 		80.104 		-0.911
v 24.7773 		85.2322 		-0.5431
v 19.496 		77.064 		-0.493
v 24.778 		85.2075 		-0.5433
v 29.96 		73.844 		-0.196
v 33.5 		80.886 		-0.836
v 33.467 		80.886 		-0.823
v 21.469 		79.916 		-0.927
v 30.146 		73.784 		-0.2
v 23.387 		73.353 		-0.054
v 33.487 		80.886 		-0.829
v 29.887 		73.952 		-0.022
v 29.887 		73.952 		-0.023
v 29.886 		73.952 		-0.023
v 29.8844 		73.9502 		0
v 29.8853 		73.9502 		0
v 29.8843 		73.9502 		0
v 25.2522 		84.992 		0
v 24.8809 		83.968 		0
v 23.388 		73.353 		-0.054
v 21.47 		79.916 		-0.927
v 33.316 		80.882 		-0.769
v 23.388 		73.298 		-0.054
v 29.8853 		73.952 		0
v 29.8843 		73.9503 		0
v 29.8841 		73.9712 		0
v 28.204 		83.912 		-0.63
v 23.417 		73.353 		-0.055
v 19.636 		77.039 		-0.511
v 29.887 		73.95 		-0.023
v 29.89 		73.95 		-0.023
v 23.539 		73.202 		-0.058
v 23.394 		72.928 		-0.057
v 23.3904 		73.1529 		-0.0552
v 23.39 		73.1751 		-0.0549
v 29.86 		73.919 		-0.192
v 28.52 		83.663 		-0.639
v 24.179 		79.872 		-0.8742
v 24.179 		79.36 		-0.8789
v 23.865 		79.727 		-0.567
v 33.495 		80.886 		-0.774
v 19.636 		77.045 		-0.502
v 28.21 		83.521 		-0.635
v 35.471 		92.685 		-0.167
v 34.831 		92.76 		-0.152
v 33.647 		80.448 		-0.832
v 33.601 		80.442 		-0.803
v 36.071 		92.443 		-0.183
v 19.636 		77.039 		-0.506
v 28.268 		83.521 		-0.702
v 28.214 		83.521 		-0.702
v 22.621 		73.703 		-0.032
v 30.581 		74.673 		-0.757
v 23.714 		79.616 		-0.5647
v 23.7111 		79.872 		-0.5626
v 35.512 		92.726 		-0.722
v 30.56 		74.646 		-0.955
v 34.872 		92.8 		-0.706
v 33.677 		80.455 		-0.902
v 33.691 		80.455 		-0.91
v 19.496 		77.053 		-0.496
v 19.496 		77.047 		-0.497
v 19.496 		77.038 		-0.503
v 36.105 		92.483 		-0.738
v 30.694 		74.478 		-0.761
v 23.001 		73.71 		-0.041
v 33.71 		80.455 		-0.915
v 23.7169 		79.36 		-0.5669
v 22.814 		73.663 		-0.039
v 29.941 		74.64 		-0.94
v 33.789 		80.462 		-0.968
v 29.747 		74.309 		-0.742
v 29.847 		74.613 		-0.743
v 19.491 		77.045 		-0.656
v 33.662 		80.455 		-0.959
v 33.544 		80.448 		-0.911
v 33.583 		80.455 		-0.94
v 19.491 		77.052 		-0.656
v 19.49 		77.047 		-0.683
v 36.584 		92.059 		-0.197
v 19.487 		77.051 		-0.757
v 36.625 		92.092 		-0.751
v 19.65 		77.049 		-0.722
v 36.155 		91.226 		-0.195
v 36.1848 		91.1631 		-0.1963
v 30.567 		74.02 		-0.96
v 36.075 		91.352 		-0.192
v 19.487 		77.052 		-0.763
v 22.788 		73.71 		-0.591
v 35.9989 		91.4425 		-0.1894
v 28.174 		83.519 		-0.632
v 28.2565 		83.521 		-0.634
v 30.434 		73.865 		-0.761
v 30.247 		73.818 		-0.757
v 28.257 		83.5209 		-0.634
v 28.257 		83.521 		-0.634
v 22.975 		73.723 		-0.595
v 35.98 		91.465 		-0.1888
v 35.871 		91.564 		-0.1857
v 30.634 		74.02 		-0.764
v 33.506 		80.448 		-0.839
v 33.467 		80.442 		-0.826
v 23.9823 		79.872 		-0.8702
v 23.9918 		79.36 		-0.8749
v 30.72 		74.195 		-0.764
v 28.223 		83.925 		-0.85
v 33.493 		80.448 		-0.831
v 27.7692 		83.6185 		-0.6231
v 27.816 		83.512 		-0.625
v 27.7461 		83.6055 		-0.6225
v 27.8219 		83.6562 		-0.6238
v 30.06 		73.858 		-0.753
v 29.9 		73.959 		-0.749
v 36.211 		91.196 		-0.751
v 36.011 		91.452 		-0.744
v 35.9128 		91.526 		-0.7414
v 35.871 		91.564 		-0.7402
v 29.954 		74.013 		-0.945
v 22.2515 		72.9055 		0
v 22.2504 		72.9812 		0
v 22.2457 		73.3299 		0
v 22.2515 		72.9055 		0
v 36.011 		91.452 		-0.744
v 36.011 		91.452 		-0.744
v 22.016 		72.9019 		0
v 22.2255 		72.9051 		0
v 19.487 		77.194 		-0.778
v 19.486 		77.194 		-0.79
v 22.2289 		73.3297 		0
v 22.016 		73.327 		0
v 24.19 		79.35 		-0.577
v 24.19 		79.35 		-0.579
v 21.8734 		73.3252 		0
v 21.8272 		73.3245 		0
v 21.8286 		73.216 		0
v 36.011 		91.452 		-0.744
v 21.8331 		72.8992 		0
v 24.19 		79.279 		-0.579
v 21.8332 		72.8992 		0
v 24.19 		79.281 		-0.579
v 24.19 		79.291 		-0.578
v 24.19 		79.285 		-0.578
v 21.8331 		72.9018 		0
v 28.029 		83.73 		-0.848
v 21.8331 		72.901 		0
v 27.836 		83.723 		-0.832
v 21.8314 		73.0113 		0
v 21.8322 		72.9577 		0
v 28.03 		83.723 		-0.829
v 33.502 		80.442 		-0.778
v 24.19 		79.2809 		-0.578
v 21.8909 		72.9 		0
v 21.3346 		73.3183 		0
v 21.2934 		73.3175 		0
v 21.1979 		73.3161 		0
v 24.1862 		79.2809 		-0.5779
v 21.3346 		73.318 		0
v 36.1824 		91.1681 		-0.3643
v 36.155 		91.226 		-0.4995
v 36.075 		91.352 		-0.638
v 24.1885 		79.2809 		-0.578
v 21.3356 		73.2402 		0
v 19.653 		77.092 		-0.795
v 29.794 		74.121 		-0.746
v 19.653 		77.106 		-0.795
v 21.3358 		73.216 		0
v 21.3356 		73.2287 		0
v 21.208 		73.728 		0
v 21.0205 		73.3136 		0
v 21.0738 		73.4314 		0
v 20.992 		73.2459 		0
v 20.9954 		73.2581 		0
v 33.233 		80.886 		-0.817
v 21.0137 		73.3135 		0
v 21.0031 		73.2927 		0
v 30.397 		74.653 		-1.053
v 30.117 		74.646 		-1.045
v 21.003 		73.2853 		0
v 20.992 		73.2709 		0
v 35.9725 		91.4718 		-0.6721
v 36 		91.4412 		-0.5947
v 35.98 		91.465 		-0.6629
v 24.189 		79.261 		-0.587
v 24.189 		79.259 		-0.589
v 24.189 		79.259 		-0.594
v 24.188 		79.261 		-0.63
v 33.24 		80.442 		-0.82
v 21.3406 		72.8951 		0
v 30.403 		74.026 		-1.058
v 33.235 		80.877 		-0.767
v 30.13 		74.02 		-1.05
v 27.837 		83.723 		-0.825
v 29.1849 		73.728 		0
v 29.1932 		74.752 		0
v 35.0825 		91.7948 		-0.1646
v 35.1052 		91.7964 		-0.1651
v 35.056 		91.793 		-0.1641
v 34.915 		91.763 		-0.1615
v 19.653 		77.059 		-0.788
v 33.235 		80.88 		-0.767
v 35.344 		91.793 		-0.1716
v 27.6946 		83.9031 		-0.619
v 21.3406 		72.8932 		0
v 33.242 		80.435 		-0.772
v 21.3398 		72.8932 		0
v 20.992 		72.8886 		0
v 19.653 		77.059 		-0.784
v 35.732 		91.6579 		-0.1821
v 35.622 		91.715 		-0.179
v 35.485 		91.763 		-0.1754
v 35.4494 		91.7706 		-0.1745
v 21.3359 		73.2087 		0
v 33.237 		80.757 		-0.768
v 21.3362 		73.1871 		0
v 20.9765 		73.216 		0
v 20.991 		73.2423 		0
v 20.964 		73.216 		0
v 19.653 		77.058 		-0.779
v 24.186 		79.266 		-0.672
v 28.185 		83.26 		-0.635
v 28.263 		83.2263 		-0.637
v 24.186 		79.264 		-0.672
v 20.8309 		72.96 		0
v 20.8308 		72.9652 		0
v 20.8568 		73.0406 		0
v 20.8732 		73.0592 		0
v 20.8976 		73.0728 		0
v 24.064 		79.263 		-0.668
v 20.953 		73.1733 		0
v 20.9427 		73.1741 		0
v 20.926 		73.1244 		0
v 20.9325 		73.1541 		0
v 20.9245 		73.1161 		0
v 20.924 		73.115 		0
v 28.263 		83.225 		-0.637
v 20.9245 		73.1174 		0
v 20.9051 		73.0769 		0
v 20.9252 		73.1173 		0
v 20.9246 		73.1161 		0
v 20.9252 		73.1204 		0
v 33.237 		80.88 		-0.767
v 20.9246 		73.1176 		0
v 19.653 		77.058 		-0.781
v 20.9172 		73.0837 		0
v 35.4141 		91.7781 		-0.1736
v 20.9248 		73.0879 		0
v 20.9249 		73.0758 		0
v 20.9259 		72.9807 		0
v 20.925 		73.088 		0
v 20.9263 		72.96 		0
v 20.8311 		72.952 		0
v 20.8316 		72.9292 		0
v 20.8325 		72.8877 		0
v 20.8323 		72.8988 		0
v 20.9278 		72.8888 		0
v 20.9277 		72.8878 		0
v 20.9279 		72.8878 		0
v 20.9354 		72.8879 		0
v 19.642 		77.059 		-0.783
v 20.736 		72.8864 		0
v 20.7586 		72.8867 		0
v 35.751 		91.648 		-0.1825
v 35.7673 		91.6366 		-0.183
v 20.7958 		72.8872 		0
v 20.65 		72.8853 		0
v 28.217 		83.225 		-0.638
v 28.2605 		83.3508 		-0.6359
v 35.751 		91.648 		-0.737
v 35.397 		79.545 		-0.96
v 22.254 		72.908 		-0.031
v 35.426 		79.539 		-0.889
v 22.248 		73.332 		-0.028
v 24.21 		79.276 		-0.821
v 35.356 		79.545 		-0.986
v 35.622 		91.715 		-0.7334
v 35.485 		91.763 		-0.7298
v 35.4519 		91.77 		-0.729
v 35.4511 		91.7702 		-0.729
v 35.459 		79.539 		-0.879
v 35.686 		79.545 		-0.882
v 35.2 		91.803 		-0.7219
v 35.1583 		91.8001 		-0.7208
v 35.131 		91.803 		-0.72
v 35.344 		91.793 		-0.7259
v 35.681 		79.539 		-0.834
v 19.487 		77.059 		-0.778
v 19.486 		77.063 		-0.782
v 35.1454 		91.7992 		-0.692
v 19.486 		77.075 		-0.786
v 19.486 		77.088 		-0.791
v 28.268 		83.231 		-0.704
v 35.354 		79.539 		-0.838
v 35.0691 		91.7939 		-0.7187
v 35.421 		79.539 		-0.829
v 35.0406 		91.7897 		-0.718
v 19.5026 		77.0631 		-0.7823
v 19.486 		77.0635 		-0.7821
v 19.486 		77.0635 		-0.7822
v 19.486 		77.101 		-0.791
v 35.1036 		91.7963 		-0.6773
v 21.828 		73.326 		-0.018
v 34.915 		91.763 		-0.585
v 35.2 		91.803 		-0.1676
v 28.221 		83.225 		-0.705
v 21.834 		72.901 		-0.023
v 21.834 		72.903 		-0.023
v 21.833 		72.968 		-0.022
v 19.653 		77.052 		-0.779
v 35.056 		91.793 		-0.7184
v 35.126 		91.7979 		-0.6504
v 36.297 		90.859 		-0.2
v 21.888 		72.904 		-0.024
v 19.377 		77.805 		-0.481
v 19.3766 		77.824 		-0.4808
v 35.279 		79.539 		-0.875
v 19.377 		77.787 		-0.481
v 24.181 		79.35 		-0.82
v 36.31 		90.212 		-0.206
v 24.181 		79.276 		-0.82
v 24.181 		79.276 		-0.82
v 24.181 		79.275 		-0.82
v 35.143 		79.539 		-0.956
v 24.064 		79.273 		-0.815
v 35.257 		79.545 		-0.946
v 21.279 		73.318 		-0.006
v 21.2785 		73.3177 		-0.006
v 21.2786 		73.3177 		-0.006
v 21.2789 		73.3177 		-0.006
v 19.33 		77.625 		-0.503
v 19.333 		77.625 		-0.503
v 35.25 		79.545 		-0.952
v 35.282 		79.545 		-1.004
v 36.2698 		90.9226 		-0.1991
v 24.181 		79.276 		-0.826
v 36.265 		90.948 		-0.1989
v 36.219 		91.091 		-0.1973
v 35.161 		79.545 		-1.005
v 19.37 		77.621 		-0.483
v 19.443 		77.625 		-0.484
v 19.426 		77.625 		-0.484
v 19.4162 		77.625 		-0.4836
v 19.4237 		77.5895 		-0.4841
v 21.336 		73.237 		-0.008
v 19.4344 		77.568 		-0.4845
v 21.336 		73.225 		-0.008
v 19.425 		77.5828 		-0.4842
v 19.4216 		77.5896 		-0.4841
v 19.4326 		77.568 		-0.4845
v 19.388 		77.625 		-0.4832
v 21.1832 		73.2632 		-0.0044
v 24.179 		79.35 		-0.879
v 21.192 		73.258 		-0.0046
v 24.179 		79.35 		-0.877
v 36.343 		90.536 		-0.204
v 21.2784 		73.3177 		-0.006
v 21.1778 		73.2702 		-0.0043
v 27.625 		83.9019 		-0.6175
v 19.375 		77.625 		-0.483
v 36.344 		90.253 		-0.76
v 36.384 		90.576 		-0.759
v 27.6447 		83.9022 		-0.618
v 24.179 		79.329 		-0.879
v 19.3825 		77.625 		-0.4831
v 21.292 		73.318 		-0.007
v 21.335 		73.319 		-0.008
v 24.128 		79.3259 		-0.8779
v 24.128 		79.3238 		-0.8779
v 24.179 		79.326 		-0.879
v 24.179 		79.324 		-0.879
v 19.379 		77.625 		-0.483
v 36.338 		90.9 		-0.755
v 21.341 		72.894 		-0.01
v 24.128 		79.3282 		-0.8779
v 27.63 		83.508 		-0.62
v 27.63 		83.508 		-0.622
v 27.59 		83.501 		-0.62
v 27.61 		83.504 		-0.62
v 24.179 		79.317 		-0.878
v 36.265 		90.948 		-0.2563
v 36.2251 		91.072 		-0.3793
v 24.128 		79.3238 		-0.8779
v 36.219 		91.091 		-0.3985
v 27.578 		83.493 		-0.619
v 34.778 		91.715 		0
v 34.649 		91.648 		0
v 21.249 		73.205 		-0.006
v 34.529 		91.564 		0
v 34.42 		91.465 		0
v 34.325 		91.352 		0
v 34.245 		91.226 		0
v 34.181 		91.091 		0
v 34.135 		90.948 		0
v 34.107 		90.8 		0
v 34.098 		90.65 		0
v 21 		72.891 		-0.004
v 24.996 		77.059 		-0.781
v 34.107 		90.5 		0
v 34.135 		90.352 		0
v 35.181 		78.292 		-1.017
v 34.181 		90.209 		0
v 35.133 		78.319 		-0.863
v 26.248 		81.917 		-0.67
v 26.301 		81.917 		-0.672
v 24.179 		79.332 		-0.88
v 25.403 		77.066 		-0.784
v 25.002 		77.052 		-0.614
v 25.389 		77.052 		-0.623
v 26.266 		81.917 		-0.603
v 19.408 		77.194 		-0.487
v 25.017 		77.059 		-0.775
v 35.148 		78.353 		-1.2
v 26.303 		81.52 		-0.608
v 26.297 		81.917 		-0.605
v 19.381 		77.194 		-0.486
v 25.002 		77.052 		-0.62
v 27.557 		83.487 		-0.619
v 19.381 		77.264 		-0.485
v 25.34 		77.052 		-0.622
v 24.18 		79.279 		-0.866
v 26.407 		81.918 		-0.606
v 19.383 		77.194 		-0.486
v 33.817 		79.033 		-0.93
v 24.064 		79.2771 		-0.8625
v 24.1334 		79.2782 		-0.864
v 33.808 		79.033 		-0.98
v 24.18 		79.279 		-0.863
v 24.18 		79.279 		-0.865
v 26.244 		81.917 		-0.602
v 19.4297 		77.074 		-0.4883
v 19.45 		77.074 		-0.489
v 19.422 		77.075 		-0.488
v 19.4348 		77.075 		-0.4885
v 19.431 		77.0747 		-0.4883
v 26.316 		81.54 		-0.827
v 26.509 		81.735 		-0.829
v 33.627 		79.02 		-0.813
v 19.429 		77.074 		-0.489
v 20.926 		72.982 		-0.002
v 20.925 		73.077 		-0.001
v 33.666 		79.02 		-0.842
v 19.449 		77.076 		-0.489
v 33.548 		79.02 		-0.794
v 20.969 		73.104 		-0.001
v 23.969 		79.343 		-0.572
v 23.97 		79.303 		-0.572
v 28.6675 		75.0645 		0
v 28.6697 		75.0645 		0
v 28.672 		75.0646 		0
v 28.672 		75.49 		0
v 28.6501 		75.4896 		0
v 28.2818 		75.0649 		0
v 28.275 		75.4837 		0
v 28.275 		75.4839 		0
v 28.2759 		75.425 		0
v 33.723 		79.026 		-0.924
v 33.682 		79.033 		-0.971
v 33.622 		79.026 		-0.958
v 34.477 		91.587 		-0.153
v 34.771 		91.715 		-0.159
v 23.97 		79.304 		-0.573
v 34.224 		91.385 		-0.149
v 19.435 		77.0752 		-0.4883
v 27.019 		75.0461 		0
v 27.131 		75.0477 		0
v 27.1439 		75.0477 		0
v 19.4364 		77.0753 		-0.4883
v 33.57 		79.026 		-0.926
v 33.704 		79.026 		-0.915
v 26.7293 		75.0416 		0
v 26.503 		81.735 		-0.813
v 26.7293 		75.042 		0
v 26.7292 		75.0483 		0
v 26.7225 		75.4666 		0
v 26.7225 		75.4661 		0
v 19.4358 		77.0752 		-0.4883
v 26.7238 		75.3957 		0
v 26.7249 		75.3195 		0
v 23.97 		79.296 		-0.573
v 23.97 		79.301 		-0.573
v 23.97 		79.302 		-0.573
v 23.97 		79.303 		-0.573
v 27.1371 		75.4713 		0
v 27.1371 		75.4721 		0
v 27.1391 		75.3492 		0
v 27.1371 		75.4721 		0
v 27.0068 		75.4702 		0
v 26.8565 		75.4683 		0
v 26.7232 		75.4666 		0
v 33.533 		79.02 		-0.851
v 34.7831 		91.7168 		-0.1592
v 33.519 		79.02 		-0.844
v 28.0339 		74.24 		0
v 28.0307 		74.3971 		0
v 25.897 		81.91 		-0.595
v 33.5 		79.02 		-0.841
v 28.0298 		74.4485 		0
v 28.0297 		74.4656 		0
v 28.0287 		74.5446 		0
v 28.0298 		74.4502 		0
v 19.385 		77.079 		-0.487
v 28.0278 		74.5446 		0
v 34.071 		91.163 		-0.701
v 34.265 		91.425 		-0.704
v 27.9709 		74.544 		0
v 27.9772 		74.5441 		0
v 27.9779 		74.5441 		0
v 34.518 		91.627 		-0.708
v 27.9238 		74.5435 		0
v 27.7124 		74.5414 		0
v 27.648 		74.5408 		0
v 27.177 		83.537 		-0.61
v 27.8935 		74.5432 		0
v 27.7127 		74.5414 		0
v 19.39 		77.079 		-0.486
v 27.8795 		74.543 		0
v 28.0402 		73.925 		0
v 33.266 		79.013 		-0.832
v 28.0402 		73.9243 		0
v 33.261 		79.013 		-0.784
v 34.811 		91.756 		-0.713
v 34.7942 		91.7207 		-0.1951
v 19.385 		77.077 		-0.487
v 19.388 		77.073 		-0.487
v 20.928 		72.889 		-0.002
v 33.847 		78.299 		-0.834
v 33.821 		78.272 		-0.986
v 20.928 		72.888 		-0.003
v 20.928 		72.889 		-0.003
v 33.882 		78.332 		-1.172
v 33.815 		78.588 		-0.983
v 27.8965 		73.9209 		0
v 27.959 		73.9227 		0
v 27.6838 		73.917 		0
v 34.031 		91.122 		-0.147
v 33.917 		90.826 		-0.147
v 27.6629 		73.9166 		0
v 27.648 		73.9163 		0
v 33.877 		90.495 		-0.148
v 19.356 		77.052 		-0.503
v 19.361 		77.042 		-0.504
v 33.823 		78.588 		-0.933
v 19.376 		77.032 		-0.504
v 27.4177 		74.3835 		0
v 27.4191 		74.24 		0
v 27.4164 		74.4895 		0
v 27.4168 		74.4651 		0
v 33.964 		90.212 		-0.707
v 33.918 		90.536 		-0.703
v 23.97 		79.276 		-0.575
v 33.924 		90.179 		-0.152
v 27.4154 		74.5385 		0
v 27.4162 		74.5385 		0
v 19.344 		77.561 		-0.651
v 33.951 		90.859 		-0.702
v 27.5739 		74.54 		0
v 19.342 		77.625 		-0.634
v 25.609 		80.408 		-0.616
v 25.626 		80.428 		-0.886
v 25.603 		80.435 		-0.616
v 26.85 		83.494 		-0.603
v 23.9707 		79.2738 		-0.576
v 27.4222 		73.9112 		0
v 19.365 		77.07 		-0.742
v 27.4222 		73.9141 		0
v 19.362 		77.063 		-0.651
v 27.4222 		73.9141 		0
v 23.9707 		79.276 		-0.575
v 23.9708 		79.2759 		-0.575
v 23.97 		79.289 		-0.572
v 19.3662 		77.0694 		-0.7462
v 26.908 		83.472 		-0.605
v 25.6 		80.468 		-0.885
v 25.613 		80.455 		-0.886
v 26.85 		83.494 		-0.604
v 27.4261 		73.9112 		0
v 19.364 		77.059 		-0.651
v 26.921 		83.457 		-0.605
v 19.367 		77.069 		-0.749
v 23.97 		79.287 		-0.573
v 23.936 		79.2872 		-0.5722
v 20.65 		74.5 		6.463
v 20.65 		73.6 		6.463
v -56.7 		104.6 		4
v -56.7 		104.6 		0
v -56.7 		-95.4 		0
v -56.7 		-95.4 		4
v 17.627 		91.23 		0
v 34.915 		89.537 		0
v 35.056 		89.507 		0
v 19.366 		77.07 		-0.747
v 23.971 		79.276 		-0.575
v 35.2 		89.498 		0
v 23.97 		79.2761 		-0.575
v 35.344 		89.507 		0
v 35.485 		89.537 		0
v 25.613 		80.442 		-0.895
v 35.622 		89.585 		0
v 17.627 		72.8 		0
v 35.751 		89.652 		0
v 35.871 		89.736 		0
v 35.98 		89.835 		0
v 36.075 		89.948 		0
v 28.454 		75.074 		-0.153
v 19.348 		77.194 		-0.651
v 36.155 		90.074 		0
v 28.294 		75.071 		-0.149
v 18.432 		92.8 		0
v 19.245 		90.074 		4
v 19.325 		89.948 		4
v 19.42 		89.835 		4
v 19.529 		89.736 		4
v 19.649 		89.652 		4
v 26.67 		83.703 		-0.807
v 25.569 		80.455 		-0.614
v 25.556 		80.455 		-0.614
v 26.67 		83.703 		-0.8
v 19.35 		77.194 		-0.651
v 19.181 		91.091 		4
v 19.135 		90.948 		4
v 19.3656 		77.0594 		-0.6514
v 19.107 		90.8 		4
v 19.098 		90.65 		4
v 19.369 		77.056 		-0.6518
v 19.107 		90.5 		4
v 19.356 		77.075 		-0.651
v 28.287 		75.495 		-0.144
v 19.135 		90.352 		4
v 19.181 		90.209 		4
v 23.9707 		79.274 		-0.576
v 19.356 		77.077 		-0.651
v 19.649 		91.648 		4
v 19.529 		91.564 		4
v 19.42 		91.465 		4
v 27.637 		83.211 		-0.624
v 19.325 		91.352 		4
v 19.357 		77.194 		-0.746
v 27.604 		83.285 		-0.622
v 19.245 		91.226 		4
v 27.633 		83.394 		-0.621
v 19.75 		73.6 		4
v 19.75 		74.5 		4
v 27.768 		74.781 		-0.693
v 23.9707 		79.276 		-0.575
v 27.894 		74.761 		-0.698
v 19.359 		77.074 		-0.682
v 25.569 		80.455 		-0.612
v 33.634 		78.575 		-0.818
v 33.673 		78.582 		-0.847
v 23.9716 		79.2738 		-0.576
v 23.9716 		79.274 		-0.576
v 25.583 		80.448 		-0.615
v 33.554 		78.575 		-0.799
v 35.997 		89.646 		-0.204
v 26.734 		75.051 		-0.113
v 27.108 		75.057 		-0.122
v 36.19 		89.909 		-0.206
v 25.563 		80.442 		-0.603
v 36.231 		89.95 		-0.761
v 25.589 		80.435 		-0.608
v 36.037 		89.687 		-0.759
v 19.371 		77.054 		-0.652
v 33.539 		78.582 		-0.856
v 19.404 		77.052 		-0.653
v 19.3692 		77.0558 		-0.6518
v 25.596 		80.408 		-0.606
v 19.397 		77.043 		-0.652
v 35.13 		89.269 		-0.187
v 35.743 		89.444 		-0.2
v 19.382 		77.047 		-0.652
v 19.389 		77.043 		-0.652
v 33.616 		78.588 		-0.955
v 33.71 		78.588 		-0.917
v 35.45 		89.316 		-0.194
v 33.57 		78.582 		-0.926
v 27.154 		75.057 		-0.123
v 33.723 		78.588 		-0.927
v 25.576 		80.408 		-0.601
v 25.576 		80.421 		-0.601
v 27.433 		83.161 		-0.619
v 23.976 		79.256 		-0.589
v 26.727 		75.475 		-0.11
v 26.731 		75.272 		-0.112
v 23.976 		79.256 		-0.584
v 25.556 		80.435 		-0.6
v 33.695 		78.588 		-0.977
v 25.556 		80.423 		-0.599
v 19.649 		91.648 		0.179
v 19.7471 		91.6989 		0.1771
v 19.75 		91.7005 		0.1771
v 19.529 		91.564 		0.1811
v 19.5021 		91.5396 		0.1816
v 23.9746 		79.2635 		-0.5813
v 19.42 		91.465 		0.1829
v 19.4752 		91.5151 		0.182
v 19.3989 		91.4399 		0.1832
v 25.567 		80.415 		-0.599
v 19.3989 		91.4399 		0.1832
v 25.567 		80.408 		-0.599
v 35.784 		89.485 		-0.754
v 35.491 		89.357 		-0.749
v 33.506 		78.575 		-0.843
v 26.997 		83.393 		-0.609
v 26.729 		75.475 		-0.11
v 33.526 		78.575 		-0.848
v 19.3989 		91.4399 		0.1824
v 35.171 		89.309 		-0.742
v 26.982 		83.418 		-0.607
v 25.3562 		80.4184 		-0.595
v 25.354 		80.413 		-0.595
v 19.432 		77.194 		-0.789
v 19.41 		77.194 		-0.788
v 34.851 		89.343 		-0.736
v 25.3559 		80.4183 		-0.595
v 19.398 		77.194 		-0.788
v 27.147 		75.482 		-0.12
v 19.399 		91.44 		0.1807
v 19.362 		77.194 		-0.773
v 19.365 		77.194 		-0.777
v 26.98 		83.356 		-0.607
v 19.371 		77.194 		-0.782
v 23.8478 		79.2876 		-0.57
v 23.808 		79.2878 		-0.5691
v 19.365 		77.194 		-0.778
v 19.325 		91.352 		0
v 19.245 		91.226 		0
v 19.4062 		91.4486 		0
v 26.956 		83.244 		-0.607
v 26.958 		83.246 		-0.607
v 26.957 		83.245 		-0.608
v 26.956 		83.247 		-0.607
v 33.273 		78.575 		-0.837
v 33.2672 		78.6186 		-0.7858
v 33.268 		78.568 		-0.7862
v 33.2689 		78.568 		-0.7862
v 26.984 		83.278 		-0.608
v 26.989 		83.298 		-0.608
v 33.2764 		78.5682 		-0.7864
v 25.316 		80.455 		-0.606
v 25.245 		80.454 		-0.604
v 19.399 		77.099 		-0.789
v 25.316 		80.4082 		-0.594
v 19.413 		77.099 		-0.789
v 19.181 		91.091 		0
v 19.399 		77.086 		-0.789
v 23.717 		79.35 		-0.567
v 23.723 		79.296 		-0.566
v 19.135 		90.948 		0
v 23.703 		79.296 		-0.57
v 19.107 		90.8 		0
v 26.857 		83.204 		-0.606
v 19.098 		90.65 		0
v 27.851 		74.547 		-0.062
v 19.107 		90.5 		0
v 23.718 		79.296 		-0.567
v 19.135 		90.352 		0
v 25.316 		80.401 		-0.594
v 19.181 		90.209 		0
v 19.393 		77.066 		-0.781
v 25.316 		80.4104 		-0.5941
v 25.316 		80.4157 		-0.5941
v 19.75 		92.5015 		0
v 19.4317 		92.4547 		0
v 37.5305 		75.776 		0
v 28.187 		74.437 		-0.152
v 25.316 		80.428 		-0.596
v 25.339 		80.402 		-0.594
v 18.7995 		92.161 		0
v 18.7982 		92.16 		0
v 27.914 		74.7 		-0.143
v 19.2089 		92.3528 		0
v 18.6289 		92.0235 		0
v 18.432 		91.8676 		0
v 19.098 		91.2715 		0
v 19.1347 		91.3006 		0
v 37.486 		74.99 		-0.355
v 37.559 		75.637 		-0.353
v 25.3164 		80.384 		-0.5942
v 28.08 		74.599 		-0.149
v 18.9435 		91.136 		0
v 18.9671 		91.1674 		0
v 19.3789 		91.437 		0
v 19.3364 		91.4189 		0
v 19.2221 		91.3702 		0
v 19.2038 		91.3561 		0
v 19.2205 		91.3695 		0
v 23.763 		79.288 		-0.568
v 19.362 		77.099 		-0.773
v 19.366 		77.099 		-0.778
v 23.744 		79.2885 		-0.5675
v 19.373 		77.099 		-0.783
v 25.316 		80.455 		-0.61
v 19.387 		77.059 		-0.774
v 28.223 		82.881 		-0.64
v 28.27 		82.881 		-0.64
v 25.13 		80.398 		-0.59
v 19.367 		77.081 		-0.774
v 34.245 		90.074 		0
v 34.325 		89.948 		0
v 34.42 		89.835 		0
v 34.529 		89.736 		0
v 34.649 		89.652 		0
v 19.38 		77.086 		-0.783
v 34.778 		89.585 		0
v 18.6444 		90.112 		0
v 18.6201 		90.2801 		0
v 18.647 		90.4921 		0
v 18.8052 		90.9443 		0
v 18.9005 		91.079 		0
v 28.263 		82.881 		-0.64
v 37.526 		75.03 		-0.91
v 37.6 		75.677 		-0.908
v 18.7392 		90.8015 		0
v 18.7788 		90.9069 		0
v 19.369 		77.075 		-0.774
v 18.6613 		90.605 		0
v 18.6609 		90.6039 		0
v 18.3356 		91.7912 		0
v 18.1875 		91.5903 		0
v 17.9532 		91.2702 		0
v 17.6531 		90.112 		0
v 19.373 		77.071 		-0.774
v 17.6872 		90.4131 		0
v 17.7159 		90.6632 		0
v 17.7141 		90.6475 		0
v 17.8631 		91.0354 		0
v 19.454 		92.477 		-0.364
v 19.367 		77.072 		-0.771
v 25.586 		80.475 		-0.887
v 23.723 		79.269 		-0.571
v 18.821 		92.187 		-0.351
v 23.723 		79.289 		-0.567
v 25.579 		80.428 		-0.901
v 23.719 		79.294 		-0.567
v 25.586 		80.442 		-0.899
v 19.537 		91.5696 		-0.3735
v 19.649 		91.648 		-0.3751
v 36.906 		73.898 		-0.907
v 36.865 		73.865 		-0.352
v 19.4329 		91.4767 		-0.3718
v 19.42 		91.465 		-0.2392
v 28.274 		82.888 		-0.707
v 19.4074 		91.45 		-0.0294
v 28.228 		82.881 		-0.707
v 37.286 		74.424 		-0.911
v 19.529 		91.564 		-0.3734
v 19.4 		77.052 		-0.772
v 19.5142 		91.5506 		-0.3731
v 37.252 		74.384 		-0.356
v 19.413 		77.052 		-0.773
v 25.333 		80.475 		-0.878
v 25.333 		80.468 		-0.883
v 18.994 		91.189 		-0.364
v 23.716 		79.249 		-0.582
v 23.716 		79.249 		-0.584
v 23.729 		79.249 		-0.585
v 32.768 		89.088 		0
v 23.709 		79.256 		-0.582
v 23.709 		79.256 		-0.584
v 19.247 		91.392 		-0.368
v 25.333 		80.4327 		-0.895
v 25.333 		80.433 		-0.895
v 25.333 		80.4377 		-0.8931
v 25.333 		80.435 		-0.894
v 25.333 		80.427 		-0.8974
v 25.333 		80.435 		-0.894
v 25.333 		80.428 		-0.897
v 25.333 		80.4325 		-0.8951
v 23.696 		79.276 		-0.577
v 23.683 		79.296 		-0.583
v 34.51 		89.424 		-0.173
v 34.25 		89.619 		-0.164
v 28.22 		74.181 		-0.154
v 25.088 		80.4304 		-0.8893
v 34.05 		89.875 		-0.159
v 18.801 		90.933 		-0.362
v 34.81 		89.309 		-0.179
v 25.333 		80.4327 		-0.895
v 17.8448 		76.448 		0
v 25.333 		80.435 		-0.894
v 17.8548 		75.776 		0
v 18.647 		90.307 		-0.363
v 18.4956 		73.728 		0
v 18.432 		73.8098 		0
v 18.687 		90.63 		-0.363
v 17.8613 		75.3462 		0
v 17.8613 		75.3453 		0
v 17.8755 		75.2469 		0
v 17.954 		74.6998 		0
v 18.687 		90.63 		-0.362
v 25.333 		80.421 		-0.897
v 28.127 		73.946 		-0.155
v 18.2071 		74.099 		0
v 18.2211 		74.081 		0
v 18.2061 		74.1014 		0
v 17.9911 		74.6139 		0
v 25.333 		80.435 		-0.894
v 18.361 		91.816 		-0.344
v 28.268 		82.632 		-0.642
v 17.974 		91.291 		-0.34
v 27.747 		73.743 		-0.149
v 17.741 		90.684 		-0.341
v 27.927 		73.784 		-0.15
v 34.291 		89.66 		-0.718
v 34.091 		89.916 		-0.714
v 24.9588 		80.4497 		-0.599
v 24.9623 		80.4498 		-0.599
v 25.043 		80.451 		-0.6
v 25.043 		80.451 		-0.601
v 28.276 		82.59 		-0.642
v 24.9434 		80.4495 		-0.599
v 28.223 		82.584 		-0.643
v 24.8991 		80.4489 		-0.5985
v 17.89 		75.374 		-0.468
v 28.269 		82.584 		-0.642
v 17.983 		74.734 		-0.474
v 28.268 		82.599 		-0.642
v 34.551 		89.464 		-0.727
v 25.043 		80.406 		-0.588
v 18.243 		74.134 		-0.485
v 24.993 		80.41 		-0.587
v 36.3283 		75.2759 		0
v 36.3267 		75.3506 		0
v 36.3277 		75.5994 		0
v 36.3214 		75.5992 		0
v 36.1398 		75.2696 		0
v 36.1792 		75.2707 		0
v 36.1405 		74.8443 		0
v 36.1355 		75.1681 		0
v 36.1355 		75.1682 		0
v 36.134 		75.2694 		0
v 36.1665 		75.595 		0
v 36.1364 		75.5942 		0
v 19.6871 		72.9683 		0
v 19.6948 		72.9652 		0
v 19.7155 		72.957 		0
v 19.7159 		72.9569 		0
v 19.456 		73.0636 		0
v 19.6642 		72.9778 		0
v 19.75 		72.9531 		0
v 25.043 		80.397 		-0.588
v 36.1356 		75.5941 		0
v 19.7169 		72.9569 		0
v 36.129 		75.5941 		0
v 36.1417 		74.752 		0
v 19.245 		90.074 		0
v 19.325 		89.948 		0
v 19.42 		89.835 		0
v 19.529 		89.736 		0
v 19.649 		89.652 		0
v 23.992 		79.35 		-0.875
v 28.268 		74.289 		-0.709
v 28.277 		82.584 		-0.642
v 28.201 		74.532 		-0.706
v 19.3516 		73.1065 		0
v 19.545 		89.088 		0
v 19.1246 		73.2005 		0
v 19.456 		89.1241 		0
v 25.043 		80.451 		-0.604
v 24.7306 		80.4464 		-0.5968
v 25.041 		80.455 		-0.659
v 23.993 		79.296 		-0.873
v 23.993 		79.296 		-0.873
v 18.5859 		73.6118 		0
v 18.606 		73.586 		0
v 23.993 		79.309 		-0.873
v 19.1043 		73.216 		0
v 18.944 		73.3353 		0
v 19.0847 		73.2309 		0
v 23.993 		79.313 		-0.874
v 19.1237 		73.2012 		0
v 18.5654 		73.6382 		0
v 23.993 		79.323 		-0.875
v 36.0797 		75.5934 		0
v 19.098 		89.3247 		0
v 19.2515 		89.2072 		0
v 19.1715 		89.2678 		0
v 36.0797 		75.5934 		0
v 19.0068 		89.3952 		0
v 18.8622 		89.576 		0
v 18.7972 		89.6572 		0
v 18.7089 		89.855 		0
v 18.6669 		89.9563 		0
v 18.651 		90.0668 		0
v 35.84 		75.5904 		0
v 18.9968 		89.403 		0
v 28.094 		74.606 		-0.899
v 18.6668 		89.9565 		0
v 27.931 		74.613 		-0.997
v 25.033 		80.471 		-0.871
v 34.816 		75.578 		0
v 19.75 		89.06 		0
v 35.8006 		75.5899 		0
v 35.3612 		75.5838 		0
v 25.034 		80.469 		-0.849
v 19.156 		73.231 		-0.513
v 19.6426 		89.074 		0
v 19.5498 		89.0861 		0
v 19.5509 		89.0856 		0
v 17.6423 		90.0166 		0
v 17.6704 		88.064 		0
v 27.651 		74.613 		-0.991
v 36.1526 		73.9512 		0
v 36.1483 		74.2666 		0
v 19.58 		89.114 		-0.394
v 25.033 		80.461 		-0.878
v 36.1543 		73.728 		0
v 36.1533 		73.7947 		0
v 36.1526 		73.8627 		0
v 25.033 		80.464 		-0.876
v 19.02 		89.431 		-0.379
v 25.033 		80.469 		-0.872
v 19.28 		89.235 		-0.386
v 18.694 		89.983 		-0.367
v 18.82 		89.68 		-0.372
v 35.3984 		74.6497 		0
v 35.4147 		74.6483 		0
v 35.4149 		74.6479 		0
v 35.3675 		74.6473 		0
v 35.328 		74.6469 		0
v 35.328 		74.6483 		0
v 35.4138 		74.65 		0
v 35.4145 		74.6495 		0
v 18.642 		73.622 		-0.499
v 35.4145 		74.65 		0
v 35.4196 		74.24 		0
v 35.4178 		74.4366 		0
v 35.4166 		74.561 		0
v 35.418 		74.4971 		0
v 35.4164 		74.5706 		0
v 28.068 		74.673 		-0.702
v 35.4232 		74.24 		0
v 35.4192 		74.4366 		0
v 35.1816 		74.6454 		0
v 35.307 		74.6479 		0
v 23.993 		79.296 		-0.873
v 35.4211 		74.0885 		0
v 35.4217 		74.0227 		0
v 35.4263 		74.0885 		0
v 35.4277 		74.0227 		0
v 19.75 		73.6 		6.463
v 19.75 		74.5 		6.463
v 36.338 		75.287 		-0.158
v 36.339 		75.61 		-0.154
v 28.281 		82.591 		-0.709
v 20.622 		91.715 		0.1586
v 20.65 		91.7005 		0.1579
v 27.937 		73.993 		-1.001
v 20.485 		91.763 		0.1621
v 20.48 		91.7641 		0.1622
v 36.145 		75.28 		-0.154
v 20.622 		91.715 		-0.3958
v 28.228 		82.591 		-0.71
v 20.485 		91.763 		-0.3923
v 25.033 		80.43 		-0.888
v 25.033 		80.433 		-0.887
v 20.65 		92.556 		0
v 20.48 		92.5537 		0
v 23.993 		79.296 		-0.873
v 23.993 		79.296 		-0.873
v 36.098 		75.179 		-0.152
v 20.056 		91.793 		0.1719
v 20.115 		91.7971 		0.1709
v 19.915 		91.763 		0.1742
v 19.9261 		91.7654 		0.174
v 28.101 		73.986 		-0.903
v 19.778 		91.715 		0.1766
v 19.8699 		91.7472 		0.1749
v 27.781 		73.777 		-0.703
v 27.968 		73.824 		-0.705
v 36.112 		75.192 		-0.323
v 17.667 		90.037 		-0.343
v 36.1073 		75.5225 		-0.3214
v 35.8761 		75.6132 		-0.3155
v 36.106 		75.617 		-0.3206
v 25.033 		80.42 		-0.89
v 36.092 		75.603 		-0.15
v 17.6825 		87.2195 		0
v 28.277 		82.557 		-0.642
v 17.7315 		83.968 		0
v 35.686 		75.61 		-0.311
v 23.992 		79.326 		-0.875
v 35.672 		75.597 		-0.139
v 20.2 		91.803 		0.1689
v 20.344 		91.793 		0.1655
v 20.3008 		91.796 		0.1665
v 19.915 		91.763 		0
v 19.857 		92.5173 		0
v 27.664 		73.986 		-0.996
v 20.0668 		92.5479 		0
v 34.939 		74.808 		-0.301
v 20.094 		92.571 		-0.377
v 35.372 		74.788 		-0.311
v 35.126 		74.855 		-0.305
v 19.9043 		91.7592 		-0.3794
v 19.7948 		91.7209 		-0.3774
v 35.678 		75.172 		-0.144
v 19.915 		91.763 		-0.3796
v 28.208 		74.033 		-0.709
v 35.693 		75.185 		-0.313
v 19.778 		91.715 		-0.3771
v 20.3538 		91.7909 		-0.3891
v 20.344 		91.793 		-0.3889
v 23.993 		79.282 		-0.866
v 20.1586 		91.8001 		-0.3844
v 20.056 		91.793 		-0.3823
v 19.734 		84.335 		-0.437
v 24.007 		79.276 		-0.862
v 23.993 		79.276 		-0.861
v 20.2 		91.803 		-0.3854
v 28.234 		82.247 		-0.712
v 23.993 		79.276 		-0.859
v 28.287 		82.247 		-0.714
v 20.485 		89.537 		0
v 27.434 		74.626 		-0.133
v 20.622 		89.585 		0
v 20.48 		89.2223 		0
v 20.65 		89.3568 		0
v 20.4832 		89.2237 		0
v 20.513 		89.249 		-0.415
v 35.467 		74.788 		-0.865
v 19.653 		84.377 		-0.443
v 19.666 		84.353 		-0.435
v 28.23 		82.241 		-0.645
v 28.255 		82.241 		-0.645
v 19.525 		84.377 		-0.509
v 25.317 		80.383 		-0.594
v 19.531 		84.377 		-0.447
v 19.537 		84.356 		-0.432
v 25.318 		80.307 		-0.595
v 19.535 		84.358 		-0.433
v 34.92 		74.822 		-0.853
v 19.778 		89.585 		0
v 19.915 		89.537 		0
v 20.056 		89.507 		0
v 20.2 		89.498 		0
v 20.344 		89.507 		0
v 28.277 		82.241 		-0.645
v 19.525 		84.363 		-0.436
v 28.277 		82.237 		-0.645
v 20.4078 		89.1908 		0
v 20.1898 		89.096 		0
v 19.498 		84.354 		-0.442
v 20.1352 		89.088 		0
v 20.1044 		89.0835 		0
v 19.8704 		89.0444 		0
v 35.293 		74.875 		-0.862
v 20.22 		89.121 		-0.409
v 35.1 		74.882 		-0.857
v 23.753 		79.316 		-0.869
v 23.739 		79.316 		-0.869
v 19.502 		84.364 		-0.509
v 19.526 		84.377 		-0.509
v 27.28 		74.424 		-0.132
v 19.503 		84.368 		-0.509
v 25.034 		80.212 		-0.849
v 19.9 		89.074 		-0.4
v 19.661 		84.332 		-0.435
v 24.576 		80.212 		-0.8334
v 23.7 		79.316 		-0.851
v 25.033 		80.212 		-0.8903
v 23.733 		79.309 		-0.866
v 25.043 		80.212 		-0.589
v 24.576 		80.212 		-0.5786
v 23.713 		79.296 		-0.861
v 19.66 		84.33 		-0.435
v 24.576 		80.212 		-0.5782
v 19.522 		84.33 		-0.432
v 19.498 		84.35 		-0.439
v 28.287 		81.951 		-0.716
v 28.283 		81.948 		-0.648
v 25.033 		80.212 		-0.891
v 28.283 		81.944 		-0.648
v 19.519 		84.33 		-0.433
v 27.6 		74.72 		-0.137
v 23.72 		79.276 		-0.852
v 23.746 		79.269 		-0.853
v 28.261 		81.948 		-0.647
v 19.498 		84.33 		-0.442
v 23.733 		79.276 		-0.857
v 19.485 		84.33 		-0.448
v 27.26 		74.101 		-0.134
v 23.74 		79.269 		-0.855
v 27.394 		73.885 		-0.139
v 28.236 		81.944 		-0.648
v 28.258 		82.104 		-0.646
v 28.261 		81.944 		-0.647
v 20.492 		84.348 		-0.454
v 20.48 		84.3478 		-0.4537
v 19.521 		84.335 		-0.433
v 20.65 		84.3508 		-0.4573
v 28.241 		81.951 		-0.715
v 23.85 		78.272 		-0.746
v 35.425 		74.66 		-0.142
v 19.721 		84.094 		-0.438
v 36.144 		84.956 		-0.961
v 20.48 		84.3944 		-0.4698
v 20.65 		84.3969 		-0.4739
v 35.417 		74.65 		-0.031
v 27.899 		82.237 		-0.637
v 36.13 		84.916 		-0.799
v 23.816 		78.258 		-0.578
v 23.816 		78.258 		-0.583
v 27.65 		82.234 		-0.632
v 23.831 		78.272 		-0.738
v 36.126 		84.943 		-0.799
v 27.554 		73.777 		-0.142
v 19.4929 		84.096 		-0.5075
v 35.419 		74.572 		-0.035
v 19.4934 		84.096 		-0.512
v 27.474 		74.599 		-0.884
v 19.4935 		84.096 		-0.512
v 19.602 		84.094 		-0.436
v 27.421 		74.626 		-0.688
v 35.949 		84.941 		-0.795
v 35.519 		74.66 		-0.314
v 23.444 		78.265 		-0.729
v 23.43 		78.252 		-0.569
v 36.129 		84.943 		-0.799
v 35.619 		74.424 		-0.32
v 27.581 		74.734 		-0.689
v 36.136 		84.552 		-0.808
v 36.136 		84.552 		-0.802
v 36.15 		84.566 		-0.963
v 27.341 		74.525 		-0.685
v 19.518 		84.094 		-0.436
v 19.521 		84.094 		-0.434
v 19.5248 		84.094 		-0.4341
v 19.523 		84.094 		-0.435
v 27.294 		74.404 		-0.686
v 19.5248 		84.094 		-0.4341
v 19.525 		84.094 		-0.434
v 23.527 		78.253 		-0.571
v 19.487 		84.094 		-0.45
v 19.489 		84.094 		-0.449
v 28.097 		79.818 		-0.661
v 36.019 		84.55 		-0.8
v 19.4935 		84.0795 		-0.512
v 19.493 		84.094 		-0.508
v 19.4935 		84.0788 		-0.512
v 35.188 		74.655 		-0.137
v 36.15 		84.545 		-0.97
v 21.476 		79.518 		-0.93
v 21.472 		79.518 		-0.856
v 35.432 		74.032 		-0.147
v 35.432 		74.033 		-0.147
v 35.438 		74.033 		-0.147
v 20.608 		83.2527 		-0.4657
v 20.65 		83.2535 		-0.4665
v 19.548 		84.394 		-0.658
v 21.4 		79.606 		-0.999
v 19.545 		84.393 		-0.658
v 19.549 		84.397 		-0.718
v 19.524 		84.382 		-0.657
v 19.502 		84.343 		-0.716
v 27.594 		73.818 		-0.699
v 19.598 		84.394 		-0.659
v 19.536 		84.381 		-0.726
v 19.528 		84.377 		-0.726
v 27.854 		79.652 		-0.656
v 21.349 		79.592 		-0.562
v 19.548 		84.377 		-0.729
v 19.535 		84.35 		-0.733
v 28.102 		79.536 		-0.663
v 28.102 		79.485 		-0.664
v 28.102 		79.485 		-0.671
v 19.555 		84.363 		-0.734
v 19.56 		84.363 		-0.734
v 28.1014 		79.485 		-0.664
v 19.56 		84.364 		-0.734
v 27.503 		82.813 		-0.832
v 27.502 		82.813 		-0.843
v 35.612 		74.229 		-0.32
v 35.526 		74.06 		-0.319
v 28.1014 		79.485 		-0.664
v 28.1014 		79.485 		-0.664
v 27.487 		73.973 		-0.891
v 35.386 		73.925 		-0.319
v 28.1013 		79.485 		-0.664
v 28.1013 		79.485 		-0.664
v 28.1013 		79.485 		-0.664
v 20.777 		78.184 		-0.51
v 19.517 		84.379 		-0.657
v 19.516 		84.378 		-0.657
v 27.149 		82.807 		-0.836
v 20.8231 		78.08 		-0.5119
v 27.15 		82.807 		-0.824
v 19.538 		84.094 		-0.735
v 19.543 		84.094 		-0.736
v 19.541 		84.094 		-0.736
v 20.573 		83.252 		-0.465
v 20.544 		83.2515 		-0.4643
v 20.777 		78.08 		-0.5108
v 35.298 		74.029 		-0.144
v 20.777 		78.181 		-0.509
v 27.288 		74.208 		-0.688
v 27.394 		73.973 		-0.692
v 34.818 		74.027 		-0.133
v 20.736 		78.1835 		-0.509
v 34.818 		74.025 		-0.133
v 35.664 		84.938 		-0.789
v 34.818 		74.024 		-0.133
v 34.823 		74.024 		-0.133
v 20.777 		78.183 		-0.51
v 27.007 		82.729 		-0.613
v 27.75 		79.576 		-0.655
v 27.752 		79.593 		-0.655
v 27.003 		82.726 		-0.614
v 27.656 		79.477 		-0.654
v 19.528 		83.794 		-0.437
v 20.48 		83.2503 		-0.4628
v 35.206 		73.865 		-0.315
v 34.952 		73.892 		-0.308
v 26.2299 		75.4604 		0
v 26.0538 		75.4581 		0
v 26.0502 		75.4581 		0
v 26.0167 		75.4576 		0
v 26.977 		82.8 		-0.613
v 27.761 		79.601 		-0.655
v 25.8154 		75.3216 		0
v 25.8166 		75.264 		0
v 25.8136 		75.4546 		0
v 27.7771 		79.481 		-0.6556
v 25.8141 		75.4352 		0
v 26.977 		82.8 		-0.612
v 27.7857 		79.4796 		-0.6558
v 35.44 		84.767 		-0.785
v 26.994 		82.765 		-0.612
v 26.2299 		75.4598 		0
v 27.753 		79.479 		-0.655
v 26.23 		75.4546 		0
v 25.8146 		75.4546 		0
v 26.2327 		75.2887 		0
v 26.233 		75.264 		0
v 25.8215 		75.0299 		0
v 25.8197 		75.0298 		0
v 25.8197 		75.0305 		0
v 34.93 		84.936 		-0.934
v 27.703 		79.478 		-0.654
v 26.112 		75.0338 		0
v 26.1776 		75.0349 		0
v 26.2362 		75.0356 		0
v 26.917 		82.847 		-0.61
v 27.7764 		79.4794 		-0.6556
v 26.0619 		75.033 		0
v 25.8168 		75.2567 		0
v 26.917 		82.847 		-0.611
v 20.65 		78.1825 		-0.507
v 26.877 		82.797 		-0.609
v 24.6818 		75.0118 		0
v 24.6821 		75.0118 		0
v 24.6823 		75.0118 		0
v 24.6757 		75.4354 		0
v 24.6757 		75.4367 		0
v 24.6757 		75.4353 		0
v 24.6818 		75.032 		0
v 28.117 		79.498 		-0.826
v 24.6791 		75.1997 		0
v 34.82 		74.741 		-0.852
v 28.117 		79.478 		-0.832
v 24.6482 		75.0112 		0
v 24.576 		75.4352 		0
v 24.576 		75.0101 		0
v 34.927 		84.93 		-0.773
v 25.5703 		74.24 		0
v 25.5682 		74.3377 		0
v 25.568 		74.3788 		0
v 25.5675 		74.4309 		0
v 20.777 		78.056 		-0.511
v 25.5668 		74.496 		0
v 25.5667 		74.5088 		0
v 25.5667 		74.5143 		0
v 28.367 		79.35 		-0.671
v 25.088 		74.5064 		0
v 25.3888 		74.5122 		0
v 25.3259 		74.511 		0
v 19.968 		84.3397 		-0.442
v 34.946 		84.93 		-0.773
v 25.5593 		74.5143 		0
v 25.4437 		74.5127 		0
v 25.0052 		74.5048 		0
v 24.9763 		74.5043 		0
v 25.0459 		74.5055 		0
v 35.2345 		84.8307 		-0.7799
v 35.2078 		84.8966 		-0.7788
v 24.9532 		74.5039 		0
v 24.9531 		74.5039 		0
v 24.9522 		74.5039 		0
v 35.1918 		84.9233 		-0.7783
v 24.9536 		74.5039 		0
v 19.968 		84.3869 		-0.4577
v 35.209 		84.756 		-0.78
v 24.9522 		74.5039 		0
v 35.149 		84.9259 		-0.7774
v 24.9569 		74.24 		0
v 24.9564 		74.2921 		0
v 24.9531 		74.4562 		0
v 24.9534 		74.4402 		0
v 24.9543 		74.3939 		0
v 24.9551 		74.3603 		0
v 24.9561 		74.3191 		0
v 25.5778 		73.8871 		0
v 34.959 		84.916 		-0.773
v 19.84 		84.385 		-0.4546
v 25.4041 		73.8858 		0
v 25.455 		73.8863 		0
v 25.5778 		73.8898 		0
v 34.916 		84.929 		-0.772
v 25.3054 		73.885 		0
v 25.3174 		73.8851 		0
v 25.088 		73.8831 		0
v 24.9607 		73.8819 		0
v 24.9607 		73.8823 		0
v 24.9592 		74.023 		0
v 35.211 		84.537 		-0.782
v 35.268 		84.538 		-0.783
v 26.234 		75.468 		-0.099
v 19.772 		84.357 		-0.44
v 19.772 		84.377 		-0.444
v 19.772 		84.363 		-0.442
v 25.822 		75.421 		-0.09
v 26.672 		82.857 		-0.604
v 35.147 		84.536 		-0.78
v 19.521 		83.663 		-0.438
v 19.518 		83.663 		-0.44
v 19.505 		83.663 		-0.446
v 35.266 		84.644 		-0.782
v 20.777 		77.904 		-0.512
v 25.831 		75.462 		-0.09
v 35.593 		74.646 		-0.87
v 19.772 		84.377 		-0.447
v 35.646 		74.525 		-0.872
v 34.922 		84.532 		-0.782
v 26.874 		82.858 		-0.609
v 21.203 		78.355 		-0.518
v 26.864 		82.861 		-0.609
v 25.821 		75.462 		-0.09
v 25.823 		75.462 		-0.09
v 34.934 		84.532 		-0.776
v 19.524 		83.663 		-0.438
v 34.923 		84.5319 		-0.776
v 21.25 		78.218 		-0.528
v 21.263 		78.218 		-0.538
v 34.923 		84.5319 		-0.776
v 21.256 		78.191 		-0.526
v 34.923 		84.5319 		-0.776
v 26.923 		82.578 		-0.613
v 21.269 		78.191 		-0.538
v 19.496 		83.663 		-0.494
v 19.493 		83.663 		-0.453
v 19.498 		83.663 		-0.508
v 26.923 		82.578 		-0.612
v 19.496 		83.663 		-0.508
v 34.923 		84.5319 		-0.776
v 26.984 		82.632 		-0.613
v 19.4988 		83.584 		-0.5082
v 19.4964 		83.584 		-0.4866
v 34.923 		84.532 		-0.776
v 26.9846 		82.6331 		-0.613
v 27.0471 		82.6047 		-0.6147
v 19.771 		84.384 		-0.453
v 27.067 		82.5909 		-0.6152
v 35.366 		73.939 		-0.871
v 25.828 		75.037 		-0.093
v 19.771 		84.377 		-0.449
v 35.526 		74.047 		-0.874
v 19.498 		83.663 		-0.45
v 26.9975 		82.6262 		-0.6133
v 34.937 		84.525 		-0.944
v 34.937 		84.545 		-0.937
v 35.626 		74.208 		-0.876
v 26.241 		75.044 		-0.103
v 26.9905 		82.6414 		-0.613
v 25.825 		75.178 		-0.092
v 21.229 		78.238 		-0.537
v 21.216 		78.238 		-0.536
v 21.229 		78.238 		-0.534
v 26.096 		75.042 		-0.1
v 21.243 		78.231 		-0.537
v 19.5001 		83.456 		-0.5085
v 34.88 		73.993 		-0.859
v 35.053 		73.905 		-0.865
v 19.497 		83.456 		-0.4747
v 35.18 		73.892 		-0.867
v 21.23 		78.225 		-0.525
v 26.992 		82.648 		-0.613
v 26.863 		82.564 		-0.611
v 26.717 		82.561 		-0.608
v 21.236 		78.218 		-0.523
v 26.889 		79.464 		-0.642
v 26.889 		79.464 		-0.637
v 21.216 		78.218 		-0.522
v 26.874 		82.566 		-0.611
v 34.88 		74.087 		-1.055
v 34.873 		74.714 		-1.05
v 26.713 		82.631 		-0.607
v 35.336 		74.101 		-1.168
v 35.499 		74.101 		-1.07
v 26.883 		79.862 		-0.633
v 26.884 		79.814 		-0.634
v 35.063 		74.101 		-1.163
v 35.486 		74.72 		-1.064
v 27.509 		82.409 		-0.837
v 35.323 		74.727 		-1.162
v 24.687 		75.051 		-0.069
v 19.925 		84.339 		-0.441
v 35.049 		74.72 		-1.155
v 24.681 		75.442 		-0.065
v 27.509 		82.409 		-0.846
v 21.217 		78.191 		-0.52
v 19.84 		84.3373 		-0.4393
v 24.631 		75.016 		-0.068
v 33.724 		84.855 		-0.906
v 33.71 		84.842 		-0.7461
v 33.7093 		84.842 		-0.7461
v 33.354 		84.838 		-0.738
v 21.1408 		78.1238 		-0.5185
v 33.713 		84.614 		-0.748
v 26.897 		79.869 		-0.794
v 21.1306 		78.0989 		-0.5185
v 33.7101 		84.8362 		-0.7461
v 34.4557 		75.5741 		0
v 34.304 		75.5717 		0
v 19.776 		84.3361 		-0.4381
v 26.903 		79.458 		-0.804
v 26.904 		79.478 		-0.797
v 19.772 		84.327 		-0.438
v 19.7727 		84.288 		-0.4383
v 19.772 		84.33 		-0.437
v 21.091 		78.187 		-0.517
v 19.732 		83.231 		-0.447
v 34.1112 		75.5687 		0
v 24.688 		75.017 		-0.069
v 33.8199 		75.3109 		0
v 33.792 		75.3103 		0
v 33.8204 		75.3109 		0
v 21.003 		78.188 		-0.515
v 34.0013 		75.3402 		0
v 21.0297 		78.1876 		-0.5154
v 33.9895 		75.3158 		0
v 33.8707 		75.312 		0
v 33.8668 		75.3119 		0
v 33.9904 		75.3167 		0
v 33.99 		75.3158 		0
v 19.772 		84.332 		-0.438
v 33.756 		75.3096 		0
v 33.7426 		75.3091 		0
v 33.7317 		75.3318 		0
v 33.6196 		75.5626 		0
v 33.6192 		75.5635 		0
v 19.5013 		83.328 		-0.5088
v 33.716 		84.451 		-0.749
v 33.28 		75.5582 		0
v 33.716 		84.451 		-0.756
v 33.2532 		75.5578 		0
v 19.4976 		83.328 		-0.4627
v 33.731 		84.464 		-0.911
v 19.772 		84.336 		-0.438
v 32.768 		75.55 		0
v 33.199 		75.5569 		0
v 32.8284 		74.6118 		0
v 32.94 		74.6131 		0
v 21.067 		78.187 		-0.516
v 32.9526 		74.6133 		0
v 32.9526 		74.6123 		0
v 32.9526 		74.6116 		0
v 32.9515 		74.6116 		0
v 32.94 		74.6113 		0
v 32.8712 		74.6099 		0
v 32.768 		74.6089 		0
v 32.8625 		74.6098 		0
v 32.7972 		74.6116 		0
v 21.034 		78.1855 		-0.5155
v 32.768 		74.6113 		0
v 32.9544 		74.5218 		0
v 32.9544 		74.5255 		0
v 32.9561 		74.4423 		0
v 32.9604 		74.24 		0
v 32.9601 		74.24 		0
v 19.533 		83.349 		-0.441
v 33.73 		84.444 		-0.918
v 19.7738 		84.224 		-0.4389
v 32.956 		74.4423 		0
v 32.9544 		74.5312 		0
v 32.9526 		74.6133 		0
v 32.9635 		74.0757 		0
v 32.9639 		74.0757 		0
v 32.9654 		73.9924 		0
v 32.965 		73.9924 		0
v 33.239 		84.443 		-0.739
v 19.776 		84.094 		-0.439
v 21.224 		77.891 		-0.522
v 19.776 		84.094 		-0.44
v 34.532 		75.583 		-0.114
v 34.42 		75.588 		-0.282
v 19.651 		83.231 		-0.447
v 19.637 		83.231 		-0.447
v 21.064 		78.056 		-0.517
v 34.546 		75.59 		-0.284
v 19.679 		83.231 		-0.445
v 19.688 		83.231 		-0.446
v 34.119 		75.576 		-0.106
v 34.13 		75.332 		-0.277
v 28.13 		78.339 		-0.84
v 21.26 		78.251 		-0.805
v 36.155 		83.373 		-0.818
v 34.126 		75.583 		-0.275
v 21.253 		78.251 		-0.812
v 21.253 		78.238 		-0.819
v 27.156 		82.409 		-0.829
v 36.17 		83.406 		-0.98
v 21.259 		78.211 		-0.821
v 36.163 		83.386 		-0.973
v 27.156 		82.409 		-0.838
v 33.994 		75.32 		-0.062
v 33.868 		75.313 		-0.017
v 19.624 		83.231 		-0.444
v 19.604 		83.227 		-0.443
v 21.287 		78.211 		-0.806
v 25.747 		74.336 		-0.097
v 25.614 		74.559 		-0.093
v 19.795 		84.363 		-0.738
v 19.795 		84.39 		-0.731
v 36.155 		83.373 		-0.813
v 19.795 		84.397 		-0.726
v 34.539 		75.158 		-0.118
v 19.795 		84.397 		-0.722
v 21.24 		78.258 		-0.804
v 21.24 		78.245 		-0.816
v 21.24 		78.258 		-0.809
v 19.811 		84.397 		-0.727
v 19.523 		83.231 		-0.441
v 19.525 		83.245 		-0.441
v 20.993 		78.24 		-0.81
v 34.553 		75.165 		-0.288
v 19.795 		84.35 		-0.74
v 19.52 		83.231 		-0.445
v 19.522 		83.225 		-0.447
v 19.5223 		83.225 		-0.4468
v 20.993 		78.251 		-0.807
v 36.17 		82.989 		-0.978
v 28.157 		77.915 		-0.677
v 27.023 		81.928 		-0.62
v 27.023 		81.924 		-0.621
v 28.122 		78.305 		-0.68
v 28.129 		77.915 		-0.677
v 27.023 		81.924 		-0.62
v 36.161 		83.016 		-0.816
v 34.134 		75.158 		-0.279
v 36.1616 		83.0037 		-0.8161
v 36.162 		82.982 		-0.8163
v 20.993 		78.218 		-0.817
v 34.133 		75.158 		-0.279
v 27.017 		82.22 		-0.619
v 35.901 		82.978 		-0.81
v 20.1901 		83.5054 		-0.4537
v 34.133 		75.16 		-0.279
v 36.1598 		82.982 		-0.8162
v 20.993 		78.251 		-0.803
v 20.993 		78.258 		-0.798
v 25.701 		73.959 		-0.1
v 34.125 		75.152 		-0.109
v 28.08 		77.914 		-0.676
v 20.993 		78.242 		-0.809
v 27.017 		82.22 		-0.617
v 26.827 		82.219 		-0.613
v 20.993 		78.204 		-0.817
v 28.122 		78.305 		-0.674
v 25.628 		74.572 		-0.845
v 28.125 		78.139 		-0.675
v 25.801 		74.249 		-0.655
v 25.755 		74.437 		-0.651
v 20.2745 		83.2465 		-0.4581
v 20.1195 		83.2436 		-0.4545
v 19.968 		83.2408 		-0.451
v 25.602 		74.64 		-0.645
v 33.747 		75.313 		-0.058
v 20.2206 		83.4009 		-0.4554
v 20.976 		78.238 		-0.53
v 20.1276 		83.2563 		-0.4546
v 20.2065 		83.3796 		-0.4553
v 20.124 		83.2553 		-0.4545
v 33.626 		75.57 		-0.093
v 19.968 		83.4492 		-0.4494
v 20.976 		78.231 		-0.521
v 33.636 		75.394 		-0.266
v 28.128 		77.944 		-0.676
v 20.976 		78.231 		-0.525
v 28.136 		77.921 		-0.838
v 28.13 		78.319 		-0.835
v 19.789 		83.402 		-0.446
v 35.141 		83.356 		-0.79
v 35.292 		83.358 		-0.793
v 25.634 		73.946 		-0.85
v 19.8471 		83.328 		-0.448
v 35.221 		83.357 		-0.791
v 20.835 		78.237 		-0.555
v 19.8475 		83.3275 		-0.448
v 33.633 		75.576 		-0.264
v 20.776 		78.234 		-0.525
v 19.8974 		83.264 		-0.4497
v 20.776 		78.228 		-0.517
v 20.776 		78.223 		-0.516
v 20.776 		78.228 		-0.521
v 20.775 		78.236 		-0.553
v 19.925 		83.24 		-0.45
v 25.701 		73.946 		-0.654
v 33.206 		75.563 		-0.086
v 26.829 		81.922 		-0.615
v 33.22 		75.57 		-0.254
v 34.942 		83.353 		-0.792
v 25.788 		74.121 		-0.654
v 33.64 		75.152 		-0.268
v 33.632 		75.145 		-0.098
v 24.8559 		83.8224 		0
v 24.8761 		83.947 		0
v 24.8784 		83.961 		0
v 24.576 		83.1295 		0
v 24.7017 		83.4719 		0
v 24.7536 		83.5579 		0
v 24.761 		83.5702 		0
v 19.552 		83.231 		-0.442
v 24.808 		83.6984 		0
v 19.9292 		83.2443 		-0.4501
v 19.9341 		83.2445 		-0.4502
v 34.95 		83.386 		-0.953
v 19.551 		83.211 		-0.446
v 34.95 		83.366 		-0.947
v 19.549 		83.209 		-0.447
v 19.557 		83.212 		-0.446
v 19.538 		83.211 		-0.448
v 19.904 		83.2555 		-0.4499
v 19.906 		83.253 		-0.45
v 19.526 		83.225 		-0.445
v 26.264 		83.878 		-0.588
v 19.5252 		83.225 		-0.4454
v 19.531 		83.225 		-0.445
v 27.44 		77.903 		-0.661
v 33.226 		75.145 		-0.259
v 33.335 		75.147 		-0.262
v 34.942 		83.353 		-0.786
v 34.954 		83.353 		-0.786
v 27.242 		78.291 		-0.653
v 32.846 		74.774 		-0.253
v 25.134 		74.68 		-0.08
v 25.447 		74.66 		-0.089
v 34.957 		82.975 		-0.949
v 20.775 		78.237 		-0.566
v 33.212 		75.138 		-0.088
v 26.359 		83.488 		-0.592
v 26.2699 		83.5503 		-0.5897
v 26.3383 		83.4878 		-0.5916
v 26.909 		78.285 		-0.652
v 26.271 		83.4872 		-0.5904
v 26.248 		83.487 		-0.59
v 32.887 		74.815 		-0.808
v 19.794 		83.238 		-0.447
v 27.065 		78.288 		-0.65
v 34.949 		82.962 		-0.789
v 26.909 		78.285 		-0.647
v 34.948 		83.041 		-0.788
v 20.977 		78.186 		-0.514
v 19.523 		83.231 		-0.444
v 26.228 		83.494 		-0.656
v 20.977 		78.1847 		-0.514
v 20.977 		78.1842 		-0.514
v 20.977 		78.1839 		-0.514
v 19.792 		83.239 		-0.447
v 20.977 		78.1837 		-0.5141
v 20.928 		78.1845 		-0.513
v 20.977 		78.1841 		-0.514
v 24.968 		74.592 		-0.079
v 35.224 		82.966 		-0.795
v 20.928 		78.1833 		-0.513
v 34.811 		74.65 		-0.128
v 20.977 		78.185 		-0.514
v 20.928 		78.1847 		-0.513
v 20.977 		78.184 		-0.514
v 26.275 		83.494 		-0.657
v 34.811 		74.647 		-0.128
v 35.3 		82.968 		-0.796
v 19.535 		83.242 		-0.441
v 27.133 		78.289 		-0.651
v 20.928 		78.1832 		-0.513
v 19.8156 		83.2386 		-0.4475
v 19.534 		83.245 		-0.441
v 19.792 		83.251 		-0.447
v 19.791 		83.238 		-0.447
v 34.961 		82.962 		-0.789
v 35.14 		82.965 		-0.793
v 34.739 		74.646 		-0.296
v 26.271 		83.487 		-0.59
v 24.841 		74.444 		-0.077
v 26.224 		83.487 		-0.589
v 20.977 		78.184 		-0.514
v 19.538 		83.245 		-0.441
v 19.792 		83.238 		-0.447
v 26.276 		83.898 		-0.807
v 19.566 		83.225 		-0.442
v 34.646 		74.411 		-0.297
v 26.915 		77.894 		-0.65
v 20.977 		78.16 		-0.515
v 26.915 		77.907 		-0.65
v 20.9772 		78.144 		-0.515
v 26.476 		83.703 		-0.812
v 26.914 		77.984 		-0.649
v 19.763 		83.251 		-0.446
v 20.977 		78.18 		-0.5142
v 26.477 		83.703 		-0.796
v 19.511 		83.225 		-0.447
v 26.973 		77.953 		-0.65
v 19.791 		83.204 		-0.459
v 19.791 		83.204 		-0.463
v 24.787 		74.262 		-0.078
v 19.791 		83.204 		-0.454
v 34.659 		74.215 		-0.298
v 34.792 		73.993 		-0.305
v 19.518 		83.245 		-0.445
v 19.514 		83.231 		-0.446
v 27.0813 		77.9324 		-0.6527
v 26.346 		83.144 		-0.595
v 26.3396 		83.1558 		-0.5947
v 26.923 		77.901 		-0.812
v 26.3757 		83.1355 		-0.5957
v 26.917 		78.299 		-0.807
v 26.916 		78.319 		-0.814
v 19.791 		83.231 		-0.45
v 20.9778 		78.08 		-0.515
v 20.9778 		78.0809 		-0.515
v 26.255 		83.191 		-0.592
v 33.75 		83.285 		-0.921
v 33.736 		83.272 		-0.766
v 26.277 		83.191 		-0.593
v 33.736 		83.272 		-0.759
v 19.792 		83.231 		-0.449
v 19.791 		83.218 		-0.452
v 20.9782 		78.0807 		-0.515
v 20.978 		78.0947 		-0.515
v 33.75 		83.305 		-0.928
v 25.574 		73.818 		-0.098
v 26.3924 		83.161 		-0.5959
v 33.316 		83.265 		-0.75
v 26.224 		83.191 		-0.592
v 34.74 		74.633 		-0.852
v 26.228 		83.198 		-0.658
v 33.742 		82.932 		-0.762
v 33.757 		82.888 		-0.923
v 26.281 		83.198 		-0.66
v 19.502 		83.264 		-0.509
v 19.4979 		83.264 		-0.4568
v 19.5019 		83.264 		-0.5089
v 34.746 		74.134 		-0.856
v 33.743 		82.881 		-0.762
v 33.735 		82.881 		-0.762
v 19.542 		83.202 		-0.452
v 24.981 		73.804 		-0.084
v 19.524 		83.204 		-0.456
v 34.7 		74.256 		-0.853
v 19.538 		83.204 		-0.451
v 19.531 		83.207 		-0.452
v 24.794 		74.067 		-0.078
v 26.3493 		83.1926 		-0.5946
v 24.847 		73.946 		-0.082
v 26.363 		83.193 		-0.595
v 27.7918 		92.0129 		0
v 27.8069 		92.0724 		0
v 27.8786 		92.2683 		0
v 27.9016 		92.3311 		0
v 27.759 		91.936 		0
v 34.687 		74.451 		-0.852
v 25.609 		79.309 		-0.616
v 25.622 		79.33 		-0.625
v 25.616 		79.303 		-0.625
v 25.616 		79.33 		-0.616
v 25.302 		74.741 		-0.64
v 25.609 		79.296 		-0.625
v 19.498 		83.245 		-0.455
v 19.507 		83.231 		-0.45
v 19.498 		83.231 		-0.454
v 20.978 		78.056 		-0.515
v 19.514 		83.216 		-0.454
v 25.115 		74.694 		-0.635
v 19.511 		83.219 		-0.454
v 28.0126 		92.6577 		0
v 32.959 		74.618 		-0.086
v 26.243 		82.847 		-0.595
v 26.277 		82.847 		-0.598
v 32.959 		74.619 		-0.086
v 19.505 		83.23 		-0.456
v 19.504 		83.231 		-0.456
v 27.8151 		92.1048 		0
v 27.8477 		92.1895 		0
v 25.619 		79.303 		-0.895
v 19.505 		83.231 		-0.459
v 20.979 		78.007 		-0.516
v 27.9547 		92.6569 		0
v 25.626 		79.323 		-0.902
v 25.633 		79.316 		-0.896
v 25.428 		74.727 		-0.642
v 25.632 		79.35 		-0.905
v 25.64 		79.35 		-0.893
v 26.23 		82.847 		-0.594
v 25.606 		79.35 		-0.911
v 19.791 		83.214 		-0.666
v 19.511 		83.218 		-0.456
v 20.777 		77.824 		-0.5125
v 32.961 		74.537 		-0.087
v 19.792 		83.231 		-0.666
v 26.624 		92.6389 		0
v 19.502 		83.26 		-0.509
v 19.502 		83.252 		-0.509
v 19.508 		83.238 		-0.509
v 26.1705 		92.6327 		0
v 25.184 		74.572 		-0.935
v 25.464 		74.579 		-0.943
v 25.4879 		92.6235 		0
v 24.576 		92.6106 		0
v 24.6526 		92.6116 		0
v 26.566 		92.672 		-0.522
v 19.511 		83.231 		-0.509
v 19.502 		83.249 		-0.509
v 25.008 		74.566 		-0.83
v 19.503 		83.231 		-0.459
v 24.822 		74.296 		-0.632
v 25.585 		79.671 		-0.606
v 32.96 		74.618 		-0.086
v 26.235 		82.854 		-0.663
v 26.281 		82.854 		-0.662
v 19.498 		83.231 		-0.455
v 19.508 		83.227 		-0.451
v 31.065 		87.113 		-0.829
v 19.814 		83.264 		-0.748
v 19.814 		83.292 		-0.748
v 19.814 		83.272 		-0.748
v 30.972 		87.105 		-0.666
v 19.8142 		83.264 		-0.748
v 19.814 		83.2915 		-0.7479
v 19.814 		83.28 		-0.745
v 24.955 		74.586 		-0.632
v 31.0511 		87.106 		-0.6677
v 31.0074 		87.1052 		-0.6668
v 19.8121 		83.264 		-0.7423
v 19.8126 		83.264 		-0.7423
v 33.013 		74.673 		-0.259
v 19.496 		83.231 		-0.508
v 31.0511 		87.1005 		-0.6678
v 19.8137 		83.2913 		-0.7479
v 33.119 		74.512 		-0.262
v 33.159 		74.323 		-0.264
v 19.538 		83.198 		-0.457
v 19.551 		83.198 		-0.457
v 19.538 		83.198 		-0.454
v 25.591 		79.328 		-0.609
v 25.589 		79.327 		-0.609
v 25.577 		79.313 		-0.609
v 26.25 		82.552 		-0.597
v 19.808 		83.218 		-0.731
v 25.582 		79.282 		-0.617
v 20.767 		78.248 		-0.798
v 20.767 		78.254 		-0.794
v 20.767 		78.254 		-0.793
v 26.284 		82.557 		-0.6
v 26.288 		82.557 		-0.665
v 25.591 		79.33 		-0.609
v 19.515 		83.663 		-0.726
v 19.514 		83.663 		-0.722
v 25.576 		79.282 		-0.622
v 25.576 		79.276 		-0.626
v 19.8084 		83.218 		-0.731
v 19.808 		83.225 		-0.736
v 20.766 		78.214 		-0.811
v 26.241 		82.557 		-0.666
v 19.523 		83.663 		-0.73
v 19.552 		83.663 		-0.74
v 19.543 		83.663 		-0.738
v 19.8084 		83.218 		-0.731
v 19.556 		83.663 		-0.74
v 20.766 		78.242 		-0.804
v 19.746 		83.213 		-0.665
v 26.237 		82.551 		-0.597
v 20.766 		78.248 		-0.802
v 20.766 		78.238 		-0.805
v 20.766 		78.238 		-0.804
v 19.808 		83.231 		-0.728
v 32.971 		73.999 		-0.091
v 32.972 		73.999 		-0.091
v 19.745 		83.231 		-0.737
v 25.428 		79.304 		-0.605
v 19.8084 		83.218 		-0.731
v 19.8084 		83.218 		-0.731
v 19.8084 		83.218 		-0.731
v 19.8084 		83.218 		-0.731
v 25.439 		79.312 		-0.605
v 26.248 		82.214 		-0.668
v 26.244 		82.202 		-0.6
v 32.971 		73.997 		-0.091
v 25.326 		79.297 		-0.603
v 26.244 		82.207 		-0.6
v 20.766 		78.201 		-0.811
v 32.839 		73.995 		-0.089
v 26.263 		82.21 		-0.6
v 25.329 		79.296 		-0.604
v 19.809 		83.225 		-0.736
v 25.329 		79.313 		-0.603
v 25.471 		73.952 		-0.948
v 25.561 		73.811 		-0.653
v 25.381 		73.75 		-0.649
v 19.814 		83.258 		-0.748
v 26.294 		82.214 		-0.67
v 26.29 		82.214 		-0.603
v 25.188 		73.757 		-0.645
v 25.329 		79.309 		-0.604
v 25.327 		79.296 		-0.604
v 19.809 		83.231 		-0.738
v 19.813 		83.25 		-0.745
v 22.528 		77.5515 		0
v 19.811 		83.231 		-0.738
v 19.8113 		83.2404 		-0.741
v 19.8122 		83.2457 		-0.743
v 25.33 		79.319 		-0.603
v 25.33 		79.318 		-0.603
v 25.198 		73.946 		-0.94
v 19.81 		83.233 		-0.738
v 19.81 		83.231 		-0.737
v 19.809 		83.231 		-0.737
v 24.835 		74.107 		-0.633
v 24.27 		77.766 		-0.758
v 24.25 		77.746 		-0.757
v 25.015 		73.844 		-0.639
v 25.336 		79.275 		-0.616
v 25.322 		79.274 		-0.603
v 21.219 		90.209 		0.1323
v 21.173 		90.112 		0.1323
v 19.811 		83.244 		-0.739
v 25.335 		79.275 		-0.615
v 19.544 		83.218 		-0.658
v 19.81 		83.232 		-0.737
v 19.554 		83.213 		-0.658
v 25.021 		73.939 		-0.835
v 23.836 		77.032 		-0.593
v 21.265 		90.352 		0.1328
v 23.833 		77.211 		-0.587
v 21.2773 		90.417 		0.1333
v 25.335 		79.275 		-0.614
v 23.836 		77.032 		-0.5883
v 19.53 		83.231 		-0.657
v 25.333 		79.275 		-0.613
v 25.335 		79.275 		-0.613
v 19.534 		83.223 		-0.657
v 33.119 		74.134 		-0.265
v 31.053 		86.95 		-0.669
v 25.336 		79.276 		-0.62
v 19.809 		83.231 		-0.731
v 32.768 		73.0509 		0
v 32.256 		73.0453 		0
v 32.2891 		73.0457 		0
v 21.293 		90.5 		0.1333
v 21.2964 		90.5512 		0.1334
v 31.744 		73.0387 		0
v 32.0521 		73.0428 		0
v 31.3524 		73.6753 		0
v 31.3612 		73.472 		0
v 31.3502 		73.728 		0
v 19.809 		83.2267 		-0.7337
v 19.809 		83.2245 		-0.734
v 25.336 		79.276 		-0.615
v 23.87 		77.045 		-0.756
v 31.4983 		73.728 		0
v 31.4963 		73.472 		0
v 31.4958 		73.4027 		0
v 23.85 		77.045 		-0.748
v 31.4948 		73.2814 		0
v 19.522 		83.265 		-0.726
v 31.5025 		73.2816 		0
v 19.568 		83.265 		-0.744
v 31.4962 		73.4613 		0
v 19.565 		83.265 		-0.743
v 25.336 		79.276 		-0.6151
v 31.5592 		73.2819 		0
v 31.5939 		73.216 		0
v 19.568 		83.268 		-0.744
v 31.5591 		73.2821 		0
v 31.5584 		73.2834 		0
v 32.973 		73.925 		-0.264
v 31.3618 		73.2779 		0
v 31.3663 		73.278 		0
v 31.31 		73.2769 		0
v 31.3102 		73.2769 		0
v 31.2783 		73.216 		0
v 31.3058 		73.2767 		0
v 19.809 		83.227 		-0.736
v 19.809 		83.223 		-0.734
v 30.658 		87.106 		-0.827
v 30.678 		87.106 		-0.82
v 25.335 		79.278 		-0.614
v 31.3673 		73.3287 		0
v 31.673 		73.0655 		0
v 31.6865 		73.0384 		0
v 31.6867 		73.0379 		0
v 19.54 		83.231 		-0.729
v 25.3323 		79.2861 		-0.6095
v 19.538 		83.231 		-0.727
v 30.664 		87.099 		-0.665
v 19.542 		83.225 		-0.727
v 31.232 		73.1136 		0
v 23.464 		77.039 		-0.741
v 23.449 		77.025 		-0.58
v 31.1965 		73.0359 		0
v 31.2054 		73.0546 		0
v 30.664 		87.099 		-0.659
v 31.1947 		73.0319 		0
v 31.1948 		73.0321 		0
v 31.1955 		73.0336 		0
v 21.303 		90.65 		0.1336
v 21.2975 		90.7319 		0.1339
v 30.976 		73.0285 		0
v 30.72 		73.0245 		0
v 30.7756 		73.0254 		0
v 30.7758 		73.0254 		0
v 25.335 		79.276 		-0.615
v 25.335 		79.2762 		-0.615
v 25.335 		79.276 		-0.615
v 30.8075 		73.0259 		0
v 23.452 		77.025 		-0.58
v 21.2965 		90.7478 		-0.4204
v 21.303 		90.65 		-0.4206
v 21.219 		90.209 		-0.4217
v 21.265 		90.352 		-0.4207
v 21.2759 		90.4097 		-0.4201
v 29.532 		87.092 		-0.801
v 21.293 		90.5 		-0.4204
v 29.512 		87.092 		-0.794
v 23.49 		77.026 		-0.58
v 29.497 		87.079 		-0.639
v 29.498 		87.079 		-0.633
v 19.554 		83.251 		-0.741
v 33.127 		74.613 		-0.816
v 29.125 		87.086 		-0.785
v 29.111 		87.072 		-0.625
v 33.193 		74.424 		-0.818
v 32.099 		73.474 		-0.077
v 29.224 		87.074 		-0.627
v 21.2973 		90.7353 		0.134
v 21.293 		90.8 		-0.4197
v 25.335 		79.277 		-0.615
v 25.335 		79.2762 		-0.615
v 33.027 		74.687 		-1.009
v 19.85 		82.322 		-0.505
v 31.889 		73.477 		-0.243
v 32.113 		73.481 		-0.248
v 33.14 		74.114 		-0.819
v 33.033 		74.06 		-1.013
v 32.114 		73.385 		-0.249
v 19.55 		83.231 		-0.737
v 19.555 		83.225 		-0.736
v 21.219 		91.091 		0.1402
v 21.2279 		91.0635 		0.1397
v 21.2314 		91.0525 		0.1395
v 21.155 		91.226 		0.1429
v 21.1035 		91.3071 		0.1449
v 22.2521 		76.8 		0
v 33.013 		73.966 		-0.819
v 21.293 		90.8 		0.1348
v 21.2965 		90.7473 		0.134
v 21.8761 		75.776 		0
v 21.265 		90.948 		0.1374
v 22.226 		77.625 		-0.547
v 21.075 		91.352 		0.1458
v 20.98 		91.465 		0.1486
v 20.871 		91.564 		0.1518
v 20.9378 		91.5033 		0.1498
v 20.751 		91.648 		0.1552
v 32.84 		73.871 		-0.815
v 19.555 		83.218 		-0.727
v 21.265 		90.948 		-0.417
v 29.513 		86.136 		-0.641
v 21.2325 		91.049 		-0.4149
v 32.87 		74.067 		-1.111
v 32.863 		74.687 		-1.107
v 21.1036 		91.3069 		-0.4095
v 21.075 		91.352 		-0.4086
v 32.119 		73.056 		-0.251
v 20.98 		91.465 		-0.4057
v 20.9347 		91.5061 		-0.4045
v 36.3586 		73.4211 		0
v 36.352 		73.4211 		0
v 36.3599 		73.0979 		0
v 36.3599 		73.1001 		0
v 36.3599 		73.1025 		0
v 36.3585 		73.1806 		0
v 36.3584 		73.0979 		0
v 20.871 		91.564 		-0.4026
v 36.352 		73.0979 		0
v 20.751 		91.648 		-0.3992
v 36.2085 		73.4213 		0
v 36.1589 		73.4214 		0
v 36.1589 		73.4214 		0
v 36.2165 		73.0982 		0
v 36.118 		73.0973 		0
v 36.1803 		73.0982 		0
v 35.84 		73.093 		0
v 35.8606 		73.0933 		0
v 32.105 		73.049 		-0.079
v 35.328 		73.086 		0
v 35.3495 		73.0863 		0
v 35.6972 		73.0911 		0
v 21.0544 		77.7976 		-0.5193
v 31.774 		73.053 		-0.244
v 21.0757 		77.7569 		-0.5202
v 19.773 		82.436 		-0.795
v 19.777 		82.443 		-0.869
v 34.9799 		73.0804 		0
v 34.816 		73.0778 		0
v 36.371 		73.433 		-0.173
v 36.371 		73.11 		-0.175
v 21.219 		91.091 		-0.4142
v 21.155 		91.226 		-0.4114
v 36.359 		73.46 		-0.343
v 36.125 		73.535 		-0.167
v 21.303 		92.5651 		0
v 26.3642 		88.064 		0
v 36.171 		73.433 		-0.168
v 27.31 		87.126 		-0.618
v 27.358 		87.173 		-0.769
v 27.325 		87.14 		-0.952
v 21.0631 		77.3457 		-0.5229
v 21.0553 		77.3435 		-0.5228
v 19.543 		82.025 		-0.508
v 21.004 		77.326 		-0.522
v 19.588 		82.025 		-0.546
v 19.68 		82.045 		-0.766
v 36.139 		73.541 		-0.338
v 36.139 		73.49 		-0.338
v 21.0485 		77.3192 		-0.5229
v 31.693 		73.474 		-0.238
v 21.0552 		77.3433 		-0.5228
v 21.0331 		77.312 		-0.5232
v 36.105 		73.541 		-0.337
v 31.56 		73.285 		-0.024
v 19.861 		82.369 		-0.941
v 19.637 		82.045 		-0.855
v 35.883 		73.247 		-0.334
v 19.538 		82.045 		-0.826
v 31.685 		73.467 		-0.067
v 20.9832 		89.8389 		0.1338
v 20.9831 		89.8387 		0.1349
v 19.779 		82.045 		-0.797
v 21.075 		89.948 		0.133
v 21.0651 		89.9362 		0.1331
v 31.696 		73.245 		-0.241
v 21.155 		90.074 		0.1323
v 21.1278 		90.0312 		0.1325
v 19.48 		82.039 		-0.784
v 19.779 		82.045 		-0.798
v 36.131 		73.11 		-0.169
v 36.145 		73.117 		-0.34
v 19.783 		82.052 		-0.871
v 20.751 		89.652 		0
v 20.871 		89.736 		0
v 20.98 		89.835 		0
v 20.9959 		89.8539 		0
v 26.1046 		87.3434 		0
v 25.9946 		87.04 		0
v 20.777 		77.752 		-0.513
v 25.6234 		86.016 		0
v 20.9621 		89.7701 		0
v 20.7894 		89.498 		0
v 26.103 		87.685 		-0.603
v 20.9291 		89.6883 		0
v 20.7365 		89.4259 		0
v 20.6729 		89.3751 		0
v 20.7362 		89.4254 		0
v 20.96 		89.714 		-0.419
v 21.0054 		89.8653 		-0.101
v 25.663 		87.679 		-0.592
v 25.659 		87.679 		-0.542
v 20.7765 		77.696 		-0.5135
v 25.659 		87.674 		-0.542
v 21.0328 		89.8978 		-0.4202
v 36.399 		73.494 		-0.898
v 19.137 		82.0123 		-0.4429
v 19.1264 		82.0121 		-0.4427
v 19.1248 		82.0121 		-0.4426
v 25.599 		79.296 		-0.894
v 19.351 		82.018 		-0.459
v 25.353 		79.296 		-0.893
v 21.136 		90.0441 		-0.422
v 21.155 		90.074 		-0.4221
v 26.098 		87.685 		-0.552
v 21.1034 		89.9928 		-0.4217
v 35.705 		73.528 		-0.157
v 26.098 		87.681 		-0.552
v 21.075 		89.948 		-0.4211
v 35.719 		73.541 		-0.328
v 21.1037 		89.9932 		-0.4217
v 21.1053 		89.9957 		-0.4217
v 21.1086 		90.0009 		-0.4218
v 19.1373 		82.0089 		-0.4429
v 35.721 		73.387 		-0.33
v 19.1376 		82.0073 		-0.443
v 26.113 		87.355 		-0.716
v 26.114 		87.396 		-0.689
v 19.1376 		82.0057 		-0.443
v 21.1086 		90.0009 		-0.4218
v 31.307 		73.278 		-0.019
v 19.1395 		81.9825 		-0.4432
v 21.1093 		90.002 		-0.4218
v 21.1093 		90.002 		-0.4218
v 25.353 		79.296 		-0.888
v 35.723 		73.291 		-0.33
v 31.232 		73.3173 		-0.2296
v 35.723 		73.255 		-0.331
v 20.983 		77.673 		-0.519
v 20.903 		77.582 		-0.517
v 26.114 		87.14 		-0.691
v 31.699 		73.051 		-0.243
v 31.692 		73.043 		-0.072
v 31.699 		73.049 		-0.243
v 20.983 		77.625 		-0.519
v 19.125 		81.97 		-0.443
v 20.9837 		77.568 		-0.5195
v 19.1249 		82.0078 		-0.4427
v 35.711 		73.103 		-0.162
v 26.114 		87.227 		-0.689
v 25.593 		79.309 		-0.903
v 20.767 		89.451 		-0.417
v 25.592 		79.336 		-0.91
v 26.114 		87.241 		-0.684
v 35.724 		73.191 		-0.332
v 19.361 		82.025 		-0.541
v 19.308 		82.018 		-0.529
v 35.725 		73.117 		-0.333
v 25.352 		79.343 		-0.904
v 19.387 		82.025 		-0.56
v 35.724 		73.191 		-0.331
v 25.352 		79.33 		-0.904
v 26.114 		87.254 		-0.677
v 35.771 		73.198 		-0.333
v 20.776 		77.642 		-0.514
v 35.772 		73.198 		-0.333
v 19.102 		82.018 		-0.513
v 25.303 		79.329 		-0.903
v 20.776 		77.632 		-0.5146
v 20.609 		78.182 		-0.506
v 20.48 		78.1811 		-0.5034
v 31.2 		73.4667 		-0.2279
v 31.2005 		73.4349 		-0.2281
v 24.445 		87.126 		-0.704
v 31.2005 		73.4329 		-0.2282
v 31.2008 		73.4103 		-0.2278
v 24.506 		87.092 		-0.891
v 31.1564 		73.4663 		-0.227
v 31.2 		73.467 		-0.2279
v 35.132 		73.103 		-0.319
v 31.053 		73.3465 		-0.225
v 31.2016 		73.354 		-0.2285
v 31.2018 		73.3387 		-0.2286
v 26.119 		87.281 		-0.735
v 31.2019 		73.3349 		-0.2286
v 24.471 		87.079 		-0.553
v 31.2015 		73.3599 		-0.2285
v 31.2009 		73.4045 		-0.2283
v 31.1895 		73.3497 		-0.2283
v 25.282 		79.295 		-0.891
v 31.1899 		73.3349 		-0.2283
v 25.329 		79.296 		-0.892
v 35.173 		73.144 		-0.874
v 26.118 		87.153 		-0.742
v 35.806 		73.238 		-0.887
v 31.192 		73.46 		-0.057
v 25.043 		79.35 		-0.596
v 25.043 		79.35 		-0.598
v 20.776 		77.625 		-0.515
v 20.776 		77.568 		-0.5154
v 20.776 		77.625 		-0.514
v 25.043 		79.308 		-0.597
v 30.786 		73.46 		-0.218
v 25.043 		79.302 		-0.598
v 30.8017 		73.2601 		-0.2206
v 30.8945 		73.2781 		-0.222
v 30.847 		73.2282 		-0.2218
v 30.8489 		73.2272 		-0.2218
v 30.8467 		73.2237 		-0.2218
v 30.804 		73.231 		-0.221
v 20.7967 		77.6056 		-0.5151
v 20.7961 		77.6064 		-0.5151
v 20.799 		77.625 		-0.515
v 20.7869 		77.625 		-0.5145
v 20.7952 		77.6085 		-0.515
v 30.79 		73.233 		-0.22
v 25.042 		79.271 		-0.613
v 20.7903 		77.568 		-0.5154
v 30.772 		73.454 		-0.047
v 25.043 		79.27 		-0.597
v 20.8109 		77.5863 		-0.5156
v 26.105 		87.355 		-0.566
v 30.79 		73.226 		-0.22
v 25.042 		79.271 		-0.609
v 24.49 		85.785 		-0.565
v 25.043 		79.293 		-0.597
v 24.465 		85.751 		-0.716
v 24.525 		85.812 		-0.901
v 25.043 		79.287 		-0.6
v 26.103 		87.463 		-0.603
v 26.098 		87.416 		-0.557
v 31.206 		73.043 		-0.23
v 17.7701 		81.408 		0
v 17.7778 		80.896 		0
v 31.199 		73.036 		-0.059
v 20.985 		77.471 		-0.52
v 20.9854 		77.44 		-0.5206
v 20.9841 		77.5602 		-0.5196
v 30.779 		73.029 		-0.052
v 19.47 		81.526 		-0.482
v 23.106 		84.02 		-0.676
v 24.319 		84.033 		-0.702
v 24.305 		84.026 		-0.542
v 24.293 		84.026 		-0.542
v 19.497 		81.183 		-0.49
v 34.304 		73.0697 		0
v 34.4802 		73.0724 		0
v 33.792 		73.3146 		0
v 33.8086 		73.315 		0
v 19.595 		81.533 		-0.549
v 33.8987 		73.3167 		0
v 33.9063 		73.3165 		0
v 26.103 		87.436 		-0.608
v 34.0243 		73.3123 		0
v 34.071 		73.216 		0
v 30.8486 		73.2155 		-0.2219
v 33.9629 		73.318 		0
v 30.8525 		73.2083 		-0.2221
v 34.021 		73.3192 		0
v 34.0168 		73.3195 		0
v 23.091 		84.006 		-0.515
v 34.0208 		73.3196 		0
v 34.1198 		73.1155 		0
v 34.1441 		73.0673 		0
v 33.772 		73.3141 		0
v 30.79 		73.209 		-0.221
v 33.7853 		73.3145 		0
v 33.7251 		73.216 		0
v 33.7682 		73.314 		0
v 25.034 		79.35 		-0.849
v 33.6565 		73.0619 		0
v 33.6775 		73.1076 		0
v 33.3026 		73.0566 		0
v 30.793 		73.038 		-0.223
v 33.28 		73.0564 		0
v 30.793 		73.036 		-0.223
v 33.2364 		73.0559 		0
v 33.2366 		73.0559 		0
v 26.103 		87.423 		-0.617
v 34.5825 		73.2729 		-0.3049
v 34.5826 		73.2685 		-0.3049
v 30.873 		73.039 		-0.224
v 34.565 		73.508 		-0.131
v 34.579 		73.521 		-0.302
v 19.924 		81.816 		-0.462
v 25.032 		79.319 		-0.896
v 25.033 		79.296 		-0.888
v 25.0329 		79.296 		-0.888
v 20.7763 		77.4749 		-0.516
v 20.7813 		77.4734 		-0.5161
v 34.324 		73.517 		-0.297
v 30.807 		73.214 		-0.221
v 34.329 		73.517 		-0.297
v 21.379 		84.372 		-0.474
v 21.376 		84.3721 		-0.4739
v 21.383 		84.373 		-0.474
v 30.793 		73.038 		-0.222
v 34.3369 		73.5171 		-0.2971
v 25.0329 		79.296 		-0.888
v 25.034 		79.289 		-0.849
v 21.378 		84.37 		-0.473
v 25.033 		79.291 		-0.881
v 20.8523 		77.4512 		-0.5177
v 20.8488 		77.44 		-0.5177
v 19.538 		81.553 		-0.823
v 19.486 		81.547 		-0.785
v 25.033 		79.293 		-0.886
v 25.0329 		79.296 		-0.888
v 19.687 		81.553 		-0.771
v 25.033 		79.292 		-0.886
v 19.631 		81.553 		-0.857
v 20.776 		77.475 		-0.516
v 34.3589 		73.5175 		-0.2976
v 21.383 		84.3715 		-0.474
v 34.333 		73.513 		-0.297
v 30.208 		73.0163 		0
v 29.6995 		73.0082 		0
v 21.383 		84.365 		-0.474
v 21.383 		84.369 		-0.474
v 29.696 		73.0081 		0
v 29.1843 		73.6492 		0
v 29.184 		73.6229 		0
v 29.184 		73.0791 		0
v 29.2218 		73.007 		0
v 25.746 		87.432 		-0.546
v 29.2248 		73.0009 		0
v 29.2253 		73.0009 		0
v 29.2253 		73.0009 		0
v 19.601 		81.189 		-0.554
v 29.6216 		73.007 		0
v 25.665 		87.432 		-0.545
v 25.665 		87.349 		-0.558
v 21.392 		84.357 		-0.475
v 28.698 		73.465 		0
v 28.698 		73.4649 		0
v 28.6969 		73.4634 		0
v 19.556 		81.189 		-0.515
v 19.781 		81.888 		-0.799
v 28.724 		73.5465 		0
v 21.376 		84.3644 		-0.4734
v 28.7258 		73.502 		0
v 34.508 		73.291 		-0.303
v 28.7291 		73.42 		0
v 19.782 		81.823 		-0.8
v 29.1817 		73.42 		0
v 20.986 		77.39 		-0.521
v 28.6917 		73.445 		0
v 28.6741 		73.42 		0
v 25.665 		87.436 		-0.545
v 28.7368 		73.2501 		0
v 28.7384 		73.216 		0
v 28.7305 		73.3841 		0
v 28.7292 		73.4177 		0
v 29.1812 		73.372 		0
v 28.729 		73.4154 		0
v 28.672 		73.4191 		0
v 28.6735 		73.4191 		0
v 29.1806 		73.216 		0
v 28.7316 		72.9946 		0
v 28.7318 		72.995 		0
v 28.7326 		72.997 		0
v 29.1801 		73.0865 		0
v 29.1801 		73.09 		0
v 19.693 		81.21 		-0.773
v 25.67 		87.416 		-0.606
v 19.65 		81.21 		-0.862
v 25.67 		87.429 		-0.597
v 21.424 		84.357 		-0.49
v 19.786 		81.83 		-0.873
v 28.672 		72.9938 		0
v 21.411 		84.377 		-0.481
v 28.7472 		73.0299 		0
v 19.551 		81.21 		-0.833
v 34.585 		73.1 		-0.307
v 19.493 		81.203 		-0.792
v 21.411 		84.357 		-0.481
v 34.585 		73.097 		-0.307
v 21.404 		84.397 		-0.49
v 34.571 		73.083 		-0.136
v 34.582 		73.096 		-0.307
v 20.864 		77.3888 		-0.5184
v 20.8939 		77.312 		-0.5198
v 21.384 		84.404 		-0.489
v 21.398 		84.397 		-0.485
v 21.398 		84.39 		-0.48
v 19.786 		81.553 		-0.802
v 34.145 		73.501 		-0.123
v 21.392 		84.377 		-0.475
v 30.22 		73.029 		-0.21
v 19.79 		81.56 		-0.876
v 19.364 		81.526 		-0.462
v 19.138 		81.804 		-0.444
v 19.159 		81.52 		-0.447
v 25.032 		79.35 		-0.897
v 25.67 		87.456 		-0.595
v 25.032 		79.325 		-0.897
v 21.353 		84.373 		-0.473
v 33.901 		73.319 		-0.034
v 34.026 		73.326 		-0.08
v 20.987 		77.35 		-0.521
v 21.371 		84.364 		-0.473
v 29.696 		73.1832 		-0.1966
v 29.696 		73.1805 		-0.1971
v 29.696 		73.2586 		-0.1963
v 25.674 		87.389 		-0.678
v 34.159 		73.514 		-0.294
v 25.679 		87.349 		-0.706
v 20.8467 		77.4331 		-0.5177
v 34.291 		73.424 		-0.298
v 34.161 		73.396 		-0.294
v 19.127 		81.804 		-0.444
v 19.131 		81.52 		-0.446
v 34.16 		73.473 		-0.294
v 21.312 		84.3577 		-0.4717
v 20.776 		77.334 		-0.517
v 21.335 		84.372 		-0.4726
v 19.364 		81.183 		-0.465
v 26.11 		87.274 		-0.606
v 19.173 		81.105 		-0.451
v 19.173 		81.177 		-0.45
v 29.553 		73.249 		-0.192
v 29.6498 		73.2171 		-0.1946
v 29.646 		73.447 		-0.192
v 34.163 		73.268 		-0.296
v 19.792 		81.21 		-0.804
v 29.6497 		73.2222 		-0.1946
v 19.792 		81.21 		-0.805
v 21.312 		84.3707 		-0.472
v 20.766 		77.316 		-0.819
v 34.152 		73.076 		-0.126
v 19.796 		81.216 		-0.878
v 29.632 		73.433 		-0.021
v 34.166 		73.09 		-0.297
v 21.2772 		84.352 		-0.4711
v 21.277 		84.354 		-0.471
v 19.137 		81.176 		-0.449
v 21.276 		77.113 		-0.538
v 21.282 		77.113 		-0.545
v 19.142 		81.176 		-0.449
v 29.219 		73.427 		-0.013
v 19.796 		80.964 		-0.807
v 21.248 		84.3672 		-0.4705
v 29.401 		73.27 		-0.189
v 29.3524 		73.4419 		-0.1869
v 29.305 		73.43 		-0.186
v 29.323 		73.4414 		-0.1863
v 19.394 		81.533 		-0.562
v 19.348 		81.533 		-0.54
v 21.256 		77.079 		-0.535
v 21.269 		77.072 		-0.547
v 21.276 		77.086 		-0.547
v 29.3 		73.441 		-0.186
v 19.8 		80.97 		-0.881
v 19.109 		81.526 		-0.518
v 33.658 		73.494 		-0.111
v 29.279 		73.441 		-0.185
v 25.384 		78.292 		-0.774
v 29.226 		73.44 		-0.184
v 19.374 		81.189 		-0.548
v 19.321 		81.183 		-0.537
v 19.4 		81.189 		-0.567
v 25.369 		78.285 		-0.612
v 29.227 		73.44 		-0.184
v 25.353 		78.285 		-0.612
v 21.281 		84.322 		-0.472
v 33.773 		73.319 		-0.073
v 21.2943 		84.224 		-0.4729
v 29.2281 		73.3184 		-0.185
v 29.2281 		73.3192 		-0.1849
v 25.67 		87.268 		-0.597
v 19.115 		81.183 		-0.52
v 33.666 		73.508 		-0.282
v 25.674 		87.234 		-0.673
v 25.674 		87.22 		-0.678
v 25.68 		87.133 		-0.681
v 21.042 		77.274 		-0.523
v 19.466 		80.212 		-0.464
v 19.483 		80.691 		-0.489
v 25.674 		87.247 		-0.666
v 29.228 		73.356 		-0.184
v 25.369 		78.283 		-0.612
v 29.228 		73.326 		-0.185
v 19.549 		80.698 		-0.51
v 24.977 		78.292 		-0.771
v 24.997 		78.292 		-0.765
v 25.679 		87.274 		-0.727
v 33.592 		73.567 		-0.28
v 24.982 		78.278 		-0.61
v 24.983 		78.278 		-0.604
v 21.205 		84.365 		-0.47
v 21.245 		77.277 		-0.528
v 21.184 		84.3636 		-0.4694
v 21.103 		77.311 		-0.524
v 29.653 		73.022 		-0.197
v 29.6499 		73.2135 		-0.1948
v 19.608 		80.698 		-0.551
v 25.679 		87.146 		-0.731
v 21.246 		77.118 		-0.529
v 31.795 		77.706 		-1.129
v 31.828 		77.645 		-0.946
v 21.247 		77.107 		-0.529
v 31.78 		77.672 		-0.794
v 29.233 		73.016 		-0.187
v 29.226 		73.002 		-0.016
v 19.803 		80.725 		-0.883
v 19.551 		80.718 		-0.831
v 19.499 		80.711 		-0.792
v 19.644 		80.718 		-0.864
v 21.226 		84.366 		-0.47
v 21.2047 		84.3663 		-0.47
v 29.639 		73.009 		-0.026
v 28.733 		73.433 		-0.172
v 33.6082 		73.5069 		-0.2809
v 33.6055 		73.5069 		-0.2809
v 33.6261 		73.4154 		-0.2822
v 21.192 		84.3649 		-0.4696
v 19.7 		80.718 		-0.778
v 28.726 		73.42 		-0.001
v 21.245 		77.102 		-0.529
v 33.6005 		73.5068 		-0.2808
v 21.131 		84.404 		-0.485
v 33.504 		73.505 		-0.279
v 19.614 		80.354 		-0.559
v 33.701 		73.082 		-0.287
v 21.132 		84.363 		-0.469
v 21.132 		84.36 		-0.468
v 19.799 		80.718 		-0.809
v 19.589 		80.354 		-0.53
v 21.132 		84.352 		-0.468
v 21.132 		84.355 		-0.468
v 21.206 		77.1 		-0.528
v 33.665 		73.07 		-0.116
v 21.132 		84.357 		-0.468
v 21.131 		84.397 		-0.476
v 21.131 		84.397 		-0.48
v 28.74 		73.009 		-0.176
v 21.227 		77.103 		-0.529
v 33.658 		73.097 		-0.286
v 21.22 		77.102 		-0.529
v 33.672 		73.083 		-0.286
v 21.168 		77.098 		-0.528
v 28.732 		72.995 		-0.006
v 19.733 		80.374 		-0.8
v 33.252 		73.501 		-0.273
v 19.545 		80.374 		-0.831
v 19.707 		80.374 		-0.781
v 19.499 		80.367 		-0.794
v 31.085 		85.886 		-0.839
v 31.07 		85.873 		-0.678
v 19.677 		80.374 		-0.872
v 19.805 		80.374 		-0.812
v 19.809 		80.381 		-0.884
v 33.255 		73.501 		-0.273
v 28.307 		73.4136 		0
v 28.3066 		73.4136 		0
v 28.3066 		73.4136 		0
v 33.238 		73.487 		-0.103
v 31.076 		85.514 		-0.681
v 28.3066 		73.4118 		0
v 28.3098 		73.216 		0
v 28.6637 		73.419 		0
v 19.772 		80.374 		-0.808
v 19.8088 		80.381 		-0.886
v 28.3132 		73.0007 		0
v 28.3134 		72.9894 		0
v 31.042 		85.872 		-0.677
v 28.5035 		72.9917 		0
v 28.5639 		72.9925 		0
v 28.343 		72.9898 		0
v 28.3711 		72.9901 		0
v 19.809 		80.381 		-0.886
v 19.8086 		80.381 		-0.8858
v 33.256 		73.244 		-0.276
v 27.1687 		73.3955 		0
v 27.136 		73.3951 		0
v 27.1755 		72.9705 		0
v 27.17 		73.315 		0
v 19.713 		79.882 		-0.783
v 27.1755 		72.9705 		0
v 19.739 		79.882 		-0.803
v 19.805 		80.344 		-0.812
v 27.136 		72.9699 		0
v 27.1681 		72.9704 		0
v 26.7548 		73.3895 		0
v 26.7562 		73.3012 		0
v 26.7564 		73.2861 		0
v 26.7564 		73.2856 		0
v 26.7574 		73.216 		0
v 21.132 		84.343 		-0.468
v 30.4901 		77.3192 		-0.7343
v 27.0828 		73.3944 		0
v 30.581 		77.3174 		-0.7364
v 30.581 		77.3149 		-0.7364
v 26.7607 		72.973 		0
v 26.7608 		72.9696 		0
v 30.581 		77.409 		-0.75
v 19.809 		80.351 		-0.886
v 19.812 		80.225 		-0.887
v 26.7616 		72.9696 		0
v 27.0963 		72.9693 		0
v 28.473 		73.534 		-0.167
v 33.245 		73.063 		-0.105
v 28.445 		73.302 		-0.168
v 19.779 		79.882 		-0.813
v 19.812 		79.882 		-0.817
v 28.32 		73.427 		-0.164
v 28.342 		73.427 		-0.164
v 20.996 		77.059 		-0.54
v 19.513 		79.875 		-0.797
v 28.321 		73.384 		-0.164
v 21.1344 		84.224 		-0.469
v 33.259 		73.076 		-0.277
v 32.511 		84.835 		-0.88
v 30.588 		77.625 		-0.919
v 21.132 		84.35 		-0.466
v 32.498 		84.761 		-0.72
v 32.497 		84.828 		-0.719
v 20.992 		77.1087 		-0.524
v 32.5009 		84.556 		-0.721
v 32.5009 		84.556 		-0.721
v 19.683 		79.889 		-0.877
v 21.312 		84.094 		-0.474
v 32.5009 		84.556 		-0.721
v 30.583 		77.638 		-0.868
v 19.584 		79.882 		-0.846
v 19.816 		79.889 		-0.891
v 21.3292 		83.968 		-0.4755
v 30.59 		77.551 		-0.868
v 30.59 		77.53 		-0.863
v 31.117 		81.479 		-0.88
v 31.117 		81.479 		-0.882
v 28.327 		73.002 		-0.167
v 19.377 		80.691 		-0.47
v 32.501 		84.556 		-0.721
v 31.01 		81.478 		-0.877
v 30.591 		77.517 		-0.857
v 20.992 		77.106 		-0.524
v 30.59 		77.375 		-0.87
v 30.586 		77.335 		-0.792
v 30.586 		77.342 		-0.799
v 30.586 		77.483 		-0.787
v 19.167 		80.685 		-0.454
v 32.503 		84.431 		-0.727
v 19.809 		80.105 		-0.815
v 20.996 		77.066 		-0.531
v 20.996 		77.059 		-0.535
v 32.503 		84.431 		-0.723
v 31.11 		81.83 		-0.879
v 31.11 		81.83 		-0.877
v 31.0856 		81.7441 		-0.877
v 32.517 		84.424 		-0.889
v 21.137 		84.094 		-0.47
v 32.517 		84.444 		-0.882
v 30.72 		81.8247 		-0.868
v 30.9824 		81.7415 		-0.8746
v 21.1391 		83.968 		-0.4712
v 19.813 		80.111 		-0.888
v 27.187 		72.982 		-0.141
v 21.04 		77.094 		-0.525
v 19.144 		80.684 		-0.453
v 21.027 		77.114 		-0.524
v 21.02 		77.106 		-0.524
v 27.18 		73.406 		-0.138
v 31.195 		84.814 		-0.69
v 31.102 		81.473 		-0.715
v 20.778 		84.399 		-0.477
v 20.778 		84.3988 		-0.4769
v 20.7765 		84.4004 		-0.512
v 20.778 		84.355 		-0.46
v 20.778 		84.353 		-0.46
v 20.778 		84.352 		-0.46
v 20.778 		84.353 		-0.46
v 30.595 		77.477 		-0.912
v 19.437 		80.347 		-0.481
v 30.589 		77.423 		-0.898
v 26.76 		73.4 		-0.128
v 20.7779 		84.353 		-0.46
v 30.8903 		84.611 		-0.685
v 30.8907 		84.611 		-0.685
v 20.778 		84.392 		-0.472
v 20.778 		84.363 		-0.462
v 20.778 		84.362 		-0.461
v 31.032 		84.612 		-0.688
v 20.7773 		84.353 		-0.46
v 31.056 		84.613 		-0.688
v 19.907 		79.579 		-0.965
v 19.173 		80.303 		-0.457
v 19.171 		80.341 		-0.457
v 19.823 		79.498 		-0.893
v 30.894 		84.611 		-0.685
v 20.778 		84.388 		-0.467
v 20.778 		84.392 		-0.467
v 30.887 		84.606 		-0.685
v 20.736 		84.3523 		-0.4591
v 19.895 		79.572 		-0.529
v 19.819 		79.491 		-0.819
v 21.3 		77.126 		-0.816
v 30.47 		81.83 		-0.866
v 30.7694 		84.6094 		-0.6817
v 21.272 		77.133 		-0.831
v 30.469 		81.882 		-0.861
v 21.293 		77.133 		-0.825
v 30.3162 		81.767 		-0.8589
v 19.154 		80.341 		-0.456
v 20.736 		84.3982 		-0.4757
v 19.15 		80.341 		-0.456
v 20.736 		84.3982 		-0.4759
v 20.7525 		84.3984 		-0.4763
v 21.252 		77.133 		-0.83
v 31.057 		84.613 		-0.688
v 30.717 		81.83 		-0.87
v 20.075 		78.487 		-0.492
v 31.057 		84.612 		-0.688
v 19.156 		79.94 		-0.46
v 21.253 		77.079 		-0.814
v 21.266 		77.079 		-0.817
v 21.266 		77.079 		-0.815
v 30.717 		81.83 		-0.868
v 30.148 		77.396 		-0.737
v 20.778 		84.224 		-0.461
v 31.071 		84.626 		-0.853
v 21.28 		77.086 		-0.817
v 21.28 		77.086 		-0.815
v 26.821 		72.978 		-0.134
v 21.259 		77.086 		-0.824
v 21.286 		77.092 		-0.815
v 19.157 		79.889 		-0.46
v 30.148 		77.335 		-0.728
v 21.279 		77.106 		-0.827
v 21.253 		77.092 		-0.826
v 21.259 		77.106 		-0.828
v 30.514 		81.83 		-0.863
v 30.47 		81.83 		-0.862
v 19.168 		79.924 		-0.46
v 26.766 		73.041 		-0.132
v 20.778 		84.345 		-0.459
v 21.293 		77.119 		-0.825
v 21.272 		77.119 		-0.829
v 31.071 		84.626 		-0.855
v 30.15 		77.632 		-0.857
v 30.155 		77.618 		-0.908
v 31.059 		84.448 		-0.69
v 20.459 		78.181 		-0.503
v 21.013 		77.079 		-0.808
v 21.012 		77.126 		-0.826
v 21.013 		77.079 		-0.813
v 21.013 		77.086 		-0.817
v 20.416 		78.181 		-0.5023
v 20.4234 		78.1848 		-0.5024
v 31.077 		84.276 		-0.86
v 30.153 		77.335 		-0.791
v 30.157 		77.369 		-0.86
v 26.767 		72.977 		-0.133
v 26.767 		72.975 		-0.133
v 30.146 		77.322 		-0.781
v 30.115 		81.455 		-0.693
v 20.778 		83.968 		-0.4632
v 20.778 		84.094 		-0.462
v 30.151 		77.51 		-0.846
v 31.077 		84.04 		-0.858
v 30.15 		77.544 		-0.857
v 31.072 		84.276 		-0.856
v 30.15 		77.524 		-0.853
v 20.992 		77.0903 		-0.524
v 20.992 		77.0903 		-0.5239
v 20.899 		77.299 		-0.52
v 20.4013 		78.1839 		-0.502
v 20.3958 		78.184 		-0.5019
v 20.374 		78.181 		-0.501
v 20.388 		78.181 		-0.501
v 20.3947 		78.1832 		-0.5018
v 19.407 		80.698 		-0.57
v 30.156 		77.416 		-0.888
v 30.0903 		81.6875 		-0.8542
v 19.361 		80.698 		-0.547
v 20.398 		78.181 		-0.502
v 19.122 		80.691 		-0.525
v 31.076 		84.04 		-0.858
v 20.3927 		78.1806 		-0.5014
v 20.3923 		78.181 		-0.5014
v 27.521 		73.029 		-0.703
v 20.3932 		78.1797 		-0.5014
v 20.3904 		78.1784 		-0.5011
v 20.3899 		78.1784 		-0.5011
v 19.414 		80.354 		-0.575
v 20.987 		77.294 		-0.522
v 30.878 		84.273 		-0.851
v 20.9879 		77.248 		-0.5225
v 20.3765 		78.1793 		-0.501
v 20.3746 		78.1802 		-0.501
v 30.146 		77.477 		-0.777
v 19.128 		80.347 		-0.528
v 19.354 		80.347 		-0.547
v 30.155 		77.497 		-0.906
v 20.288 		78.18 		-0.499
v 20.2834 		78.18 		-0.499
v 20.2788 		78.1805 		-0.499
v 20.2765 		78.1808 		-0.499
v 20.931 		77.194 		-0.522
v 20.989 		77.194 		-0.523
v 20.977 		77.194 		-0.522
v 20.224 		78.2011 		-0.5012
v 20.277 		78.18 		-0.499
v 20.2767 		78.1805 		-0.499
v 20.224 		78.18 		-0.4982
v 20.9891 		77.184 		-0.5231
v 30.588 		77.072 		-0.739
v 31.078 		84.039 		-0.858
v 30.502 		77.269 		-0.735
v 29.549 		81.446 		-0.68
v 31.09 		84.053 		-1.063
v 29.564 		81.459 		-0.848
v 20.977 		77.194 		-0.523
v 29.564 		81.459 		-0.844
v 30.678 		85.88 		-0.837
v 30.586 		77.301 		-0.787
v 30.586 		77.079 		-0.79
v 30.698 		85.88 		-0.83
v 26.2622 		73.384 		0
v 26.1263 		73.382 		0
v 26.112 		73.3818 		0
v 29.557 		81.809 		-0.846
v 29.557 		81.809 		-0.841
v 26.2625 		73.3586 		0
v 26.2622 		73.3806 		0
v 26.2625 		73.3552 		0
v 26.2644 		73.216 		0
v 26.2684 		72.9589 		0
v 26.2671 		73.0336 		0
v 30.283 		77.068 		-0.731
v 26.2666 		73.0591 		0
v 26.2681 		72.9589 		0
v 30.684 		85.866 		-0.669
v 21.435 		84.404 		-0.758
v 21.428 		84.404 		-0.767
v 21.442 		84.377 		-0.758
v 26.268 		72.9589 		0
v 26.2625 		72.9588 		0
v 26.2622 		72.9588 		0
v 30.684 		85.866 		-0.675
v 26.112 		72.9567 		0
v 26.1397 		72.9572 		0
v 30.5842 		77.205 		-0.7374
v 21.415 		84.417 		-0.76
v 25.8519 		73.3779 		0
v 25.8462 		73.3778 		0
v 25.8452 		73.3778 		0
v 21.402 		84.424 		-0.759
v 25.8452 		73.3777 		0
v 25.8472 		73.216 		0
v 25.8462 		73.2962 		0
v 25.8462 		73.3034 		0
v 25.856 		72.9528 		0
v 25.8498 		73.0219 		0
v 25.8498 		73.018 		0
v 21.155 		84.417 		-0.762
v 21.155 		84.417 		-0.758
v 21.148 		84.417 		-0.753
v 25.8504 		72.9842 		0
v 25.8508 		72.9535 		0
v 25.8508 		72.9527 		0
v 20.989 		77.169 		-0.523
v 21.155 		84.404 		-0.765
v 25.8511 		72.9527 		0
v 20.9898 		77.12 		-0.5238
v 29.551 		85.859 		-0.811
v 20.979 		77.183 		-0.523
v 29.532 		85.859 		-0.806
v 30.148 		77.095 		-0.728
v 29.517 		85.853 		-0.651
v 24.7073 		73.3663 		0
v 24.5865 		73.3643 		0
v 24.7073 		73.366 		0
v 24.7129 		72.9414 		0
v 24.7129 		72.9419 		0
v 24.71 		73.1566 		0
v 29.145 		85.853 		-0.797
v 30.148 		77.066 		-0.728
v 30.148 		77.067 		-0.728
v 29.517 		85.853 		-0.644
v 26.181 		73.279 		-0.116
v 26.268 		73.3 		-0.118
v 20.99 		77.106 		-0.524
v 20.207 		78.183 		-0.4979
v 20.2077 		78.1829 		-0.4979
v 20.209 		78.18 		-0.498
v 20.9899 		77.092 		-0.524
v 20.981 		77.092 		-0.523
v 30.153 		77.072 		-0.779
v 30.146 		77.301 		-0.777
v 20.9586 		77.0915 		-0.523
v 21.408 		84.377 		-0.776
v 21.435 		84.377 		-0.77
v 20.1209 		78.1797 		-0.4956
v 20.096 		78.177 		-0.495
v 29.131 		85.846 		-0.635
v 19.968 		78.1755 		-0.492
v 21.421 		84.39 		-0.774
v 21.154 		84.384 		-0.769
v 21.408 		84.404 		-0.771
v 20.958 		77.105 		-0.523
v 26.267 		73.393 		-0.1176
v 30.36 		84.604 		-0.672
v 21.154 		84.37 		-0.769
v 26.268 		73.311 		-0.118
v 20.9543 		77.0914 		-0.523
v 20.9517 		77.0913 		-0.523
v 30.621 		84.607 		-0.679
v 26.267 		73.3877 		-0.1177
v 20.7756 		84.4013 		-0.5333
v 20.775 		84.402 		-0.548
v 26.2028 		73.3594 		-0.1165
v 28.915 		77.598 		-0.881
v 28.941 		77.632 		-0.73
v 30.667 		84.608 		-0.679
v 30.554 		84.606 		-0.677
v 20.939 		77.091 		-0.523
v 20.768 		84.392 		-0.757
v 20.768 		84.4 		-0.755
v 20.768 		84.378 		-0.76
v 20.768 		84.41 		-0.753
v 20.768 		84.41 		-0.75
v 20.768 		84.412 		-0.749
v 20.768 		84.368 		-0.76
v 20.947 		77.0915 		-0.523
v 20.768 		84.364 		-0.761
v 20.768 		84.412 		-0.744
v 20.9483 		77.0918 		-0.523
v 26.267 		73.382 		-0.118
v 28.975 		77.658 		-1.068
v 30.317 		84.28 		-0.674
v 20.0794 		77.824 		-0.4973
v 30.69 		84.271 		-0.847
v 20.99 		77.092 		-0.524
v 24.5079 		82.944 		0
v 24.1319 		81.92 		0
v 24.325 		83.622 		-0.714
v 26.274 		72.968 		-0.12
v 24.325 		83.642 		-0.707
v 24.306 		83.952 		-0.542
v 20.9252 		77.1121 		-0.5222
v 24.311 		83.629 		-0.545
v 24.311 		83.629 		-0.552
v 20.874 		77.104 		-0.521
v 32.2322 		75.5415 		0
v 32.0259 		75.5383 		0
v 31.744 		75.534 		0
v 32.2058 		75.541 		0
v 31.6509 		75.5326 		0
v 31.6493 		75.5326 		0
v 31.6516 		75.5326 		0
v 31.6436 		75.52 		0
v 20.9135 		77.0911 		-0.5222
v 31.535 		75.2829 		0
v 31.5333 		75.2794 		0
v 31.5098 		75.28 		0
v 19.923 		78.175 		-0.491
v 31.2809 		75.2799 		0
v 31.2805 		75.2806 		0
v 31.2868 		75.28 		0
v 31.2813 		75.2798 		0
v 31.5098 		75.2742 		0
v 31.2868 		75.2797 		0
v 19.75 		78.1727 		-0.487
v 31.2873 		75.2667 		0
v 31.5099 		75.264 		0
v 31.232 		75.3764 		0
v 31.2874 		75.264 		0
v 31.1568 		75.525 		0
v 31.1564 		75.5257 		0
v 31.1561 		75.5263 		0
v 23.112 		83.602 		-0.685
v 31.1574 		75.5238 		0
v 30.72 		75.5197 		0
v 30.7366 		75.52 		0
v 20.776 		77.173 		-0.518
v 30.7366 		75.52 		0
v 30.755 		75.5203 		0
v 31.1537 		75.5262 		0
v 23.098 		83.615 		-0.518
v 23.098 		83.615 		-0.523
v 31.2938 		75.1132 		0
v 31.2877 		75.258 		0
v 23.112 		83.622 		-0.678
v 31.5086 		74.8169 		0
v 31.5102 		75.2088 		0
v 31.5084 		74.752 		0
v 32.5269 		74.6067 		0
v 32.512 		74.6065 		0
v 32.512 		74.6092 		0
v 32.5318 		74.6067 		0
v 20.776 		77.1392 		-0.5185
v 20.776 		77.1403 		-0.5185
v 30.184 		84.262 		-0.838
v 32.3406 		74.5751 		0
v 32.3408 		74.5692 		0
v 32.3422 		74.5091 		0
v 32.3423 		74.496 		0
v 32.3411 		74.496 		0
v 32.3401 		74.5915 		0
v 32.3404 		74.6071 		0
v 32.51 		74.6065 		0
v 32.3404 		74.6049 		0
v 30.184 		84.262 		-0.8353
v 32.3403 		74.6069 		0
v 23.092 		83.955 		-0.515
v 32.3401 		74.6049 		0
v 32.3401 		74.6057 		0
v 32.51 		74.6091 		0
v 32.3404 		74.6074 		0
v 32.4083 		74.6083 		0
v 20.818 		77.09 		-0.52
v 24.345 		82.483 		-0.721
v 32.3447 		74.24 		0
v 24.345 		82.463 		-0.717
v 24.331 		82.45 		-0.555
v 24.33 		82.45 		-0.562
v 30.037 		84.262 		-0.835
v 32.3436 		74.24 		0
v 32.3416 		74.4458 		0
v 32.3459 		74.0096 		0
v 32.3469 		74.0096 		0
v 32.3472 		73.984 		0
v 32.3461 		73.984 		0
v 32.3441 		74.1871 		0
v 32.3454 		74.1694 		0
v 32.3455 		74.1678 		0
v 30.035 		84.262 		-0.834
v 26.0227 		73.3889 		-0.1121
v 32.3439 		74.2057 		0
v 30.035 		84.262 		-0.833
v 25.854 		73.386 		-0.108
v 31.809 		79.02 		-0.934
v 25.914 		73.232 		-0.111
v 32.3472 		73.9805 		0
v 32.3469 		73.9805 		0
v 32.3462 		73.9805 		0
v 31.76 		78.973 		-0.782
v 32.3462 		73.9805 		0
v 31.5078 		74.6022 		0
v 31.5008 		74.0331 		0
v 26.0543 		73.3841 		-0.1129
v 31.3425 		73.906 		0
v 31.775 		78.986 		-1.119
v 32.066 		75.543 		-0.06
v 29.99 		84.262 		-0.835
v 32.0806 		75.5596 		-0.229
v 32.08 		75.556 		-0.229
v 32.08 		75.556 		-0.229
v 30.002 		84.262 		-0.831
v 20.823 		77.091 		-0.52
v 25.857 		73.152 		-0.111
v 20.8 		77.0581 		-0.576
v 20.8 		77.056 		-0.5486
v 20.8 		77.056 		-0.576
v 20.7741 		77.0578 		-0.576
v 20.775 		77.056 		-0.553
v 32.08 		75.556 		-0.229
v 25.901 		73.178 		-0.111
v 32.08 		75.556 		-0.229
v 29.938 		84.261 		-0.83
v 20.7741 		77.056 		-0.576
v 29.938 		84.262 		-0.83
v 20.776 		77.103 		-0.519
v 31.218 		79.541 		-0.733
v 31.469 		79.545 		-0.738
v 31.035 		79.539 		-0.729
v 24.345 		82.072 		-0.719
v 20.776 		77.089 		-0.519
v 20.776 		77.085 		-0.52
v 20.776 		77.062 		-0.526
v 25.857 		73.162 		-0.11
v 29.938 		84.262 		-0.829
v 24.336 		82.107 		-0.558
v 24.337 		82.059 		-0.558
v 25.857 		73.182 		-0.11
v 31.473 		79.545 		-0.788
v 31.04 		79.539 		-0.78
v 29.938 		84.262 		-0.834
v 23.132 		82.463 		-0.695
v 23.125 		82.443 		-0.688
v 20.774 		77.058 		-0.579
v 23.117 		82.436 		-0.528
v 29.938 		84.262 		-0.833
v 25.859 		73.054 		-0.112
v 25.933 		72.965 		-0.114
v 29.938 		84.261 		-0.833
v 20.707 		77.223 		-0.516
v 23.124 		82.039 		-0.532
v 25.86 		72.964 		-0.113
v 25.86 		72.962 		-0.113
v 20.65 		77.2117 		-0.5148
v 23.132 		82.052 		-0.693
v 30.1888 		84.0318 		-0.837
v 17.791 		81.782 		-0.414
v 32.473 		74.768 		-0.244
v 32.66 		74.815 		-0.249
v 31.471 		79.457 		-0.739
v 25.86 		72.964 		-0.112
v 23.117 		82.436 		-0.533
v 23.124 		82.053 		-0.531
v 20.5179 		77.1856 		-0.512
v 20.48 		77.1781 		-0.5112
v 30.1889 		84.0259 		-0.8371
v 30.188 		84.025 		-0.841
v 20.48 		77.0845 		-0.5118
v 20.4898 		77.0847 		-0.512
v 20.4883 		77.087 		-0.512
v 20.48 		77.0871 		-0.5118
v 20.776 		77.055 		-0.535
v 31.469 		79.542 		-0.738
v 20.776 		77.055 		-0.531
v 31.475 		79.276 		-0.742
v 32.086 		75.181 		-0.232
v 20.766 		77.194 		-0.82
v 30.189 		84.0241 		-0.8371
v 30.189 		84.024 		-0.837
v 32.072 		75.118 		-0.062
v 21.3643 		83.712 		-0.4784
v 20.577 		77.086 		-0.514
v 21.1432 		83.712 		-0.4736
v 32.086 		75.132 		-0.233
v 31.474 		79.181 		-0.765
v 20.766 		77.074 		-0.803
v 20.766 		77.074 		-0.808
v 20.941 		77.078 		-0.811
v 20.766 		77.075 		-0.808
v 20.766 		77.075 		-0.804
v 20.766 		77.081 		-0.812
v 20.766 		77.087 		-0.813
v 32.01 		75.13 		-0.231
v 20.766 		77.12 		-0.821
v 20.766 		77.123 		-0.821
v 25.214 		73.71 		-0.09
v 30.06 		84.022 		-0.834
v 20.766 		77.075 		-0.804
v 25.407 		73.723 		-0.095
v 31.48 		79.316 		-0.791
v 20.766 		77.075 		-0.804
v 31.484 		79.114 		-0.865
v 31.48 		79.282 		-0.805
v 31.484 		79.256 		-0.874
v 20.766 		77.075 		-0.804
v 21.1631 		83.712 		-0.474
v 30.101 		84.023 		-0.839
v 31.489 		79.181 		-0.913
v 25.287 		72.955 		-0.1
v 29.939 		84.212 		-0.83
v 31.48 		79.296 		-0.795
v 32.454 		74.781 		-0.799
v 32.634 		74.842 		-0.803
v 21.371 		83.663 		-0.479
v 29.943 		84.021 		-0.836
v 21.4053 		83.5958 		-0.4805
v 24.714 		73.373 		-0.082
v 31.66 		75.549 		-0.22
v 24.6415 		73.3717 		-0.0807
v 24.6086 		73.3711 		-0.08
v 31.653 		75.536 		-0.05
v 31.661 		75.549 		-0.22
v 31.739 		75.551 		-0.222
v 24.613 		73.177 		-0.082
v 29.816 		84.018 		-0.829
v 29.943 		84.02 		-0.832
v 31.489 		79.013 		-0.927
v 31.49 		78.999 		-0.876
v 21.391 		83.512 		-0.481
v 24.72 		72.948 		-0.087
v 31.484 		79.094 		-0.874
v 20.65 		74.5028 		0
v 20.6416 		74.5101 		0
v 20.6438 		74.24 		0
v 20.6437 		74.2486 		0
v 20.6424 		74.3752 		0
v 20.6416 		74.4478 		0
v 31.534 		75.28 		-0.009
v 20.641 		74.5108 		0
v 31.281 		75.28 		-0.002
v 20.6416 		74.443 		0
v 20.48 		74.5965 		0
v 20.5723 		74.569 		0
v 20.5782 		74.566 		0
v 20.6361 		74.4478 		0
v 20.48 		74.4445 		0
v 20.5355 		74.4456 		0
v 20.6489 		73.984 		0
v 29.504 		84.578 		-0.654
v 29.504 		84.592 		-0.653
v 21.4077 		83.513 		-0.4814
v 31.662 		75.424 		-0.221
v 21.4076 		83.5163 		-0.4813
v 20.6441 		74.2127 		0
v 20.65 		73.9321 		0
v 21.144 		83.663 		-0.474
v 23.7559 		80.896 		0
v 20.65 		73.8205 		0
v 20.65 		73.7517 		0
v 20.649 		73.7507 		0
v 20.6483 		73.8205 		0
v 23.552 		80.3405 		0
v 20.649 		73.7506 		0
v 20.6483 		73.8205 		0
v 20.6267 		73.728 		0
v 20.48 		73.8193 		0
v 20.5462 		73.8199 		0
v 21.144 		83.663 		-0.473
v 29.518 		84.599 		-0.817
v 31.035 		79.269 		-0.731
v 24.2587 		75.4304 		0
v 24.2587 		75.4287 		0
v 24.2589 		75.4215 		0
v 24.2614 		75.264 		0
v 23.7687 		75.264 		0
v 23.7662 		75.4246 		0
v 23.552 		75.4214 		0
v 20.778 		83.663 		-0.466
v 29.518 		84.599 		-0.821
v 31.049 		79.175 		-0.905
v 31.05 		79.249 		-0.866
v 24.3997 		75.4326 		0
v 24.2652 		75.0055 		0
v 24.2656 		75.0055 		0
v 31.159 		75.529 		-0.04
v 31.167 		75.543 		-0.209
v 20.496 		74.653 		-0.532
v 24.2626 		75.1874 		0
v 30.739 		75.522 		-0.029
v 31.04 		79.309 		-0.782
v 24.2632 		75.1502 		0
v 31.04 		79.289 		-0.785
v 30.753 		75.536 		-0.2
v 20.778 		83.663 		-0.465
v 30.755 		75.536 		-0.2
v 20.532 		74.498 		-0.833
v 29.518 		84.256 		-0.824
v 29.518 		84.256 		-0.821
v 21.409 		83.382 		-0.482
v 31.04 		79.276 		-0.794
v 30.758 		75.268 		-0.202
v 23.772 		75.0395 		0
v 23.7704 		75.1566 		0
v 23.7727 		75 		0
v 23.7726 		75 		0
v 23.77 		75.1869 		0
v 23.7702 		75.173 		0
v 20.538 		73.878 		-0.838
v 31.051 		79.107 		-0.854
v 31.667 		75.125 		-0.223
v 23.552 		74.9967 		0
v 23.697 		74.9987 		0
v 23.7498 		74.9996 		0
v 31.659 		75.111 		-0.055
v 24.4168 		75.0078 		0
v 19.516 		79.855 		-0.502
v 23.4407 		75.4197 		0
v 21.444 		83.278 		-0.5
v 23.3522 		75.4184 		0
v 23.3542 		75.264 		0
v 31.173 		75.118 		-0.213
v 23.3578 		74.9938 		0
v 23.4594 		74.9953 		0
v 23.4725 		74.9953 		0
v 31.166 		75.105 		-0.042
v 23.4756 		74.9953 		0
v 23.4991 		74.9959 		0
v 23.5468 		74.9966 		0
v 31.041 		79.148 		-0.769
v 23.5028 		74.996 		0
v 23.3565 		75.0897 		0
v 31.05 		78.993 		-0.868
v 31.137 		75.117 		-0.212
v 31.051 		79.094 		-0.863
v 21.412 		83.272 		-0.483
v 30.76 		75.111 		-0.203
v 20.045 		77.092 		-0.502
v 21.431 		83.272 		-0.488
v 24.19 		80.401 		-0.569
v 21.431 		83.265 		-0.491
v 30.746 		75.098 		-0.034
v 29.524 		84.013 		-0.822
v 19.968 		77.0767 		-0.5
v 29.526 		84.01 		-0.822
v 23.1039 		74.4781 		0
v 23.1047 		74.4781 		0
v 21.4015 		83.264 		-0.483
v 21.411 		83.271 		-0.483
v 31.055 		79.006 		-0.919
v 23.105 		74.4332 		0
v 23.1068 		74.24 		0
v 23.1061 		74.2727 		0
v 23.1055 		74.3447 		0
v 23.1017 		74.4781 		0
v 23.1004 		74.4781 		0
v 23.04 		74.4775 		0
v 23.0125 		74.4773 		0
v 22.9667 		74.4768 		0
v 22.528 		74.4723 		0
v 22.7104 		74.474 		0
v 22.8971 		74.4758 		0
v 22.8831 		74.4757 		0
v 22.811 		74.4749 		0
v 23.115 		73.8575 		0
v 19.923 		77.076 		-0.499
v 23.1147 		73.8575 		0
v 19.8416 		77.0751 		-0.4969
v 21.391 		83.272 		-0.482
v 23.04 		73.8559 		0
v 32.346 		74.613 		-0.074
v 24.19 		80.427 		-0.574
v 24.19 		80.422 		-0.572
v 29.526 		84.013 		-0.822
v 32.346 		74.56 		-0.074
v 19.8754 		77.1634 		-0.4973
v 24.064 		80.3999 		-0.5658
v 19.9197 		77.082 		-0.4989
v 19.621 		79.862 		-0.563
v 21.4108 		83.272 		-0.483
v 22.528 		73.8451 		0
v 22.7083 		73.8486 		0
v 22.9136 		73.853 		0
v 22.9647 		73.8542 		0
v 29.537 		84.033 		-1.027
v 19.9093 		77.0815 		-0.4986
v 19.8679 		77.0944 		-0.4977
v 19.7546 		77.0878 		-0.495
v 19.7614 		77.0783 		-0.4952
v 19.902 		77.083 		-0.4985
v 21.437 		83.258 		-0.5
v 32.346 		74.61 		-0.074
v 21.431 		83.238 		-0.5
v 32.345 		74.61 		-0.074
v 32.527 		82.98 		-0.734
v 23.768 		75.428 		-0.044
v 32.523 		83.251 		-0.737
v 24.261 		75.435 		-0.055
v 21.376 		83.257 		-0.483
v 21.404 		83.231 		-0.492
v 32.523 		83.251 		-0.733
v 21.398 		83.225 		-0.494
v 21.392 		83.257 		-0.483
v 32.537 		83.285 		-0.899
v 23.774 		75.059 		-0.048
v 19.43 		79.855 		-0.483
v 32.273 		74.613 		-0.242
v 23.775 		75.004 		-0.049
v 32.537 		83.265 		-0.892
v 21.391 		83.258 		-0.482
v 32.256 		74.6356 		-0.2414
v 24.19 		80.433 		-0.58
v 31.094 		83.053 		-0.866
v 19.169 		79.849 		-0.461
v 24.189 		80.438 		-0.585
v 23.67 		75.002 		-0.047
v 19.17 		79.871 		-0.461
v 32.537 		82.874 		-0.897
v 24.268 		75.01 		-0.059
v 29.62 		79.518 		-0.697
v 32.529 		82.877 		-0.735
v 29.627 		79.518 		-0.747
v 32.529 		82.861 		-0.735
v 29.457 		79.516 		-0.693
v 19.157 		79.849 		-0.46
v 21.391 		83.225 		-0.498
v 24.181 		80.456 		-0.82
v 29.629 		79.518 		-0.697
v 24.181 		80.455 		-0.812
v 21.397 		83.225 		-0.496
v 29.629 		79.406 		-0.698
v 29.484 		79.395 		-0.695
v 19.159 		79.849 		-0.46
v 23.355 		75.421 		-0.034
v 32.18 		74.37 		-0.241
v 20.0081 		74.496 		0
v 20.141 		74.5797 		0
v 20.1503 		74.5829 		0
v 20.3908 		74.6205 		0
v 20.3995 		74.6205 		0
v 31.11 		82.066 		-0.875
v 29.629 		79.514 		-0.697
v 29.629 		79.514 		-0.697
v 29.629 		79.514 		-0.697
v 29.629 		79.514 		-0.697
v 20.2134 		74.4395 		0
v 20.0281 		74.435 		0
v 23.376 		74.997 		-0.04
v 20.0276 		74.435 		0
v 23.361 		74.997 		-0.039
v 19.968 		74.4535 		0
v 19.982 		74.4772 		0
v 19.9903 		74.4848 		0
v 19.9561 		74.4333 		0
v 21.338 		83.256 		-0.482
v 21.3577 		83.2567 		-0.482
v 21.358 		83.255 		-0.482
v 20.0314 		74.246 		0
v 20.0316 		74.24 		0
v 20.0311 		74.2584 		0
v 23.4078 		75.0425 		-0.0403
v 23.4294 		75.071 		-0.0404
v 23.389 		75.01 		-0.04
v 19.8829 		74.3078 		0
v 19.8881 		74.3185 		0
v 19.8684 		74.24 		0
v 31.123 		82.079 		-1.078
v 20.0276 		74.4331 		0
v 20.0284 		74.3936 		0
v 20.0301 		74.3072 		0
v 29.629 		79.514 		-0.697
v 20.4064 		74.4431 		0
v 20.224 		74.4397 		0
v 21.3395 		83.2532 		-0.4821
v 21.3673 		83.256 		-0.4825
v 23.957 		80.399 		-0.563
v 20.0359 		73.8147 		0
v 21.357 		83.2569 		-0.482
v 23.957 		80.421 		-0.567
v 29.194 		79.512 		-0.739
v 21.248 		83.2594 		-0.48
v 23.9827 		80.3992 		-0.5637
v 21.3311 		83.2528 		-0.4819
v 29.3052 		79.5141 		-0.6897
v 23.936 		80.3988 		-0.5627
v 23.957 		80.394 		-0.563
v 19.968 		73.8117 		0
v 19.9686 		73.8112 		0
v 29.344 		79.514 		-0.691
v 20.0427 		73.7558 		0
v 20.0434 		73.7553 		0
v 21.3587 		83.2568 		-0.482
v 32.353 		73.986 		-0.078
v 19.9651 		73.8139 		0
v 32.352 		73.986 		-0.079
v 20.0359 		73.8151 		0
v 32.353 		73.986 		-0.079
v 32.353 		73.985 		-0.079
v 20.0327 		74.195 		0
v 23.38 		74.997 		-0.04
v 23.414 		74.998 		-0.041
v 19.9512 		73.8309 		0
v 19.8697 		73.9853 		0
v 19.8642 		73.9956 		0
v 19.8456 		74.1154 		0
v 19.8452 		74.131 		0
v 19.8643 		73.9949 		0
v 29.37 		79.514 		-0.691
v 23.956 		80.428 		-0.574
v 19.957 		73.82 		0
v 20.3318 		73.8181 		0
v 29.273 		79.513 		-0.689
v 32.354 		73.985 		-0.079
v 30.8388 		82.1115 		-0.8681
v 30.7928 		82.1111 		-0.867
v 20.4217 		73.8188 		0
v 20.0799 		73.728 		0
v 20.362 		73.8184 		0
v 20.3352 		73.8182 		0
v 23.957 		80.388 		-0.564
v 23.957 		80.384 		-0.5634
v 23.957 		80.384 		-0.564
v 20.4068 		73.8187 		0
v 23.957 		80.384 		-0.564
v 23.957 		80.384 		-0.564
v 29.189 		79.512 		-0.688
v 23.9485 		80.384 		-0.5628
v 23.936 		80.384 		-0.5635
v 23.9483 		80.384 		-0.5638
v 21.149 		83.41 		-0.476
v 21.1502 		83.328 		-0.4766
v 23.957 		80.384 		-0.564
v 30.779 		82.1215 		-0.8666
v 23.956 		80.435 		-0.579
v 19.135 		79.855 		-0.533
v 32.379 		73.919 		-0.25
v 19.341 		79.855 		-0.547
v 29.209 		79.512 		-0.688
v 21.151 		83.277 		-0.477
v 21.151 		83.2682 		-0.477
v 21.151 		83.272 		-0.477
v 30.158 		83.766 		-0.675
v 30.317 		83.039 		-0.848
v 21.151 		83.272 		-0.476
v 19.42 		79.862 		-0.577
v 19.381 		79.862 		-0.555
v 29.189 		79.511 		-0.688
v 29.541 		83.029 		-0.83
v 32.546 		73.831 		-0.254
v 23.827 		80.398 		-0.561
v 29.412 		79.393 		-0.693
v 21.151 		83.267 		-0.477
v 29.348 		79.4083 		-0.6918
v 23.808 		80.3898 		-0.5603
v 29.3581 		79.3622 		-0.6924
v 21.151 		83.264 		-0.477
v 20.122 		74.592 		-0.523
v 29.383 		79.445 		-0.692
v 32.739 		73.824 		-0.258
v 29.3867 		79.3785 		-0.6927
v 23.8622 		80.384 		-0.5612
v 23.808 		80.384 		-0.5602
v 23.808 		80.384 		-0.5604
v 23.8195 		80.384 		-0.5608
v 29.527 		82.994 		-0.667
v 20.302 		74.653 		-0.527
v 23.9341 		80.384 		-0.5635
v 23.8212 		80.384 		-0.5609
v 23.8258 		80.384 		-0.5611
v 29.193 		79.375 		-0.689
v 19.712 		78.1722 		-0.4862
v 32.193 		74.181 		-0.244
v 32.246 		74.06 		-0.246
v 21.205 		83.261 		-0.479
v 23.71 		80.401 		-0.559
v 23.799 		80.386 		-0.56
v 23.7831 		80.3871 		-0.5597
v 23.095 		74.566 		-0.037
v 29.629 		79.249 		-0.701
v 21.184 		83.2618 		-0.4782
v 20.076 		74.485 		-0.72
v 19.616 		78.218 		-0.501
v 19.982 		74.464 		-0.521
v 19.617 		78.211 		-0.492
v 32.407 		74.673 		-0.994
v 19.616 		78.211 		-0.496
v 23.683 		80.415 		-0.567
v 23.71 		80.428 		-0.572
v 29.634 		79.296 		-0.749
v 23.69 		80.421 		-0.574
v 23.228 		74.424 		-0.042
v 32.22 		74.282 		-0.798
v 29.633 		79.256 		-0.763
v 30.478 		82.692 		-0.691
v 32.314 		74.646 		-0.797
v 29.634 		79.261 		-0.75
v 23.71 		80.428 		-0.57
v 29.634 		79.269 		-0.754
v 20.259 		74.498 		-0.825
v 19.496 		78.212 		-0.508
v 19.496 		78.215 		-0.508
v 19.896 		74.289 		-0.522
v 19.496 		78.211 		-0.508
v 21.151 		83.238 		-0.481
v 21.151 		83.258 		-0.477
v 19.496 		78.214 		-0.498
v 19.496 		78.211 		-0.496
v 21.151 		83.249 		-0.479
v 23.67 		80.401 		-0.573
v 19.617 		78.171 		-0.484
v 19.6627 		78.1716 		-0.485
v 19.617 		78.177 		-0.485
v 19.617 		78.1709 		-0.484
v 32.227 		74.478 		-0.796
v 19.617 		78.167 		-0.484
v 30.2207 		82.1803 		-0.8528
v 19.617 		78.1681 		-0.484
v 30.4338 		82.1794 		-0.8578
v 21.151 		83.263 		-0.477
v 21.12 		83.2406 		-0.4798
v 19.617 		78.164 		-0.483
v 20.089 		73.865 		-0.725
v 19.996 		73.858 		-0.528
v 23.973 		80.448 		-0.856
v 23.973 		80.448 		-0.851
v 19.6173 		78.144 		-0.484
v 30.377 		82.1889 		-0.8564
v 29.634 		79.107 		-0.752
v 23.973 		80.455 		-0.849
v 29.635 		79.188 		-0.713
v 19.902 		74.026 		-0.523
v 21.151 		83.231 		-0.485
v 21.151 		83.225 		-0.49
v 21.151 		83.225 		-0.495
v 22.921 		74.646 		-0.033
v 32.36 		73.993 		-0.803
v 22.701 		74.64 		-0.028
v 20.265 		73.871 		-0.83
v 29.37 		79.353 		-0.6928
v 30.714 		82.061 		-0.868
v 32.42 		74.053 		-1.001
v 19.6178 		78.08 		-0.4838
v 19.6178 		78.08 		-0.4838
v 23.973 		80.428 		-0.863
v 23.973 		80.415 		-0.865
v 19.618 		78.093 		-0.484
v 23.973 		80.401 		-0.865
v 30.566 		82.059 		-0.865
v 20.48 		73.6654 		0
v 20.5972 		73.698 		0
v 20.5913 		73.6955 		0
v 30.466 		82.057 		-0.863
v 20.48 		72.8832 		0
v 32.527 		73.892 		-0.809
v 21.0267 		83.2483 		-0.476
v 20.992 		83.2488 		-0.4751
v 29.195 		79.269 		-0.6901
v 29.195 		79.2686 		-0.6901
v 29.195 		79.269 		-0.6901
v 19.497 		78.166 		-0.481
v 32.583 		74.687 		-1.101
v 23.288 		74.235 		-0.044
v 32.596 		74.06 		-1.106
v 29.239 		79.294 		-0.691
v 29.2304 		79.266 		-0.6911
v 29.249 		79.2665 		-0.6914
v 29.2409 		79.284 		-0.6911
v 19.497 		78.169 		-0.481
v 29.2444 		79.2661 		-0.6913
v 23.161 		73.818 		-0.044
v 29.242 		79.266 		-0.6913
v 29.2404 		79.2659 		-0.6913
v 23.261 		73.979 		-0.045
v 20.992 		83.3137 		-0.4732
v 20.3513 		73.6305 		0
v 20.343 		73.6314 		0
v 20.1566 		73.6703 		0
v 20.1486 		73.6766 		0
v 20.3557 		72.8816 		0
v 20.3712 		72.8818 		0
v 19.6136 		78.08 		-0.4837
v 19.6142 		78.08 		-0.4838
v 30.715 		82.06 		-0.866
v 19.968 		72.9274 		0
v 20.3439 		72.8831 		0
v 29.2394 		79.2657 		-0.6913
v 19.7674 		72.9511 		0
v 19.619 		78.056 		-0.485
v 19.6217 		77.824 		-0.4866
v 19.618 		78.056 		-0.484
v 19.6187 		78.0537 		-0.485
v 19.6111 		78.056 		-0.4839
v 20.395 		72.915 		-0.544
v 19.6108 		78.056 		-0.4838
v 19.497 		78.056 		-0.482
v 20.449 		73.676 		-0.539
v 30.566 		82.058 		-0.863
v 20.195 		73.703 		-0.533
v 19.6186 		78.056 		-0.485
v 19.4954 		77.951 		-0.4827
v 19.4918 		78.056 		-0.4819
v 19.4802 		77.9008 		-0.4828
v 19.755 		72.995 		-0.529
v 23.733 		80.448 		-0.843
v 19.5038 		77.824 		-0.4838
v 19.5476 		77.824 		-0.4845
v 19.456 		78.0442 		-0.4811
v 19.456 		78.044 		-0.4811
v 29.237 		79.292 		-0.691
v 23.687 		80.401 		-0.841
v 19.4947 		78.056 		-0.4812
v 19.5185 		77.824 		-0.4839
v 20.778 		83.363 		-0.468
v 23.72 		80.448 		-0.843
v 19.456 		78.056 		-0.481
v 20.778 		83.328 		-0.4683
v 29.194 		79.262 		-0.743
v 29.194 		79.289 		-0.741
v 23.7 		80.421 		-0.851
v 29.696 		75.5033 		0
v 19.456 		78.056 		-0.481
v 23.713 		80.435 		-0.852
v 29.6093 		75.5019 		0
v 29.5997 		75.5017 		0
v 23.72 		80.401 		-0.859
v 29.44 		75.5019 		0
v 29.5973 		75.5017 		0
v 29.393 		75.502 		0
v 29.1862 		75.5021 		0
v 30.5067 		81.9503 		-0.8618
v 29.1862 		75.5022 		0
v 30.4874 		81.9933 		-0.861
v 29.1863 		75.4952 		0
v 29.1863 		75.4923 		0
v 20.864 		83.2504 		-0.4718
v 29.2 		79.249 		-0.753
v 23.162 		74.532 		-0.789
v 23.082 		74.64 		-0.59
v 29.1864 		75.4869 		0
v 29.19 		75.264 		0
v 29.1862 		75.5022 		0
v 20.879 		83.231 		-0.475
v 23.957 		80.384 		-0.563
v 28.6938 		75.4874 		0
v 28.6938 		75.4902 		0
v 28.6938 		75.4903 		0
v 19.778 		89.585 		4
v 19.915 		89.537 		4
v 20.056 		89.507 		4
v 20.2 		89.498 		4
v 20.344 		89.507 		4
v 29.195 		79.181 		-0.702
v 28.6942 		75.4639 		0
v 28.6974 		75.264 		0
v 20.485 		89.537 		4
v 20.622 		89.585 		4
v 20.056 		91.793 		4
v 20.2 		91.803 		4
v 19.915 		91.763 		4
v 19.778 		91.715 		4
v 20.778 		83.264 		-0.4689
v 29.2291 		75.0514 		0
v 29.2292 		75.049 		0
v 29.2219 		75.0311 		0
v 23.288 		74.397 		-0.597
v 30.466 		82.057 		-0.86
v 20.344 		91.793 		4
v 20.622 		91.715 		4
v 20.485 		91.763 		4
v 29.2131 		75.008 		0
v 29.2367 		75.0724 		0
v 29.2389 		75.0786 		0
v 29.193 		75.078 		0
v 29.2285 		75.0785 		0
v 23.9224 		80.384 		-0.5633
v 29.2389 		75.0787 		0
v 30.4707 		82.0958 		-0.8597
v 30.6107 		82.1497 		-0.8623
v 20.778 		83.266 		-0.468
v 23.808 		80.384 		-0.5608
v 23.9186 		80.384 		-0.5632
v 24.19 		80.212 		-0.57
v 24.064 		80.212 		-0.5673
v 29.1949 		74.9601 		0
v 19.491 		78.223 		-0.656
v 19.487 		78.231 		-0.766
v 24.175 		80.212 		-0.569
v 19.487 		78.231 		-0.765
v 19.456 		78.2249 		-0.6781
v 28.6821 		75.0647 		0
v 28.6999 		75.065 		0
v 28.7005 		75.065 		0
v 30.3673 		82.0559 		-0.8578
v 22.902 		74.694 		-0.586
v 19.528 		78.223 		-0.657
v 29.2 		79.101 		-0.741
v 20.8609 		83.2504 		-0.4717
v 20.8 		83.2479 		-0.4704
v 28.7004 		75.0759 		0
v 19.627 		78.223 		-0.66
v 30.4879 		74.5808 		0
v 30.4879 		74.5834 		0
v 30.4905 		74.5835 		0
v 30.4906 		74.5835 		0
v 30.4906 		74.5835 		0
v 30.4881 		74.5808 		0
v 30.464 		74.5807 		0
v 30.464 		74.583 		0
v 30.4917 		74.496 		0
v 30.4916 		74.4969 		0
v 19.617 		78.218 		-0.513
v 30.4916 		74.496 		0
v 30.4916 		74.5012 		0
v 19.627 		78.226 		-0.66
v 30.489 		74.5809 		0
v 30.4896 		74.5809 		0
v 30.1638 		82.1717 		-0.8516
v 29.643 		79.154 		-0.872
v 20.778 		83.247 		-0.47
v 30.4906 		74.5809 		0
v 29.97 		82.207 		-0.847
v 29.801 		82.1039 		-0.844
v 20.778 		83.254 		-0.469
v 29.7205 		82.142 		-0.8418
v 30.3718 		74.5802 		0
v 30.2982 		74.5798 		0
v 30.2786 		74.5794 		0
v 30.2784 		74.5794 		0
v 19.617 		78.212 		-0.513
v 30.4922 		74.4487 		0
v 29.9166 		82.1086 		-0.8466
v 30.4946 		74.3589 		0
v 30.4919 		74.4624 		0
v 30.4917 		74.477 		0
v 20.778 		83.238 		-0.472
v 20.778 		83.232 		-0.473
v 29.637 		79.229 		-0.833
v 20.778 		83.231 		-0.473
v 22.589 		74.633 		-0.579
v 22.709 		74.687 		-0.581
v 29.204 		79.222 		-0.824
v 29.209 		79.148 		-0.864
v 29.644 		79.053 		-0.833
v 29.644 		78.973 		-0.835
v 19.633 		78.231 		-0.774
v 24.192 		80.212 		-0.8713
v 24.219 		80.212 		-0.872
v 29.642 		79.087 		-0.883
v 19.634 		78.231 		-0.769
v 19.634 		78.231 		-0.769
v 19.634 		78.231 		-0.769
v 19.634 		78.231 		-0.769
v 19.633 		78.231 		-0.778
v 29.638 		79.087 		-0.823
v 19.486 		78.184 		-0.781
v 19.486 		78.056 		-0.78
v 19.486 		78.056 		-0.783
v 24.179 		80.212 		-0.872
v 20.778 		83.256 		-0.469
v 22.542 		74.525 		-0.774
v 22.998 		74.539 		-0.887
v 24.179 		80.212 		-0.871
v 20.761 		83.2557 		-0.4687
v 24.064 		80.212 		-0.8687
v 24.179 		80.128 		-0.8718
v 19.64 		78.198 		-0.785
v 24.181 		80.212 		-0.82
v 19.64 		78.184 		-0.785
v 20.736 		83.2552 		-0.4682
v 30.32 		74.761 		-0.197
v 22.718 		74.532 		-0.881
v 23.148 		73.818 		-0.599
v 19.634 		78.231 		-0.769
v 19.634 		78.231 		-0.769
v 20.7832 		83.231 		-0.4731
v 20.78 		83.231 		-0.473
v 20.777 		83.219 		-0.486
v 23.168 		73.912 		-0.793
v 20.778 		83.224 		-0.478
v 20.778 		83.219 		-0.481
v 19.456 		78.0509 		-0.4811
v 23.295 		74.02 		-0.6
v 19.456 		78.2261 		-0.6731
v 19.456 		78.2243 		-0.64
v 19.456 		78.2245 		-0.672
v 19.456 		78.2218 		-0.64
v 23.335 		74.208 		-0.599
v 29.649 		78.986 		-0.886
v 29.204 		79.04 		-0.824
v 22.602 		73.77 		-0.587
v 29.53 		82.752 		-0.669
v 22.731 		73.912 		-0.886
v 23.005 		73.912 		-0.891
v 30.133 		74.768 		-0.193
v 29.205 		79.08 		-0.813
v 19.363 		78.211 		-0.492
v 19.363 		78.211 		-0.494
v 23.957 		80.381 		-0.563
v 23.958 		80.2965 		-0.564
v 23.9585 		80.256 		-0.564
v 19.364 		78.212 		-0.504
v 23.9585 		80.256 		-0.5637
v 23.957 		80.381 		-0.564
v 22.555 		73.898 		-0.781
v 20.78 		83.2309 		-0.473
v 19.363 		78.211 		-0.504
v 19.376 		78.211 		-0.495
v 29.53 		82.806 		-0.669
v 29.528 		82.934 		-0.668
v 29.529 		82.869 		-0.668
v 30.294 		74.808 		-0.749
v 23.9585 		80.256 		-0.564
v 21.8011 		75.4829 		0
v 21.802 		75.401 		0
v 21.7983 		75.4762 		0
v 23.808 		80.3625 		-0.5606
v 23.808 		80.3661 		-0.5605
v 22.2142 		75.4072 		0
v 21.8022 		75.401 		0
v 21.86 		75.6226 		0
v 21.8712 		75.7626 		0
v 23.9585 		80.256 		-0.5645
v 23.9573 		80.3638 		-0.5641
v 30.107 		74.795 		-0.745
v 29.204 		78.966 		-0.827
v 23.9572 		80.3639 		-0.5641
v 23.9585 		80.256 		-0.5647
v 22.016 		74.9794 		0
v 22.2209 		74.982 		0
v 23.9584 		80.256 		-0.5647
v 21.8077 		74.9767 		0
v 21.8154 		74.9769 		0
v 23.9572 		80.3639 		-0.5641
v 19.385 		78.212 		-0.504
v 21.8077 		74.9768 		0
v 21.5701 		74.8968 		0
v 21.6029 		74.9736 		0
v 21.5708 		74.8612 		0
v 21.6031 		74.9742 		0
v 21.527 		74.752 		0
v 22.2177 		75.1894 		0
v 22.2171 		75.2286 		0
v 22.2182 		75.1596 		0
v 21.8036 		75.264 		0
v 21.7328 		75.264 		0
v 21.6766 		75.1462 		0
v 21.6951 		75.1894 		0
v 29.209 		78.979 		-0.878
v 21.6761 		75.1451 		0
v 21.8038 		75.2427 		0
v 19.362 		78.21 		-0.504
v 22.2165 		75.264 		0
v 21.8052 		75.148 		0
v 21.8076 		74.9841 		0
v 22.4898 		74.4686 		0
v 22.4907 		74.4341 		0
v 22.4921 		74.3451 		0
v 23.808 		80.2747 		-0.5613
v 23.808 		80.3082 		-0.561
v 28.896 		78.979 		-0.869
v 28.921 		78.925 		-0.72
v 23.9548 		80.3653 		-0.5641
v 22.4921 		74.3427 		0
v 20.778 		83.262 		-0.468
v 22.4936 		74.269 		0
v 22.4936 		74.2672 		0
v 22.4938 		74.2583 		0
v 22.494 		74.24 		0
v 21.504 		74.6949 		0
v 22.4898 		74.472 		0
v 23.9573 		80.3621 		-0.5642
v 22.4901 		74.472 		0
v 22.491 		74.472 		0
v 23.9546 		80.3637 		-0.5641
v 22.4913 		74.472 		0
v 23.934 		80.3544 		-0.5637
v 22.4915 		74.472 		0
v 22.4982 		73.8446 		0
v 23.8207 		80.3249 		-0.5614
v 22.4953 		74.1223 		0
v 22.4982 		73.8472 		0
v 22.4951 		74.1355 		0
v 23.808 		80.3216 		-0.5611
v 23.8136 		80.256 		-0.5617
v 23.8096 		80.256 		-0.5616
v 23.8089 		80.256 		-0.5615
v 23.808 		80.256 		-0.5615
v 19.4187 		78.164 		-0.4797
v 19.4333 		78.164 		-0.48
v 19.4301 		78.1621 		-0.4799
v 22.5016 		73.8446 		0
v 20.6577 		74.496 		0
v 19.436 		78.164 		-0.48
v 28.956 		78.946 		-1.055
v 20.8167 		74.24 		0
v 29.6 		75.502 		-0.004
v 20.736 		74.4145 		0
v 20.8147 		74.2658 		0
v 20.8161 		74.2614 		0
v 20.7205 		74.4407 		0
v 20.7243 		74.4366 		0
v 23.8148 		80.256 		-0.5618
v 23.808 		80.256 		-0.5616
v 23.9578 		80.256 		-0.5637
v 21.377 		74.272 		0
v 21.3982 		74.3747 		0
v 21.4225 		74.4922 		0
v 19.392 		78.164 		-0.4793
v 21.4124 		74.467 		0
v 19.3991 		78.1441 		-0.4795
v 19.3986 		78.144 		-0.4795
v 21.3617 		74.24 		0
v 20.8217 		74.0769 		0
v 20.8216 		74.0735 		0
v 20.8208 		74.0713 		0
v 20.7874 		73.984 		0
v 20.7296 		73.8329 		0
v 20.7271 		73.8299 		0
v 20.6537 		73.7554 		0
v 20.6523 		73.8229 		0
v 29.557 		82.045 		-0.839
v 20.6523 		73.754 		0
v 20.6523 		73.754 		0
v 29.543 		75.514 		-0.173
v 20.6523 		73.8205 		0
v 29.547 		75.515 		-0.173
v 23.849 		80.256 		-0.5625
v 23.9394 		80.256 		-0.5646
v 23.9584 		80.256 		-0.565
v 20.6509 		73.8205 		0
v 21.217 		73.748 		0
v 21.2185 		73.7513 		0
v 21.2185 		73.7587 		0
v 21.2534 		74.0156 		0
v 21.2622 		74.0799 		0
v 21.3441 		74.203 		0
v 21.2181 		73.8388 		0
v 23.849 		80.256 		-0.5623
v 22.215 		75.408 		-0.01
v 19.33 		78.171 		-0.491
v 29.496 		75.37 		-0.173
v 19.33 		78.158 		-0.491
v 19.33 		78.171 		-0.503
v 21.808 		74.977 		-0.003
v 29.616 		75.376 		-0.176
v 29.614 		75.508 		-0.175
v 23.959 		80.212 		-0.565
v 22.222 		74.983 		-0.013
v 23.811 		80.212 		-0.562
v 22.219 		75.174 		-0.012
v 23.959 		80.212 		-0.564
v 21.804 		75.241 		-0.002
v 19.33 		78.164 		-0.489
v 29.614 		75.516 		-0.1749
v 29.572 		75.515 		-0.174
v 29.61 		75.5159 		-0.1748
v 19.337 		78.164 		-0.482
v 20.768 		83.6 		-0.768
v 29.4289 		75.5124 		-0.1703
v 29.194 		75.509 		-0.165
v 19.37 		78.204 		-0.488
v 19.359 		78.204 		-0.491
v 19.356 		78.204 		-0.492
v 29.4244 		75.5123 		-0.1703
v 22.328 		74.289 		-0.022
v 19.343 		78.19 		-0.503
v 22.448 		74.512 		-0.024
v 28.701 		75.502 		-0.154
v 21.168 		83.238 		-0.763
v 29.606 		75.084 		-0.008
v 19.3772 		78.164 		-0.479
v 19.334 		78.164 		-0.49
v 21.461 		83.292 		-0.768
v 29.62 		75.091 		-0.178
v 29.62 		75.093 		-0.178
v 21.441 		83.258 		-0.768
v 29.62 		75.108 		-0.178
v 19.343 		78.191 		-0.487
v 19.357 		78.177 		-0.483
v 23.808 		80.381 		-0.5603
v 21.428 		83.245 		-0.769
v 21.435 		83.251 		-0.772
v 28.89 		81.958 		-0.661
v 22.421 		73.858 		-0.027
v 21.434 		83.258 		-0.777
v 29.516 		75.089 		-0.177
v 19.377 		78.164 		-0.479
v 21.421 		83.245 		-0.769
v 23.7032 		80.3703 		-0.5581
v 23.7033 		80.3676 		-0.5581
v 21.415 		83.245 		-0.769
v 23.703 		80.381 		-0.558
v 29.469 		75.195 		-0.175
v 23.7044 		80.3752 		-0.5581
v 21.448 		83.272 		-0.775
v 23.7083 		80.3813 		-0.5581
v 23.792 		80.381 		-0.56
v 29.313 		75.086 		-0.172
v 29.2 		75.084 		-0.169
v 23.7091 		80.3813 		-0.5581
v 22.321 		74.094 		-0.024
v 23.8029 		80.381 		-0.5602
v 21.448 		83.285 		-0.777
v 19.3748 		78.144 		-0.4792
v 19.3708 		78.1608 		-0.479
v 21.448 		83.292 		-0.779
v 23.663 		80.381 		-0.573
v 23.67 		80.381 		-0.564
v 21.414 		83.292 		-0.785
v 22.449 		74.498 		-0.577
v 22.362 		74.323 		-0.576
v 23.7053 		80.2227 		-0.5595
v 19.37 		78.164 		-0.479
v 21.168 		83.258 		-0.774
v 21.167 		83.278 		-0.779
v 21.167 		83.292 		-0.779
v 28.707 		75.078 		-0.159
v 21.168 		83.251 		-0.772
v 28.705 		75.232 		-0.157
v 22.362 		74.134 		-0.578
v 22.422 		73.946 		-0.581
v 23.709 		80.056 		-0.561
v 19.342 		78.177 		-0.487
v 22.502 		73.844 		-0.583
v 23.71 		80.054 		-0.561
v 29.57 		82.059 		-1.045
v 30.493 		74.586 		-0.032
v 23.973 		80.212 		-0.867
v 19.376 		78.1396 		-0.4792
v 23.976 		80.212 		-0.867
v 23.9776 		80.128 		-0.8678
v 30.494 		74.503 		-0.033
v 23.976 		80.212 		-0.865
v 23.974 		80.212 		-0.836
v 23.972 		80.212 		-0.815
v 23.973 		80.212 		-0.791
v 27.33 		85.826 		-0.627
v 27.378 		85.799 		-0.781
v 30.493 		74.583 		-0.032
v 19.3759 		78.1396 		-0.4792
v 27.345 		85.859 		-0.965
v 20.887 		83.231 		-0.704
v 30.493 		74.673 		-0.201
v 20.77 		83.231 		-0.7
v 30.627 		74.532 		-0.205
v 20.77 		83.229 		-0.7
v 27.06 		85.805 		-0.722
v 19.323 		78.164 		-0.493
v 19.324 		78.161 		-0.502
v 26.625 		85.785 		-0.764
v 30.255 		74.581 		-0.027
v 19.324 		78.147 		-0.497
v 19.323 		78.147 		-0.493
v 20.768 		83.258 		-0.766
v 20.768 		83.248 		-0.763
v 19.324 		78.148 		-0.502
v 20.769 		83.231 		-0.737
v 20.768 		83.244 		-0.761
v 19.324 		78.128 		-0.502
v 27.051 		85.509 		-0.592
v 27.05 		85.597 		-0.611
v 20.768 		83.232 		-0.753
v 22.03 		81.849 		-0.509
v 22.019 		81.566 		-0.511
v 27.06 		85.718 		-0.722
v 27.06 		85.684 		-0.713
v 30.673 		74.417 		-0.207
v 22.041 		81.85 		-0.509
v 27.056 		85.65 		-0.641
v 19.396 		78.056 		-0.48
v 19.392 		78.056 		-0.4798
v 19.454 		78.056 		-0.481
v 27.055 		85.509 		-0.655
v 27.06 		85.543 		-0.724
v 27.065 		85.623 		-0.763
v 19.331 		78.056 		-0.49
v 22.017 		81.623 		-0.51
v 19.331 		78.056 		-0.492
v 19.338 		78.056 		-0.483
v 19.342 		78.056 		-0.482
v 20.768 		83.272 		-0.77
v 22.045 		81.567 		-0.511
v 19.372 		78.056 		-0.48
v 19.3754 		78.056 		-0.4791
v 20.768 		83.286 		-0.77
v 22.081 		81.574 		-0.585
v 19.375 		78.056 		-0.4791
v 22.037 		82.059 		-0.507
v 22.038 		82.007 		-0.507
v 19.3749 		78.056 		-0.4791
v 19.372 		78.056 		-0.479
v 19.375 		78.056 		-0.479
v 21.649 		81.56 		-0.551
v 21.817 		81.56 		-0.518
v 26.625 		85.617 		-0.753
v 19.3732 		78.016 		-0.4793
v 26.626 		85.536 		-0.714
v 21.8 		81.567 		-0.616
v 19.3746 		77.952 		-0.4798
v 19.3736 		77.968 		-0.4797
v 19.374 		77.952 		-0.4798
v 19.3753 		77.952 		-0.4798
v 21.841 		81.567 		-0.595
v 22.075 		82.059 		-0.58
v 27.065 		85.792 		-0.773
v 19.376 		77.9279 		-0.48
v 27.065 		85.691 		-0.773
v 21.794 		82.059 		-0.614
v 21.588 		82.059 		-0.591
v 21.861 		82.059 		-0.586
v 21.629 		82.052 		-0.555
v 21.81 		82.052 		-0.513
v 21.814 		82.059 		-0.596
v 21.601 		81.567 		-0.589
v 19.38 		78.2244 		-0.64
v 27.056 		85.475 		-0.641
v 19.373 		78.222 		-0.64
v 27.055 		85.36 		-0.592
v 19.374 		78.224 		-0.67
v 19.38 		78.231 		-0.763
v 19.38 		78.229 		-0.726
v 19.3867 		78.2306 		-0.7551
v 19.3827 		78.2308 		-0.7598
v 21.513 		81.58 		-0.83
v 19.4039 		78.2294 		-0.7347
v 21.533 		81.58 		-0.812
v 19.4454 		78.2255 		-0.6848
v 19.383 		78.231 		-0.763
v 19.3885 		78.231 		-0.763
v 19.3885 		78.231 		-0.7632
v 19.383 		78.231 		-0.763
v 19.383 		78.231 		-0.763
v 19.383 		78.231 		-0.763
v 21.739 		81.58 		-0.833
v 26.942 		85.309 		-0.59
v 21.59 		81.587 		-0.902
v 21.698 		81.587 		-0.869
v 21.664 		82.079 		-0.875
v 21.733 		82.072 		-0.831
v 21.557 		82.079 		-0.901
v 19.337 		78.165 		-0.65
v 19.337 		78.17 		-0.65
v 19.347 		78.177 		-0.764
v 21.527 		82.072 		-0.808
v 19.347 		78.177 		-0.764
v 19.347 		78.177 		-0.764
v 19.347 		78.177 		-0.764
v 19.347 		78.177 		-0.764
v 19.347 		78.177 		-0.764
v 19.347 		78.177 		-0.764
v 19.347 		78.177 		-0.764
v 19.347 		78.177 		-0.764
v 19.347 		78.177 		-0.764
v 19.347 		78.177 		-0.764
v 19.347 		78.177 		-0.764
v 19.347 		78.177 		-0.764
v 27.058 		85.239 		-0.594
v 19.354 		78.191 		-0.651
v 19.345 		78.183 		-0.651
v 19.34 		78.175 		-0.65
v 27.062 		85.246 		-0.643
v 26.757 		85.235 		-0.587
v 21.44 		81.848 		-0.91
v 21.426 		82.463 		-0.832
v 21.43 		82.47 		-0.906
v 21.436 		81.801 		-0.837
v 21.435 		81.85 		-0.837
v 21.309 		82.342 		-0.537
v 21.436 		81.842 		-0.852
v 21.361 		82.396 		-0.975
v 27.058 		85.244 		-0.593
v 21.472 		81.58 		-0.838
v 21.44 		81.58 		-0.839
v 27.049 		85.239 		-0.593
v 21.499 		82.072 		-0.825
v 21.441 		81.582 		-0.861
v 21.4351 		82.0774 		-0.8914
v 21.4362 		82.079 		-0.9075
v 21.4363 		82.079 		-0.908
v 19.349 		78.056 		-0.765
v 21.444 		81.59 		-0.913
v 21.466 		82.072 		-0.833
v 19.367 		78.218 		-0.769
v 19.371 		78.213 		-0.772
v 19.375 		78.218 		-0.769
v 21.444 		81.587 		-0.913
v 19.36 		78.204 		-0.771
v 19.353 		78.184 		-0.773
v 19.366 		78.204 		-0.773
v 21.432 		82.072 		-0.834
v 21.443 		81.587 		-0.912
v 19.355 		78.189 		-0.773
v 19.356 		78.184 		-0.774
v 19.356 		78.186 		-0.773
v 19.38 		78.184 		-0.779
v 19.355 		78.056 		-0.774
v 19.356 		78.056 		-0.774
v 19.358 		78.056 		-0.775
v 19.382 		78.056 		-0.78
v 19.3822 		78.0476 		-0.7801
v 19.3819 		78.0533 		-0.78
v 19.3818 		78.056 		-0.78
v 19.37 		78.056 		-0.777
v 19.384 		78.056 		-0.78
v 22.06 		80.388 		-0.521
v 25.6 		85.9515 		0
v 22.101 		80.394 		-0.595
v 22.065 		80.388 		-0.521
v 19.623 		77.625 		-0.487
v 26.62 		85.799 		-0.713
v 19.624 		77.625 		-0.488
v 22.038 		80.387 		-0.521
v 19.55 		77.625 		-0.486
v 19.6221 		77.7878 		-0.4869
v 21.82 		80.388 		-0.626
v 21.614 		80.388 		-0.603
v 21.847 		80.388 		-0.607
v 26.617 		85.583 		-0.598
v 21.887 		80.388 		-0.601
v 26.62 		85.677 		-0.702
v 26.62 		85.718 		-0.713
v 26.616 		85.637 		-0.628
v 21.759 		80.401 		-0.843
v 21.711 		80.408 		-0.883
v 21.623 		80.408 		-0.91
v 21.553 		80.401 		-0.822
v 26.623 		85.239 		-0.633
v 26.622 		85.502 		-0.644
v 26.623 		85.462 		-0.633
v 22.034 		80.32 		-0.521
v 22.052 		79.895 		-0.525
v 26.618 		85.233 		-0.584
v 26.618 		85.502 		-0.584
v 22.108 		79.902 		-0.6
v 22.071 		79.896 		-0.525
v 22.068 		79.896 		-0.525
# 4870 vertices

g group_0_11057305

usemtl color_11057305
s 0

f 5 	3910 	8
f 19 	20 	80
f 16 	17 	15
f 768 	763 	16
f 9 	21 	22
f 782 	17 	15
f 782 	15 	151
f 15 	17 	841
f 17 	772 	841
f 27 	28 	1610
f 1596 	4617 	27
f 29 	1608 	27
f 51 	1615 	29
f 20 	22 	21
f 20 	21 	80
f 52 	55 	32
f 34 	335 	33
f 1610 	28 	36
f 228 	1610 	36
f 37 	36 	28
f 4535 	4534 	42
f 36 	46 	228
f 49 	50 	48
f 52 	32 	51
f 29 	4617 	51
f 48 	45 	53
f 57 	156 	58
f 51 	4617 	52
f 167 	45 	48
f 48 	53 	49
f 57 	58 	159
f 66 	60 	57
f 60 	57 	58
f 57 	161 	58
f 60 	161 	57
f 57 	158 	156
f 1608 	1627 	27
f 156 	64 	58
f 57 	65 	66
f 68 	65 	60
f 57 	60 	65
f 49 	53 	187
f 158 	57 	159
f 66 	68 	60
f 68 	60 	58
f 68 	58 	64
f 161 	64 	58
f 68 	161 	60
f 69 	74 	63
f 79 	80 	77
f 64 	156 	82
f 1 	2822 	83
f 65 	84 	66
f 187 	53 	83
f 68 	93 	84
f 68 	84 	65
f 84 	116 	74
f 82 	159 	64
f 58 	64 	159
f 3771 	3770 	6
f 438 	21 	88
f 11 	88 	21
f 68 	66 	93
f 93 	68 	82
f 64 	82 	68
f 161 	82 	64
f 76 	71 	78
f 80 	79 	19
f 93 	161 	68
f 111 	71 	76
f 74 	151 	63
f 114 	82 	156
f 113 	106 	698
f 121 	66 	116
f 84 	116 	66
f 26 	80 	21
f 494 	80 	31
f 26 	31 	80
f 93 	117 	116
f 93 	116 	84
f 65 	938 	84
f 116 	84 	938
f 116 	121 	74
f 65 	84 	74
f 114 	159 	82
f 4548 	98 	4549
f 115 	4549 	98
f 4548 	4547 	98
f 174 	106 	113
f 121 	117 	66
f 93 	66 	117
f 117 	93 	114
f 82 	114 	93
f 161 	114 	82
f 87 	73 	119
f 117 	161 	93
f 176 	157 	74
f 61 	1188 	118
f 138 	100 	109
f 69 	63 	5
f 117 	121 	116
f 61 	118 	496
f 119 	120 	122
f 83 	53 	1
f 176 	74 	121
f 119 	107 	120
f 117 	157 	121
f 121 	177 	117
f 161 	117 	177
f 91 	109 	123
f 121 	116 	938
f 177 	121 	938
f 119 	122 	87
f 67 	4554 	4559
f 69 	5 	4843
f 110 	124 	125
f 110 	125 	112
f 4865 	91 	123
f 69 	4843 	3910
f 12 	91 	10
f 12 	138 	91
f 91 	138 	109
f 146 	100 	138
f 5 	69 	3910
f 146 	138 	4850
f 63 	151 	4236
f 4242 	4236 	151
f 146 	4850 	155
f 149 	24 	147
f 114 	156 	157
f 24 	23 	147
f 111 	32 	859
f 157 	160 	114
f 160 	159 	114
f 117 	114 	157
f 836 	858 	36
f 114 	161 	157
f 496 	497 	61
f 156 	158 	157
f 160 	157 	158
f 159 	160 	158
f 120 	107 	162
f 159 	154 	158
f 156 	158 	154
f 151 	156 	154
f 160 	157 	154
f 161 	154 	157
f 159 	160 	154
f 748 	162 	188
f 161 	177 	154
f 153 	152 	163
f 497 	38 	61
f 156 	157 	164
f 173 	938 	164
f 55 	52 	228
f 55 	228 	46
f 15 	841 	156
f 156 	841 	158
f 150 	163 	152
f 841 	159 	158
f 155 	150 	146
f 150 	100 	146
f 160 	159 	164
f 160 	164 	157
f 150 	155 	163
f 845 	833 	164
f 173 	164 	154
f 98 	70 	4654
f 167 	168 	45
f 4860 	370 	163
f 176 	121 	157
f 13 	178 	169
f 179 	147 	23
f 156 	151 	74
f 156 	74 	157
f 37 	2067 	36
f 836 	36 	2067
f 179 	23 	49
f 46 	36 	858
f 173 	154 	177
f 185 	310 	184
f 177 	938 	173
f 55 	858 	32
f 189 	169 	178
f 189 	178 	174
f 168 	187 	83
f 179 	49 	187
f 188 	162 	107
f 191 	71 	859
f 188 	106 	174
f 187 	168 	167
f 894 	191 	859
f 188 	107 	106
f 187 	167 	175
f 894 	196 	191
f 187 	175 	179
f 188 	755 	748
f 191 	196 	1037
f 167 	48 	175
f 48 	50 	175
f 1040 	1037 	196
f 142 	198 	199
f 142 	199 	143
f 4 	168 	2825
f 124 	199 	198
f 124 	198 	125
f 198 	142 	112
f 198 	112 	125
f 188 	174 	755
f 113 	189 	174
f 219 	34 	192
f 756 	189 	113
f 14 	178 	13
f 219 	466 	34
f 373 	335 	221
f 211 	354 	216
f 224 	221 	335
f 219 	224 	335
f 229 	50 	49
f 221 	466 	224
f 229 	49 	23
f 13 	169 	41
f 295 	218 	292
f 227 	24 	211
f 335 	34 	219
f 227 	211 	216
f 3922 	192 	34
f 33 	3922 	34
f 270 	221 	224
f 270 	224 	219
f 301 	13 	244
f 252 	23 	24
f 252 	229 	23
f 69 	345 	74
f 13 	41 	244
f 124 	110 	143
f 124 	143 	199
f 183 	182 	289
f 287 	289 	182
f 144 	254 	255
f 144 	255 	145
f 14 	13 	301
f 24 	227 	252
f 256 	260 	261
f 256 	261 	257
f 287 	182 	181
f 254 	261 	260
f 254 	260 	255
f 260 	256 	145
f 260 	145 	255
f 289 	339 	183
f 181 	180 	308
f 190 	308 	180
f 254 	144 	257
f 254 	257 	261
f 258 	262 	263
f 258 	263 	259
f 69 	453 	192
f 382 	252 	383
f 265 	269 	271
f 265 	271 	266
f 249 	272 	270
f 262 	271 	269
f 262 	269 	263
f 201 	193 	339
f 193 	183 	339
f 269 	265 	259
f 269 	259 	263
f 204 	321 	203
f 262 	258 	266
f 262 	266 	271
f 267 	274 	275
f 267 	275 	268
f 229 	252 	382
f 339 	204 	202
f 276 	280 	281
f 276 	281 	277
f 205 	203 	322
f 274 	281 	280
f 274 	280 	275
f 280 	276 	268
f 280 	268 	275
f 247 	311 	310
f 274 	267 	277
f 274 	277 	281
f 278 	282 	283
f 278 	283 	279
f 284 	290 	291
f 284 	291 	285
f 282 	291 	290
f 282 	290 	283
f 290 	284 	279
f 290 	279 	283
f 282 	278 	285
f 282 	285 	291
f 420 	335 	327
f 286 	293 	294
f 286 	294 	288
f 345 	938 	65
f 402 	335 	420
f 244 	314 	301
f 331 	336 	311
f 253 	301 	319
f 287 	181 	308
f 253 	14 	301
f 192 	272 	219
f 322 	203 	321
f 301 	314 	319
f 311 	510 	172
f 453 	270 	272
f 322 	321 	324
f 319 	314 	380
f 165 	311 	172
f 165 	166 	311
f 331 	311 	166
f 310 	311 	336
f 184 	310 	186
f 336 	186 	310
f 327 	335 	330
f 356 	330 	335
f 202 	201 	339
f 204 	339 	321
f 529 	338 	194
f 322 	324 	343
f 340 	343 	320
f 324 	320 	343
f 402 	408 	335
f 342 	329 	227
f 341 	253 	319
f 253 	949 	14
f 343 	340 	205
f 322 	343 	205
f 227 	216 	342
f 329 	346 	344
f 342 	346 	329
f 330 	270 	327
f 422 	197 	384
f 247 	273 	510
f 311 	247 	510
f 325 	348 	349
f 325 	349 	332
f 293 	349 	348
f 293 	348 	294
f 272 	249 	345
f 348 	325 	288
f 348 	288 	294
f 345 	270 	272
f 249 	270 	345
f 350 	205 	340
f 65 	74 	345
f 353 	211 	352
f 367 	211 	353
f 211 	423 	352
f 354 	211 	367
f 219 	272 	270
f 424 	423 	371
f 350 	208 	205
f 350 	3765 	210
f 371 	211 	24
f 350 	210 	208
f 326 	195 	197
f 324 	456 	320
f 340 	320 	351
f 351 	350 	340
f 293 	286 	332
f 293 	332 	349
f 356 	3822 	330
f 229 	175 	50
f 356 	335 	368
f 382 	175 	229
f 356 	368 	3822
f 327 	330 	3822
f 355 	385 	153
f 364 	370 	358
f 362 	364 	358
f 352 	423 	363
f 323 	4807 	358
f 153 	163 	362
f 153 	362 	355
f 353 	2749 	367
f 356 	330 	466
f 364 	362 	163
f 367 	216 	354
f 2749 	216 	367
f 231 	232 	369
f 323 	358 	370
f 368 	270 	356
f 232 	233 	369
f 234 	374 	233
f 211 	371 	423
f 368 	373 	3822
f 370 	364 	163
f 371 	24 	149
f 369 	233 	374
f 356 	466 	368
f 234 	235 	374
f 372 	361 	375
f 371 	378 	424
f 373 	270 	368
f 221 	270 	373
f 370 	326 	323
f 4860 	326 	370
f 378 	371 	149
f 378 	149 	383
f 383 	149 	147
f 783 	784 	375
f 69 	5 	453
f 383 	147 	382
f 3822 	373 	221
f 243 	231 	452
f 376 	375 	784
f 368 	335 	373
f 175 	382 	179
f 360 	359 	376
f 3923 	335 	3922
f 3836 	3828 	379
f 359 	372 	376
f 324 	493 	452
f 314 	328 	380
f 3757 	3758 	379
f 224 	3822 	221
f 328 	405 	380
f 171 	172 	510
f 252 	227 	378
f 375 	376 	372
f 219 	3822 	224
f 517 	518 	347
f 252 	378 	383
f 368 	466 	373
f 379 	1294 	1295
f 379 	4560 	4589
f 380 	405 	377
f 373 	466 	221
f 147 	179 	382
f 330 	356 	270
f 363 	423 	1571
f 345 	69 	3922
f 517 	347 	338
f 3922 	335 	345
f 377 	405 	381
f 77 	80 	395
f 80 	436 	395
f 153 	445 	384
f 392 	384 	445
f 329 	344 	397
f 400 	401 	438
f 400 	438 	88
f 402 	407 	408
f 415 	381 	405
f 397 	337 	404
f 421 	2858 	428
f 2841 	2858 	419
f 1296 	411 	118
f 404 	419 	397
f 406 	407 	402
f 419 	2858 	421
f 419 	421 	397
f 423 	424 	1571
f 424 	426 	1571
f 405 	328 	499
f 4825 	425 	422
f 402 	427 	406
f 1105 	1127 	379
f 379 	1852 	1840
f 428 	426 	378
f 426 	424 	378
f 402 	407 	427
f 854 	427 	407
f 421 	428 	397
f 397 	428 	378
f 384 	392 	422
f 379 	1861 	1852
f 397 	227 	329
f 415 	430 	381
f 156 	164 	938
f 227 	397 	378
f 1105 	379 	1840
f 344 	337 	397
f 432 	422 	392
f 433 	536 	429
f 379 	4454 	4447
f 431 	435 	531
f 1860 	1861 	379
f 445 	432 	392
f 394 	395 	436
f 437 	438 	436
f 33 	7 	34
f 439 	440 	436
f 439 	436 	438
f 379 	1027 	4653
f 379 	1193 	1202
f 439 	438 	441
f 379 	1538 	1598
f 197 	422 	425
f 379 	1598 	1193
f 321 	490 	324
f 379 	2168 	2169
f 326 	197 	425
f 219 	34 	7
f 379 	1935 	1928
f 443 	379 	442
f 153 	384 	197
f 4573 	4584 	379
f 1666 	432 	445
f 4573 	379 	4448
f 4169 	3982 	379
f 445 	153 	385
f 379 	4171 	4169
f 444 	434 	239
f 236 	239 	434
f 238 	444 	239
f 454 	438 	437
f 379 	4447 	4449
f 448 	396 	436
f 394 	436 	396
f 436 	440 	448
f 438 	449 	441
f 438 	450 	449
f 242 	447 	240
f 251 	240 	447
f 438 	401 	450
f 236 	434 	237
f 2138 	2146 	379
f 241 	434 	242
f 447 	242 	434
f 237 	434 	241
f 379 	4601 	4171
f 243 	452 	238
f 444 	238 	452
f 369 	452 	231
f 3982 	3995 	379
f 4297 	21 	4298
f 379 	3939 	1935
f 272 	192 	453
f 3996 	4035 	379
f 80 	437 	436
f 456 	452 	369
f 457 	248 	246
f 457 	250 	245
f 248 	457 	245
f 447 	459 	251
f 2195 	379 	1928
f 250 	457 	235
f 457 	374 	235
f 379 	4584 	4601
f 374 	456 	369
f 457 	246 	458
f 485 	486 	466
f 379 	4035 	4125
f 459 	458 	251
f 246 	251 	458
f 486 	487 	466
f 379 	4125 	3950
f 457 	458 	456
f 457 	456 	374
f 431 	465 	435
f 1027 	379 	1202
f 379 	4632 	4627
f 736 	458 	459
f 327 	466 	330
f 463 	777 	462
f 2140 	2139 	379
f 2986 	429 	3001
f 4381 	463 	462
f 365 	381 	430
f 365 	430 	366
f 366 	430 	465
f 435 	465 	430
f 431 	446 	465
f 460 	429 	537
f 3900 	33 	466
f 470 	365 	366
f 366 	471 	470
f 487 	485 	466
f 4562 	4583 	464
f 542 	455 	454
f 324 	452 	456
f 80 	542 	437
f 327 	270 	466
f 466 	270 	473
f 467 	516 	475
f 270 	453 	473
f 219 	224 	466
f 455 	542 	273
f 496 	118 	411
f 460 	588 	411
f 460 	537 	588
f 451 	467 	475
f 4656 	1170 	479
f 483 	381 	365
f 482 	468 	480
f 483 	365 	470
f 468 	472 	480
f 478 	479 	1172
f 484 	377 	483
f 468 	482 	469
f 380 	341 	319
f 486 	485 	487
f 380 	491 	341
f 484 	380 	377
f 402 	420 	4100
f 379 	2195 	2168
f 492 	478 	1170
f 478 	479 	1170
f 324 	490 	493
f 481 	601 	494
f 1538 	379 	1139
f 380 	484 	491
f 474 	475 	516
f 495 	849 	341
f 1169 	4869 	492
f 80 	494 	542
f 341 	491 	495
f 491 	499 	495
f 493 	490 	521
f 492 	4659 	478
f 452 	493 	444
f 1127 	1139 	379
f 467 	515 	516
f 495 	328 	314
f 483 	377 	381
f 707 	482 	480
f 472 	488 	480
f 736 	434 	493
f 483 	500 	501
f 525 	500 	483
f 493 	434 	444
f 502 	498 	503
f 483 	501 	499
f 491 	484 	499
f 483 	499 	484
f 495 	314 	244
f 506 	504 	359
f 359 	360 	506
f 493 	513 	476
f 1169 	464 	4659
f 499 	328 	495
f 359 	508 	509
f 512 	502 	505
f 405 	499 	501
f 508 	359 	511
f 505 	502 	503
f 514 	511 	504
f 359 	504 	511
f 430 	415 	500
f 430 	500 	525
f 415 	405 	501
f 501 	500 	415
f 520 	516 	461
f 515 	461 	516
f 691 	715 	519
f 687 	504 	472
f 488 	472 	504
f 524 	517 	338
f 520 	519 	474
f 715 	474 	519
f 474 	516 	520
f 519 	461 	691
f 520 	461 	519
f 528 	4662 	527
f 493 	521 	513
f 527 	4665 	4392
f 528 	527 	4392
f 523 	522 	504
f 514 	504 	522
f 529 	524 	338
f 4665 	4667 	527
f 687 	523 	504
f 530 	451 	475
f 518 	433 	347
f 1374 	4396 	528
f 531 	526 	431
f 522 	605 	514
f 532 	533 	534
f 533 	535 	515
f 532 	535 	533
f 429 	536 	537
f 509 	760 	359
f 531 	435 	430
f 533 	515 	467
f 538 	539 	506
f 536 	3378 	537
f 584 	547 	538
f 451 	535 	799
f 518 	536 	433
f 532 	799 	535
f 539 	540 	506
f 539 	538 	547
f 548 	539 	547
f 604 	540 	548
f 539 	548 	540
f 626 	515 	535
f 604 	523 	540
f 506 	692 	488
f 437 	542 	454
f 542 	510 	273
f 560 	548 	547
f 531 	430 	525
f 551 	1238 	1245
f 565 	566 	564
f 566 	575 	564
f 451 	799 	467
f 3950 	3939 	379
f 360 	538 	506
f 574 	446 	637
f 566 	3086 	575
f 2169 	1860 	379
f 562 	564 	575
f 525 	483 	470
f 470 	471 	525
f 584 	538 	583
f 582 	583 	538
f 531 	525 	471
f 531 	471 	574
f 496 	411 	588
f 526 	531 	574
f 575 	585 	562
f 585 	580 	562
f 574 	465 	446
f 366 	574 	471
f 574 	366 	465
f 600 	601 	481
f 583 	508 	511
f 613 	600 	481
f 4558 	4560 	379
f 560 	547 	584
f 560 	584 	605
f 613 	601 	600
f 584 	583 	511
f 564 	565 	556
f 511 	514 	605
f 607 	608 	609
f 560 	605 	606
f 604 	548 	606
f 560 	606 	548
f 609 	610 	607
f 526 	597 	431
f 522 	606 	605
f 584 	511 	605
f 597 	526 	611
f 541 	540 	523
f 523 	604 	606
f 523 	606 	522
f 510 	613 	481
f 542 	615 	510
f 601 	542 	494
f 601 	615 	542
f 582 	538 	806
f 804 	806 	795
f 615 	613 	510
f 613 	615 	601
f 573 	570 	568
f 504 	506 	488
f 565 	555 	556
f 566 	580 	1003
f 438 	4298 	21
f 760 	509 	582
f 806 	760 	582
f 583 	582 	508
f 508 	582 	509
f 1104 	610 	609
f 3037 	617 	618
f 573 	616 	570
f 609 	608 	1104
f 469 	619 	620
f 469 	620 	468
f 3037 	4318 	438
f 4304 	438 	4318
f 4297 	26 	21
f 3730 	3729 	589
f 611 	614 	597
f 1003 	1015 	566
f 614 	624 	597
f 622 	621 	469
f 621 	619 	469
f 626 	535 	451
f 1015 	580 	566
f 611 	526 	628
f 720 	722 	623
f 3736 	732 	631
f 574 	637 	628
f 628 	526 	574
f 634 	633 	472
f 632 	472 	633
f 3086 	1625 	575
f 637 	614 	611
f 1218 	644 	645
f 628 	637 	611
f 643 	652 	646
f 631 	711 	720
f 659 	645 	644
f 446 	431 	665
f 624 	665 	597
f 379 	4449 	4448
f 665 	431 	597
f 642 	589 	587
f 631 	667 	587
f 642 	587 	667
f 631 	683 	711
f 635 	669 	702
f 708 	702 	669
f 625 	708 	669
f 587 	623 	713
f 683 	587 	713
f 587 	683 	631
f 686 	687 	472
f 632 	686 	472
f 496 	588 	1375
f 632 	633 	699
f 634 	700 	633
f 631 	720 	623
f 3533 	3792 	379
f 1182 	713 	623
f 541 	506 	540
f 541 	692 	506
f 541 	523 	692
f 693 	106 	107
f 544 	543 	694
f 694 	543 	546
f 694 	696 	544
f 512 	667 	631
f 545 	544 	696
f 695 	693 	107
f 659 	715 	645
f 549 	694 	550
f 546 	550 	694
f 476 	767 	769
f 2867 	741 	697
f 693 	698 	106
f 700 	488 	699
f 545 	696 	553
f 692 	699 	488
f 701 	488 	700
f 703 	695 	119
f 707 	480 	706
f 704 	703 	73
f 705 	480 	708
f 73 	703 	119
f 692 	523 	687
f 704 	87 	709
f 704 	73 	87
f 476 	769 	493
f 709 	703 	704
f 692 	687 	686
f 493 	863 	649
f 686 	632 	692
f 699 	692 	632
f 554 	553 	696
f 706 	712 	707
f 493 	649 	862
f 709 	718 	703
f 705 	712 	706
f 87 	122 	709
f 119 	695 	107
f 699 	633 	700
f 700 	634 	701
f 702 	701 	635
f 635 	701 	634
f 739 	695 	716
f 718 	716 	695
f 695 	703 	718
f 720 	721 	711
f 720 	722 	721
f 707 	724 	717
f 722 	711 	721
f 711 	721 	551
f 718 	120 	716
f 722 	713 	721
f 551 	721 	713
f 120 	739 	716
f 713 	723 	551
f 725 	558 	557
f 718 	122 	120
f 723 	552 	551
f 718 	709 	122
f 714 	723 	713
f 944 	719 	726
f 625 	669 	468
f 558 	725 	559
f 727 	468 	620
f 727 	625 	468
f 691 	645 	715
f 696 	725 	554
f 557 	554 	725
f 551 	710 	711
f 711 	1182 	721
f 162 	739 	120
f 711 	710 	1182
f 619 	734 	620
f 621 	734 	619
f 576 	563 	729
f 690 	728 	715
f 635 	634 	472
f 729 	569 	730
f 569 	567 	730
f 746 	178 	14
f 711 	722 	720
f 720 	711 	683
f 715 	659 	690
f 722 	720 	713
f 683 	713 	720
f 472 	468 	635
f 669 	635 	468
f 475 	474 	715
f 715 	728 	475
f 530 	475 	728
f 1182 	623 	722
f 727 	705 	625
f 561 	569 	729
f 835 	41 	169
f 488 	701 	480
f 702 	480 	701
f 705 	706 	480
f 702 	708 	480
f 505 	732 	507
f 717 	733 	482
f 719 	944 	482
f 733 	719 	482
f 707 	717 	482
f 731 	730 	572
f 567 	572 	730
f 572 	571 	731
f 691 	461 	645
f 1218 	645 	461
f 707 	712 	734
f 707 	734 	724
f 512 	505 	642
f 733 	717 	724
f 733 	621 	719
f 571 	559 	731
f 734 	712 	705
f 725 	731 	559
f 642 	505 	507
f 576 	729 	549
f 512 	642 	667
f 621 	733 	724
f 621 	724 	734
f 705 	727 	734
f 620 	734 	727
f 726 	719 	621
f 622 	726 	621
f 705 	708 	625
f 694 	549 	729
f 731 	725 	694
f 731 	694 	736
f 694 	725 	696
f 561 	729 	563
f 731 	493 	862
f 731 	736 	493
f 459 	447 	736
f 736 	447 	434
f 729 	730 	736
f 729 	736 	694
f 738 	740 	737
f 646 	745 	643
f 744 	643 	743
f 745 	743 	643
f 652 	747 	646
f 747 	745 	646
f 748 	695 	739
f 737 	3692 	738
f 643 	744 	747
f 744 	743 	747
f 737 	740 	3692
f 643 	747 	652
f 749 	750 	751
f 743 	745 	747
f 752 	749 	751
f 741 	744 	743
f 741 	743 	745
f 741 	745 	697
f 788 	749 	752
f 578 	577 	789
f 741 	745 	743
f 741 	743 	744
f 735 	359 	757
f 581 	586 	789
f 577 	581 	789
f 745 	758 	697
f 755 	746 	756
f 697 	758 	850
f 752 	751 	578
f 751 	750 	578
f 750 	779 	578
f 759 	757 	359
f 760 	759 	359
f 740 	763 	764
f 788 	752 	578
f 764 	765 	766
f 764 	766 	768
f 586 	591 	767
f 769 	767 	591
f 770 	771 	764
f 772 	770 	764
f 764 	771 	773
f 769 	591 	590
f 770 	766 	771
f 765 	771 	766
f 741 	758 	745
f 770 	772 	768
f 770 	768 	766
f 16 	763 	15
f 763 	768 	766
f 763 	766 	765
f 765 	773 	771
f 359 	735 	372
f 770 	782 	771
f 772 	782 	770
f 773 	771 	782
f 775 	777 	463
f 774 	776 	602
f 746 	761 	756
f 771 	841 	770
f 748 	693 	695
f 773 	841 	771
f 739 	162 	748
f 579 	578 	779
f 361 	778 	742
f 778 	361 	372
f 596 	810 	595
f 594 	749 	592
f 594 	598 	779
f 594 	779 	749
f 773 	765 	764
f 749 	779 	750
f 78 	570 	616
f 765 	764 	763
f 598 	593 	779
f 593 	579 	779
f 693 	748 	698
f 755 	756 	748
f 756 	698 	748
f 698 	756 	113
f 568 	111 	573
f 774 	602 	780
f 780 	602 	599
f 14 	825 	746
f 778 	372 	735
f 174 	178 	746
f 746 	755 	174
f 2221 	781 	785
f 785 	626 	2221
f 773 	787 	841
f 787 	773 	782
f 578 	789 	788
f 767 	789 	586
f 189 	756 	761
f 766 	938 	765
f 761 	169 	189
f 782 	762 	740
f 792 	793 	790
f 791 	790 	793
f 764 	765 	740
f 794 	787 	782
f 740 	794 	782
f 777 	775 	786
f 360 	376 	795
f 376 	784 	795
f 762 	154 	833
f 781 	534 	798
f 775 	2756 	786
f 451 	2221 	626
f 790 	797 	792
f 784 	783 	778
f 533 	798 	534
f 740 	765 	938
f 799 	798 	533
f 627 	629 	796
f 778 	795 	784
f 799 	533 	467
f 799 	800 	801
f 538 	360 	795
f 783 	1082 	742
f 823 	746 	825
f 761 	746 	823
f 783 	742 	778
f 761 	823 	835
f 735 	757 	803
f 292 	218 	1942
f 804 	795 	803
f 612 	627 	796
f 951 	796 	630
f 629 	630 	796
f 735 	803 	795
f 218 	1780 	1942
f 803 	757 	759
f 292 	1942 	318
f 799 	801 	798
f 538 	795 	806
f 863 	493 	769
f 590 	636 	769
f 760 	806 	804
f 804 	803 	760
f 760 	803 	759
f 795 	778 	735
f 793 	805 	791
f 599 	603 	780
f 603 	641 	780
f 780 	656 	774
f 151 	762 	782
f 169 	761 	835
f 154 	762 	151
f 730 	731 	819
f 2138 	379 	2139
f 768 	16 	764
f 15 	764 	16
f 15 	17 	764
f 772 	764 	17
f 731 	862 	819
f 17 	16 	772
f 768 	772 	16
f 807 	801 	800
f 1091 	1517 	1516
f 534 	799 	532
f 797 	805 	792
f 792 	805 	793
f 799 	534 	800
f 55 	46 	858
f 534 	781 	800
f 741 	793 	802
f 741 	777 	786
f 786 	792 	741
f 793 	741 	792
f 772 	17 	782
f 462 	1374 	463
f 15 	938 	16
f 16 	938 	768
f 796 	863 	867
f 770 	841 	772
f 463 	775 	828
f 786 	828 	775
f 766 	768 	938
f 775 	463 	4381
f 791 	805 	790
f 797 	790 	805
f 4791 	798 	801
f 787 	794 	841
f 1386 	1385 	2883
f 602 	810 	596
f 796 	640 	810
f 595 	810 	640
f 829 	831 	842
f 154 	164 	833
f 2885 	1386 	2883
f 827 	836 	837
f 1374 	4392 	828
f 2490 	820 	839
f 776 	810 	602
f 612 	796 	638
f 796 	769 	638
f 638 	769 	636
f 837 	832 	827
f 827 	832 	826
f 825 	14 	949
f 837 	844 	832
f 769 	796 	810
f 953 	495 	244
f 953 	244 	835
f 244 	41 	835
f 159 	841 	845
f 845 	164 	159
f 846 	253 	341
f 839 	842 	830
f 851 	1531 	848
f 846 	341 	849
f 850 	848 	847
f 834 	839 	820
f 838 	833 	845
f 829 	842 	839
f 848 	847 	843
f 953 	849 	495
f 829 	839 	834
f 15 	156 	938
f 848 	850 	851
f 851 	848 	843
f 758 	741 	850
f 843 	2899 	851
f 2229 	2298 	831
f 469 	2307 	882
f 855 	856 	857
f 918 	832 	844
f 832 	918 	852
f 826 	832 	852
f 840 	807 	800
f 858 	836 	827
f 2276 	1555 	446
f 851 	802 	848
f 857 	854 	856
f 851 	850 	802
f 649 	648 	862
f 741 	802 	850
f 861 	427 	854
f 650 	863 	651
f 861 	865 	427
f 565 	884 	555
f 861 	854 	853
f 856 	855 	865
f 656 	780 	654
f 855 	886 	865
f 864 	913 	860
f 866 	860 	913
f 866 	915 	919
f 658 	867 	774
f 641 	654 	780
f 890 	899 	865
f 655 	774 	656
f 867 	810 	776
f 865 	861 	856
f 857 	856 	861
f 865 	406 	427
f 861 	853 	857
f 863 	650 	649
f 856 	854 	865
f 1170 	464 	869
f 769 	810 	863
f 865 	854 	406
f 862 	863 	796
f 854 	4091 	853
f 863 	810 	867
f 857 	853 	855
f 879 	880 	881
f 879 	846 	849
f 639 	796 	653
f 640 	796 	639
f 867 	653 	796
f 1169 	868 	464
f 879 	849 	880
f 883 	469 	882
f 402 	4100 	407
f 854 	407 	4100
f 4100 	4091 	854
f 858 	2432 	2386
f 890 	865 	886
f 881 	891 	892
f 881 	892 	879
f 884 	902 	869
f 855 	938 	886
f 864 	892 	913
f 913 	892 	891
f 927 	882 	885
f 856 	865 	899
f 857 	856 	899
f 899 	854 	857
f 111 	859 	71
f 4669 	884 	1374
f 890 	408 	854
f 899 	890 	854
f 903 	904 	902
f 884 	902 	904
f 884 	904 	905
f 32 	858 	859
f 902 	884 	905
f 902 	905 	904
f 902 	904 	903
f 864 	1096 	892
f 854 	407 	406
f 902 	903 	904
f 902 	904 	905
f 902 	905 	884
f 1210 	1146 	884
f 407 	854 	408
f 408 	890 	938
f 651 	863 	661
f 335 	408 	938
f 2291 	885 	882
f 776 	774 	867
f 664 	666 	660
f 658 	774 	660
f 673 	670 	863
f 671 	673 	863
f 915 	866 	913
f 774 	655 	664
f 664 	660 	774
f 883 	914 	469
f 884 	868 	555
f 658 	657 	867
f 657 	663 	867
f 662 	867 	663
f 914 	622 	469
f 867 	662 	653
f 869 	868 	884
f 926 	927 	885
f 661 	863 	668
f 862 	672 	671
f 863 	862 	671
f 668 	863 	670
f 868 	1210 	884
f 931 	882 	927
f 943 	866 	919
f 2418 	852 	918
f 915 	1128 	919
f 948 	674 	862
f 882 	931 	883
f 918 	1219 	1342
f 938 	890 	886
f 944 	883 	931
f 1344 	918 	1342
f 919 	941 	943
f 647 	675 	862
f 345 	335 	938
f 648 	647 	862
f 918 	3672 	3671
f 938 	794 	740
f 796 	819 	862
f 838 	845 	924
f 924 	938 	946
f 883 	944 	945
f 945 	944 	726
f 1076 	866 	943
f 845 	938 	924
f 948 	679 	674
f 672 	862 	674
f 965 	949 	846
f 680 	951 	681
f 630 	682 	951
f 931 	482 	944
f 938 	845 	841
f 825 	949 	950
f 781 	2221 	2158
f 678 	948 	676
f 948 	862 	676
f 675 	676 	862
f 883 	945 	914
f 938 	855 	947
f 948 	678 	677
f 946 	938 	947
f 825 	950 	823
f 938 	841 	794
f 953 	954 	849
f 951 	680 	948
f 682 	681 	951
f 953 	950 	954
f 680 	679 	948
f 953 	835 	823
f 953 	823 	950
f 684 	4227 	685
f 685 	4227 	688
f 819 	951 	952
f 622 	914 	945
f 726 	622 	945
f 958 	2315 	959
f 796 	951 	819
f 2314 	959 	2315
f 688 	952 	677
f 952 	948 	677
f 2314 	2289 	959
f 954 	880 	849
f 966 	963 	964
f 954 	950 	965
f 958 	959 	978
f 971 	972 	962
f 952 	951 	948
f 971 	962 	974
f 965 	950 	949
f 4187 	4227 	689
f 689 	4227 	684
f 949 	253 	846
f 965 	846 	879
f 1110 	918 	844
f 926 	958 	978
f 819 	952 	4227
f 885 	958 	926
f 736 	730 	4227
f 962 	972 	959
f 4693 	980 	753
f 981 	982 	983
f 972 	978 	959
f 754 	753 	980
f 991 	973 	992
f 1002 	1085 	994
f 994 	987 	1251
f 987 	1014 	1251
f 994 	1014 	987
f 1020 	996 	997
f 995 	998 	984
f 995 	1131 	1001
f 983 	982 	997
f 1003 	1004 	993
f 1625 	1004 	1003
f 333 	1005 	1006
f 333 	1006 	334
f 1085 	1047 	987
f 973 	1017 	1004
f 1003 	993 	902
f 995 	1001 	998
f 994 	1251 	1002
f 800 	998 	1126
f 1003 	1004 	1017
f 1002 	1014 	994
f 1003 	902 	1004
f 997 	982 	1020
f 1003 	991 	1015
f 404 	1103 	995
f 991 	1003 	1017
f 954 	1109 	880
f 884 	565 	902
f 1003 	902 	565
f 871 	870 	1030
f 891 	881 	1095
f 869 	902 	993
f 1003 	565 	564
f 4324 	872 	1027
f 872 	871 	1027
f 1030 	1027 	871
f 903 	902 	1116
f 1003 	1116 	902
f 1137 	1184 	918
f 1116 	1003 	1053
f 1003 	1017 	1053
f 1003 	564 	1067
f 902 	884 	1004
f 1067 	1017 	1003
f 1028 	1041 	977
f 1087 	989 	1044
f 1049 	989 	1087
f 1017 	973 	991
f 1027 	1050 	4653
f 451 	530 	2221
f 1027 	1030 	1050
f 1060 	1028 	977
f 873 	4602 	874
f 870 	875 	1030
f 1030 	878 	1050
f 878 	876 	1050
f 877 	1050 	876
f 875 	878 	1030
f 877 	874 	1050
f 1125 	941 	919
f 1058 	659 	644
f 991 	1067 	1015
f 1104 	904 	903
f 1063 	644 	1061
f 992 	1067 	991
f 985 	1053 	973
f 973 	1053 	1017
f 992 	973 	1067
f 1054 	1069 	1049
f 1067 	973 	1017
f 989 	1069 	987
f 1070 	1038 	1039
f 1061 	1340 	1338
f 1069 	989 	1049
f 1071 	1072 	860
f 1110 	844 	1120
f 1058 	644 	1063
f 1072 	864 	860
f 1038 	1070 	1083
f 985 	1073 	1053
f 1074 	1053 	1073
f 1075 	1038 	1083
f 1058 	840 	1126
f 1128 	1071 	1076
f 1061 	807 	1063
f 1063 	807 	840
f 1041 	1060 	977
f 1041 	1028 	1060
f 1047 	1044 	989
f 1063 	840 	1058
f 989 	987 	1047
f 989 	1047 	1044
f 690 	659 	1058
f 989 	1044 	1047
f 989 	1047 	1000
f 963 	1000 	964
f 1058 	1126 	1159
f 989 	1000 	963
f 361 	742 	1080
f 1081 	1070 	1039
f 375 	1082 	783
f 1047 	989 	963
f 966 	964 	1085
f 1082 	1084 	1080
f 1123 	1077 	1084
f 1083 	1070 	1081
f 1084 	1077 	1080
f 987 	994 	1085
f 1086 	915 	913
f 1085 	964 	1000
f 1071 	860 	1076
f 1083 	983 	1075
f 1044 	1047 	1087
f 742 	1082 	1080
f 1088 	1087 	1047
f 1085 	1087 	1088
f 1054 	1049 	1087
f 983 	1089 	981
f 860 	866 	1076
f 1096 	864 	1072
f 1077 	1123 	1092
f 1092 	1123 	1124
f 1086 	1072 	1071
f 1090 	498 	1087
f 1086 	1071 	1128
f 1083 	1089 	983
f 1072 	1086 	1096
f 915 	1086 	1128
f 887 	893 	1078
f 1094 	1090 	1087
f 1096 	1098 	1095
f 1078 	1079 	887
f 888 	887 	1079
f 893 	895 	1078
f 1087 	1093 	1094
f 1098 	1096 	1086
f 896 	1078 	895
f 913 	891 	1098
f 1109 	954 	1100
f 1109 	1100 	1096
f 896 	901 	1078
f 1095 	1109 	1096
f 1079 	1099 	888
f 4670 	868 	884
f 1101 	1089 	1102
f 1090 	503 	498
f 1089 	1083 	1102
f 889 	888 	1099
f 502 	1087 	498
f 1092 	1124 	1097
f 608 	1107 	1104
f 900 	898 	1105
f 897 	1105 	898
f 900 	1105 	1106
f 1087 	1085 	1093
f 897 	912 	1105
f 965 	1100 	954
f 1081 	1108 	1102
f 965 	879 	1100
f 1083 	1081 	1102
f 892 	1096 	1100
f 608 	607 	1107
f 1103 	1131 	995
f 985 	1107 	1073
f 1093 	1085 	1002
f 1069 	1054 	1087
f 1107 	1116 	1073
f 1074 	1073 	1116
f 1270 	987 	1087
f 1116 	1107 	903
f 987 	1069 	1087
f 900 	1106 	901
f 1053 	1074 	1116
f 502 	512 	1087
f 1748 	1103 	1751
f 1078 	901 	1106
f 562 	580 	1015
f 1106 	1895 	1079
f 1151 	1152 	1103
f 1067 	564 	1015
f 1102 	1108 	1110
f 1117 	1119 	1129
f 1121 	1129 	1119
f 966 	1085 	963
f 1103 	1143 	1131
f 1100 	879 	892
f 1111 	1260 	1112
f 1728 	1751 	1103
f 1117 	1264 	1118
f 935 	4617 	337
f 1098 	891 	1095
f 1120 	1102 	1110
f 963 	1085 	1047
f 880 	1109 	881
f 1109 	1095 	881
f 1085 	1088 	1047
f 1047 	1085 	1088
f 1106 	1079 	1078
f 1047 	1088 	1085
f 1047 	1085 	1000
f 1120 	1122 	1101
f 1120 	1101 	1102
f 907 	906 	1139
f 906 	908 	1139
f 907 	1139 	909
f 1139 	1127 	910
f 1086 	913 	1098
f 1161 	1125 	1076
f 1124 	1091 	1097
f 910 	1127 	911
f 912 	911 	1127
f 1127 	1105 	912
f 909 	1139 	910
f 840 	800 	1126
f 1125 	1128 	1076
f 1132 	1133 	1108
f 1126 	1143 	1159
f 1132 	918 	1110
f 1099 	908 	889
f 1269 	1259 	1114
f 1133 	1110 	1108
f 562 	1015 	564
f 1108 	1189 	1132
f 987 	1270 	994
f 903 	1107 	1104
f 1118 	1264 	1115
f 1264 	1271 	1114
f 1129 	1140 	1117
f 1273 	1087 	512
f 551 	1134 	1141
f 1132 	1189 	1137
f 1001 	1131 	1126
f 908 	1099 	1139
f 1133 	1132 	1110
f 1137 	918 	1132
f 1131 	1143 	1126
f 1091 	1124 	1130
f 1104 	1107 	607
f 1104 	607 	610
f 1091 	1130 	1136
f 552 	723 	1134
f 1126 	998 	1001
f 1115 	1264 	1114
f 1144 	1142 	1138
f 1210 	993 	1146
f 1145 	1146 	993
f 1145 	993 	1004
f 552 	1134 	551
f 1135 	1141 	1134
f 1141 	1135 	1138
f 1147 	1142 	1144
f 1141 	1138 	1142
f 1145 	1625 	1146
f 1143 	1160 	1159
f 1140 	1150 	1117
f 1145 	884 	1146
f 919 	1128 	1125
f 1260 	1524 	1112
f 1111 	1114 	1259
f 1152 	1151 	1154
f 1150 	1266 	1117
f 1141 	1142 	1211
f 1154 	1151 	1153
f 1142 	1212 	1211
f 1039 	1038 	996
f 1146 	973 	1145
f 1212 	1142 	1147
f 1004 	1145 	973
f 1153 	1151 	1174
f 1153 	1152 	1154
f 1004 	884 	1145
f 1038 	1075 	996
f 1130 	1724 	1750
f 1104 	1107 	1279
f 1160 	1143 	1103
f 943 	1156 	1076
f 973 	1279 	985
f 943 	941 	1155
f 1157 	3695 	1156
f 1155 	1157 	1156
f 943 	1155 	1156
f 1138 	1135 	1164
f 1166 	1134 	723
f 1004 	1625 	1145
f 580 	1625 	1003
f 983 	997 	1075
f 1158 	1555 	1157
f 1157 	1155 	1158
f 1125 	1158 	1155
f 1160 	1152 	1159
f 1161 	1156 	1555
f 1158 	1125 	1161
f 1155 	941 	1125
f 637 	1555 	1156
f 1156 	1161 	1076
f 1157 	1555 	3695
f 1158 	1161 	1555
f 1166 	1164 	1135
f 1103 	1152 	1160
f 1169 	492 	1170
f 1058 	1159 	1153
f 1164 	1166 	1168
f 1159 	1152 	1153
f 1134 	1166 	1135
f 929 	1176 	928
f 929 	930 	1176
f 925 	1410 	930
f 932 	928 	1176
f 1183 	1165 	1219
f 1165 	1190 	1219
f 1169 	1170 	1178
f 933 	1176 	934
f 1164 	1168 	1226
f 1178 	1169 	1172
f 1183 	1219 	1184
f 939 	1176 	937
f 933 	937 	1176
f 1176 	936 	932
f 1176 	939 	936
f 1091 	1200 	1097
f 1174 	1766 	1857
f 1162 	1215 	1189
f 1183 	1215 	1165
f 1183 	1184 	1215
f 1189 	1215 	1184
f 710 	1216 	1182
f 1180 	1190 	1165
f 1169 	492 	1172
f 492 	478 	1172
f 1184 	1219 	918
f 1174 	1857 	1845
f 722 	721 	1182
f 1166 	714 	1168
f 1137 	1189 	1184
f 713 	1168 	714
f 1081 	1162 	1108
f 1136 	1787 	1831
f 1162 	1189 	1108
f 1081 	1039 	1162
f 723 	714 	1166
f 1039 	1215 	1162
f 1182 	1168 	713
f 1550 	1201 	1180
f 1199 	1200 	1639
f 922 	1410 	925
f 1169 	4659 	492
f 1180 	1201 	1190
f 1169 	1210 	868
f 1410 	1176 	930
f 1216 	551 	1245
f 1216 	710 	551
f 1037 	570 	1710
f 1146 	1625 	1210
f 1210 	973 	1146
f 1210 	1625 	1213
f 922 	921 	1410
f 1213 	1255 	1253
f 1130 	1638 	1724
f 1180 	1165 	1215
f 1144 	1214 	1212
f 1170 	869 	993
f 1061 	1233 	1322
f 1061 	644 	1233
f 1257 	1213 	1210
f 1147 	1144 	1212
f 1169 	1178 	1210
f 1214 	1144 	1138
f 1257 	1210 	1178
f 1330 	1162 	1331
f 1138 	1164 	1214
f 1093 	1002 	1216
f 1163 	1331 	1162
f 1190 	1550 	1219
f 1216 	1270 	1093
f 61 	4651 	1202
f 1212 	1220 	1211
f 61 	1202 	1188
f 1180 	1219 	1550
f 1272 	1268 	1199
f 1199 	1234 	1200
f 1168 	1182 	1226
f 1180 	1201 	1219
f 1218 	1233 	644
f 1220 	1212 	1226
f 1210 	1253 	973
f 1210 	1213 	1253
f 1226 	1238 	1220
f 1202 	4651 	1027
f 1322 	1233 	1217
f 1245 	1238 	1226
f 917 	1489 	920
f 1218 	1265 	1233
f 1075 	997 	996
f 1234 	1235 	1200
f 1252 	1039 	996
f 996 	1258 	1252
f 1238 	551 	1220
f 1185 	1250 	1186
f 1258 	996 	1020
f 1214 	1226 	1212
f 1191 	1254 	1192
f 1226 	1214 	1164
f 1191 	1194 	1254
f 1226 	1182 	1245
f 1182 	1216 	1245
f 1253 	1255 	1172
f 1234 	1853 	1235
f 1194 	1186 	1250
f 1194 	1250 	1254
f 1256 	1020 	982
f 1251 	1014 	1002
f 1258 	1020 	1256
f 1642 	1235 	1624
f 1252 	1275 	1274
f 1192 	1254 	1195
f 1255 	1257 	1172
f 551 	1211 	1220
f 551 	1141 	1211
f 1268 	1234 	1199
f 1257 	1178 	1170
f 1275 	1252 	1258
f 1257 	1178 	1172
f 1217 	1267 	728
f 1217 	728 	690
f 1253 	1172 	1292
f 1267 	530 	728
f 1253 	1277 	1279
f 1217 	1233 	1265
f 1266 	1283 	1264
f 1266 	1150 	1205
f 1855 	1268 	1261
f 1206 	1283 	1205
f 1207 	1283 	1206
f 1265 	1267 	1217
f 1213 	1625 	1255
f 1271 	1254 	1269
f 1255 	1170 	1213
f 1210 	1213 	1170
f 1094 	1093 	1270
f 993 	1210 	1170
f 1265 	1468 	1267
f 1252 	1274 	1039
f 1273 	1090 	1270
f 1170 	1255 	1257
f 1213 	1257 	1255
f 1274 	1215 	1039
f 1260 	1111 	1259
f 1273 	732 	505
f 1269 	1114 	1271
f 1263 	1271 	1264
f 1264 	1117 	1266
f 1276 	1198 	1197
f 1276 	1197 	1204
f 1270 	1090 	1094
f 1278 	1279 	1277
f 1272 	1261 	1268
f 503 	1090 	1273
f 1281 	1278 	1277
f 505 	503 	1273
f 1272 	1262 	1261
f 1260 	1259 	1250
f 1273 	631 	732
f 1278 	1281 	1282
f 1286 	1303 	1285
f 1287 	1320 	1286
f 1276 	1283 	1198
f 1208 	1198 	1283
f 1281 	1277 	1253
f 1263 	1264 	1283
f 1273 	512 	631
f 1284 	1288 	1285
f 1066 	1068 	1598
f 1289 	1286 	1285
f 1002 	994 	1270
f 1209 	1208 	1283
f 1266 	1205 	1283
f 1209 	1283 	1207
f 1292 	1281 	1253
f 1270 	1216 	1002
f 1254 	1250 	1259
f 1259 	1269 	1254
f 1281 	1292 	1282
f 1293 	1282 	1292
f 1270 	1087 	1273
f 1292 	1172 	1293
f 1271 	1263 	1254
f 1283 	1254 	1263
f 1454 	1193 	1068
f 1276 	1204 	1203
f 1291 	1285 	1290
f 1288 	1290 	1285
f 1289 	1285 	1478
f 1478 	1285 	1297
f 1291 	1297 	1285
f 1188 	1296 	118
f 1283 	1321 	1254
f 1295 	1327 	1298
f 1327 	1328 	1298
f 1290 	1288 	1284
f 1296 	1315 	411
f 1291 	1289 	1297
f 1478 	1297 	1289
f 1290 	1284 	1291
f 411 	1315 	460
f 1297 	1291 	1290
f 1313 	1299 	1236
f 1237 	1236 	1299
f 1236 	1239 	1313
f 1300 	1091 	1136
f 1203 	1232 	1276
f 1299 	1276 	1232
f 1284 	1301 	1291
f 1231 	1299 	1232
f 429 	460 	1315
f 1237 	1299 	1231
f 1303 	1301 	1284
f 1284 	1285 	1303
f 1302 	1337 	1304
f 1289 	1291 	1301
f 1303 	1320 	1301
f 429 	1315 	3053
f 1305 	1230 	1229
f 1303 	1256 	1301
f 1305 	1308 	1313
f 1107 	985 	1279
f 1297 	1314 	1291
f 1308 	1299 	1313
f 1301 	1256 	1291
f 973 	1253 	1279
f 1289 	1287 	1286
f 916 	940 	1489
f 1239 	1240 	1313
f 960 	961 	1700
f 960 	1700 	957
f 957 	1700 	955
f 1313 	1240 	1230
f 1313 	1230 	1305
f 1228 	1305 	1229
f 1320 	1303 	1286
f 1289 	1301 	1320
f 2756 	1301 	1314
f 1303 	1301 	1320
f 942 	1489 	940
f 1516 	1497 	1091
f 1497 	1498 	1091
f 1287 	1289 	1320
f 1258 	1256 	1287
f 1286 	1274 	1275
f 1254 	1321 	1195
f 1291 	1314 	1301
f 1241 	1196 	1321
f 1195 	1321 	1196
f 1242 	1323 	1243
f 1246 	1495 	1244
f 1286 	2756 	1274
f 1287 	2756 	1286
f 1301 	2756 	1287
f 1320 	1301 	1287
f 1274 	2732 	1215
f 1323 	1299 	1308
f 1325 	1308 	1305
f 1303 	1320 	1256
f 1290 	1291 	1256
f 1287 	1286 	1258
f 1286 	1275 	1258
f 1257 	1641 	1178
f 1283 	1276 	1321
f 1314 	1290 	1256
f 1299 	1321 	1276
f 1323 	1242 	1321
f 1241 	1321 	1242
f 1320 	1287 	1256
f 1323 	1321 	1299
f 1325 	1323 	1308
f 1331 	1384 	1330
f 1656 	1641 	1255
f 1255 	1625 	1656
f 1265 	1218 	1333
f 1162 	1330 	1332
f 1329 	1332 	1330
f 1330 	3949 	1329
f 1331 	3949 	1330
f 1163 	1332 	1331
f 971 	974 	1328
f 1329 	1330 	1384
f 1334 	1329 	1384
f 1248 	1247 	1325
f 1248 	1325 	1246
f 1246 	1325 	1495
f 974 	1298 	1328
f 1247 	1249 	1325
f 1325 	1249 	1323
f 1243 	1323 	1249
f 1343 	1306 	1307
f 1332 	1329 	1334
f 1336 	1382 	1334
f 3949 	1336 	1329
f 1331 	1332 	1384
f 1309 	1337 	1310
f 1304 	1337 	1309
f 1337 	1339 	1311
f 1337 	1311 	1310
f 1341 	1327 	1294
f 1311 	1339 	1312
f 802 	1389 	1393
f 1340 	1335 	1338
f 1343 	1319 	1339
f 1316 	1343 	1317
f 1317 	1343 	1307
f 1316 	1318 	1343
f 1340 	1322 	1335
f 1343 	1318 	1319
f 1327 	1295 	1294
f 1364 	1344 	1342
f 1312 	1339 	1319
f 1459 	1386 	2885
f 1315 	1493 	1326
f 1300 	1341 	1294
f 1300 	1136 	1341
f 1136 	3261 	1341
f 1338 	1468 	1376
f 1338 	1376 	1502
f 1163 	1162 	1332
f 1377 	497 	496
f 4662 	528 	1374
f 1375 	1377 	496
f 4392 	1374 	528
f 1375 	1315 	1296
f 1382 	1383 	1384
f 1336 	1334 	1384
f 1383 	1336 	1384
f 1296 	1188 	1375
f 1188 	1202 	1377
f 1332 	1334 	1382
f 1382 	1336 	1383
f 1188 	1377 	1375
f 1383 	1336 	3949
f 1334 	1329 	1336
f 1382 	1384 	1332
f 4237 	1359 	1358
f 1358 	1357 	4237
f 1419 	1357 	1362
f 1419 	1362 	1361
f 1366 	1360 	4237
f 1366 	4237 	1363
f 1335 	1322 	1217
f 1468 	1333 	1376
f 1357 	1419 	4237
f 1412 	1425 	1410
f 1335 	1217 	1058
f 1468 	1265 	1333
f 1381 	1379 	1428
f 3275 	1327 	3276
f 1361 	1378 	1419
f 1378 	1380 	1419
f 1410 	1425 	1634
f 1275 	1433 	1429
f 1454 	1377 	1202
f 1388 	1387 	1447
f 1436 	1434 	1400
f 1193 	1454 	1202
f 1388 	1447 	1391
f 1392 	1391 	1447
f 1390 	1392 	1419
f 1447 	1419 	1392
f 1394 	1390 	1419
f 1380 	1394 	1419
f 1395 	1306 	1343
f 1343 	1447 	1395
f 1387 	1395 	1447
f 1064 	1464 	1465
f 1064 	1465 	1065
f 1200 	1516 	1639
f 1005 	1465 	1464
f 1005 	1464 	1006
f 1193 	1598 	1068
f 1335 	1534 	1476
f 1347 	1346 	1467
f 1466 	1467 	1346
f 1547 	1534 	1335
f 1516 	1200 	1496
f 1468 	1338 	1335
f 1467 	1348 	1347
f 1345 	1466 	1346
f 1438 	1437 	1405
f 1405 	1437 	1406
f 1411 	1406 	1437
f 1474 	1350 	1349
f 1474 	1349 	1354
f 1438 	1405 	1404
f 1435 	1274 	1413
f 1438 	1404 	1403
f 1438 	1403 	1434
f 1345 	1350 	1466
f 1474 	1466 	1350
f 1476 	1267 	1468
f 1403 	1409 	1434
f 1400 	1434 	1398
f 1467 	1466 	1474
f 1409 	1402 	1434
f 1402 	1398 	1434
f 775 	1374 	786
f 1436 	1400 	1399
f 1474 	1500 	1467
f 1475 	1469 	1477
f 1468 	1335 	1476
f 1436 	1399 	1381
f 1436 	1381 	1428
f 1467 	1500 	1355
f 1348 	1467 	1355
f 1356 	1355 	1500
f 1365 	1356 	1500
f 1367 	1365 	1500
f 1290 	1478 	1297
f 1407 	1305 	1228
f 1482 	1385 	1386
f 1351 	1474 	1352
f 1352 	1474 	1353
f 1482 	1386 	1459
f 1353 	1474 	1354
f 1305 	1407 	1437
f 1411 	1437 	1407
f 1515 	1481 	1480
f 528 	4667 	1374
f 1482 	1483 	1385
f 1469 	1475 	1470
f 2617 	1470 	1475
f 1472 	1477 	1469
f 1415 	1580 	1420
f 1422 	1420 	1428
f 1580 	1428 	1420
f 1421 	1428 	1379
f 1422 	1428 	1421
f 1368 	1474 	1351
f 884 	905 	1396
f 1325 	1305 	1495
f 1495 	1437 	1438
f 1497 	1516 	1496
f 1492 	1324 	1326
f 1495 	1305 	1437
f 1496 	1494 	1497
f 1504 	1497 	1494
f 1326 	1493 	1492
f 1424 	1423 	1495
f 1496 	1200 	1498
f 1423 	1244 	1495
f 1290 	1314 	1499
f 1474 	1484 	1500
f 1341 	3276 	1327
f 1397 	1367 	1500
f 1500 	1484 	1494
f 1500 	1401 	1397
f 1496 	1498 	1500
f 1496 	1500 	1494
f 1401 	1500 	1408
f 1506 	1408 	1500
f 1500 	1498 	1497
f 1500 	1497 	1504
f 935 	1502 	4617
f 1579 	1413 	1418
f 1506 	1500 	1504
f 1424 	1495 	1501
f 1153 	1335 	1058
f 1584 	1595 	1499
f 1478 	1314 	1297
f 1512 	1471 	1489
f 923 	920 	1489
f 917 	916 	1489
f 786 	1505 	828
f 1573 	1374 	1505
f 1523 	1506 	1504
f 1478 	1499 	1314
f 1478 	1290 	4179
f 1340 	1061 	1322
f 1526 	1525 	1508
f 1526 	1508 	1509
f 1103 	337 	4617
f 1414 	1417 	1506
f 1485 	1488 	1510
f 1487 	1510 	1488
f 1416 	1506 	1417
f 1487 	1491 	1510
f 1490 	1510 	1491
f 1408 	1506 	1416
f 1103 	4617 	1561
f 1425 	1412 	1471
f 1412 	1410 	1471
f 1136 	1801 	1787
f 1471 	1410 	1489
f 1511 	1250 	1185
f 1374 	828 	1505
f 1396 	1505 	884
f 1250 	1511 	1515
f 1505 	1374 	884
f 1489 	1410 	923
f 921 	923 	1410
f 1513 	1481 	1515
f 1513 	1515 	1511
f 1471 	1512 	1425
f 1502 	1061 	1338
f 786 	1374 	1505
f 1519 	1250 	1518
f 537 	1493 	1522
f 1523 	1484 	1520
f 1521 	1510 	1518
f 3961 	1582 	1418
f 1260 	1250 	1524
f 1519 	1524 	1250
f 1435 	1433 	4159
f 1130 	1124 	1638
f 1521 	1529 	1510
f 1217 	690 	1058
f 1519 	1510 	1524
f 1490 	1524 	1510
f 1519 	1518 	1510
f 1112 	1524 	1113
f 1490 	1113 	1524
f 1484 	1523 	1494
f 1525 	1526 	1515
f 1533 	1515 	1526
f 775 	463 	1374
f 1525 	1515 	1477
f 1523 	1504 	1494
f 1522 	588 	537
f 1522 	1375 	588
f 1483 	1482 	1459
f 1518 	1250 	1515
f 1375 	1522 	1315
f 1520 	1506 	1523
f 1527 	1483 	1459
f 2885 	2905 	1459
f 1515 	1521 	1518
f 1521 	1515 	1529
f 1529 	1515 	1528
f 1528 	1486 	1529
f 1485 	1510 	1529
f 1493 	1315 	1522
f 850 	1531 	851
f 1528 	1515 	1533
f 1485 	1529 	1486
f 1533 	1507 	1528
f 1532 	847 	1531
f 1472 	1473 	1477
f 1525 	1477 	1473
f 1176 	979 	934
f 1526 	1509 	1533
f 1532 	1527 	843
f 1507 	1486 	1528
f 1531 	1535 	1532
f 1473 	1508 	1525
f 1595 	4381 	1499
f 1507 	1533 	1509
f 850 	1535 	1531
f 847 	848 	1531
f 1532 	1535 	847
f 850 	847 	1535
f 843 	847 	1532
f 1532 	1603 	1585
f 1542 	1543 	1540
f 1541 	1543 	1542
f 1532 	1393 	1535
f 1396 	1535 	1393
f 1535 	1396 	905
f 905 	904 	1535
f 1535 	904 	1104
f 1124 	1629 	1638
f 1532 	802 	1393
f 1615 	1534 	1536
f 848 	802 	847
f 1532 	847 	802
f 1536 	1534 	1547
f 1561 	1536 	1548
f 1547 	1548 	1536
f 1527 	1573 	1483
f 4181 	4179 	1290
f 4181 	1290 	1499
f 1418 	1413 	3961
f 1079 	1538 	1099
f 1600 	1532 	1535
f 1544 	2078 	1235
f 1235 	1853 	1544
f 1895 	1538 	1079
f 1176 	1634 	979
f 1550 	1190 	1553
f 1552 	1546 	1554
f 1139 	1099 	1538
f 1550 	1553 	1201
f 1553 	1219 	1201
f 1532 	1573 	1527
f 1600 	1535 	1104
f 1536 	1563 	1593
f 1536 	1561 	1563
f 1104 	1279 	1600
f 1219 	1553 	1586
f 1553 	1190 	1201
f 976 	979 	1634
f 1599 	1606 	1279
f 1540 	1543 	1564
f 1571 	1564 	1543
f 1599 	1279 	1278
f 3512 	3505 	1328
f 1544 	1516 	1570
f 1576 	1549 	1575
f 1572 	2212 	2213
f 1180 	2475 	1201
f 1327 	3512 	1328
f 1572 	1570 	1517
f 1572 	1517 	1514
f 1572 	1514 	1555
f 1578 	1575 	1549
f 967 	970 	1700
f 1571 	2893 	2891
f 363 	1571 	1543
f 1256 	2323 	2326
f 1576 	1551 	1549
f 1571 	1565 	1564
f 1549 	1706 	1578
f 1580 	1568 	1571
f 1565 	1571 	1567
f 1579 	1418 	1582
f 1546 	1530 	1581
f 1478 	1579 	1499
f 1530 	1562 	1581
f 1479 	1429 	1579
f 1555 	1514 	1782
f 1429 	1433 	1579
f 1570 	1516 	1517
f 1478 	1479 	1579
f 1573 	1393 	1389
f 1573 	1396 	1393
f 1435 	1413 	1579
f 1530 	1589 	1562
f 1573 	1505 	1396
f 1433 	1435 	1579
f 1579 	1584 	1499
f 1483 	1573 	1389
f 1574 	1573 	1585
f 1582 	1584 	1579
f 1235 	375 	361
f 1586 	2794 	1587
f 1574 	1585 	1588
f 1586 	1342 	1219
f 1586 	1587 	1590
f 1200 	1235 	361
f 1583 	1574 	1588
f 1586 	1590 	1364
f 1586 	1364 	1342
f 968 	967 	1700
f 1532 	1585 	1573
f 1648 	1637 	1538
f 1648 	1538 	1577
f 1591 	1597 	1652
f 1569 	1568 	1580
f 1567 	1571 	1568
f 1569 	1580 	1415
f 1293 	1599 	1282
f 1599 	1278 	1282
f 1566 	1592 	1602
f 1591 	1571 	1552
f 1596 	1593 	1594
f 1546 	1552 	1571
f 1855 	1234 	1268
f 1603 	1599 	1588
f 1603 	1606 	1599
f 379 	3787 	3753
f 1585 	1603 	1588
f 1604 	1602 	1592
f 1592 	1566 	1604
f 1566 	1602 	1604
f 1603 	1532 	1606
f 3757 	379 	3753
f 1599 	1583 	1588
f 1199 	1639 	1643
f 1293 	1583 	1599
f 1643 	1272 	1199
f 1591 	1613 	1597
f 1124 	1642 	1629
f 1600 	1279 	1606
f 1606 	1532 	1600
f 1608 	1601 	1609
f 4869 	1169 	1178
f 1952 	1612 	1611
f 4656 	479 	4869
f 478 	492 	4869
f 1611 	1571 	1614
f 1610 	1601 	1608
f 1591 	1552 	1613
f 1552 	1554 	1613
f 1594 	1593 	1563
f 2439 	2584 	379
f 1562 	1597 	1613
f 1581 	1562 	1613
f 32 	1534 	1615
f 1611 	3268 	1614
f 3266 	1611 	1614
f 1615 	1536 	1593
f 1589 	1597 	1562
f 1255 	1641 	1257
f 1608 	29 	1615
f 51 	32 	1615
f 1593 	1608 	1615
f 1801 	1136 	1130
f 1474 	1427 	2645
f 1427 	1474 	1368
f 1426 	2645 	1427
f 580 	585 	1625
f 1554 	1581 	1613
f 1612 	2016 	1611
f 1608 	1593 	1610
f 1593 	1596 	1610
f 1581 	1554 	1546
f 1605 	2084 	1607
f 27 	1610 	1596
f 1607 	3526 	3502
f 530 	32 	568
f 1616 	1628 	1626
f 1620 	1621 	3302
f 1267 	32 	530
f 1700 	988 	968
f 1814 	3263 	1620
f 1444 	1458 	1617
f 1620 	1888 	1621
f 1622 	1442 	1441
f 1476 	32 	1267
f 1440 	1622 	1441
f 961 	999 	1700
f 1445 	1439 	1617
f 1448 	1445 	1617
f 1617 	1632 	1622
f 32 	1476 	1534
f 1617 	1622 	1448
f 1446 	1448 	1622
f 1440 	1446 	1622
f 1631 	1657 	1604
f 28 	27 	1627
f 1607 	1630 	1679
f 1655 	1591 	1654
f 1627 	2067 	28
f 1617 	1520 	1484
f 1631 	1604 	1658
f 1630 	1607 	3502
f 1622 	1664 	1442
f 1623 	1627 	1608
f 1589 	1636 	1597
f 3085 	1626 	839
f 1633 	1631 	1635
f 1449 	1669 	1450
f 1453 	1450 	1632
f 1608 	1609 	1623
f 1632 	1670 	1456
f 1451 	1632 	1452
f 1453 	1632 	1451
f 1410 	1634 	1176
f 585 	575 	1625
f 1632 	1456 	1452
f 1656 	1625 	1626
f 975 	976 	1634
f 1640 	1656 	1626
f 1547 	1335 	1627
f 1548 	1547 	1623
f 1642 	1619 	1629
f 1627 	1623 	1547
f 1628 	1640 	1626
f 1624 	1619 	1642
f 1066 	1598 	1644
f 1644 	1598 	1538
f 2070 	2066 	1610
f 2066 	1623 	1601
f 1637 	1644 	1538
f 1601 	1623 	1609
f 1883 	1909 	1623
f 1645 	1647 	1619
f 1649 	1650 	1652
f 616 	76 	78
f 1645 	1624 	1646
f 76 	616 	573
f 1855 	1643 	1639
f 1853 	1855 	1639
f 111 	76 	573
f 969 	975 	1634
f 1624 	1645 	1619
f 71 	570 	78
f 1651 	1652 	1650
f 1655 	1654 	1650
f 2033 	1926 	71
f 1654 	1651 	1650
f 1655 	1650 	1591
f 1656 	1640 	1641
f 1658 	1604 	1657
f 1659 	218 	295
f 1639 	1516 	1544
f 1544 	1853 	1639
f 1659 	295 	1796
f 1651 	1591 	1652
f 1653 	1648 	1577
f 1651 	1654 	1591
f 1631 	1633 	1662
f 1661 	1662 	1633
f 1272 	1643 	1262
f 1662 	1657 	1631
f 1663 	1662 	1661
f 1439 	1444 	1617
f 1664 	1617 	1458
f 1577 	1605 	1653
f 1664 	1458 	1457
f 1631 	1662 	1635
f 1663 	1635 	1662
f 568 	32 	111
f 1658 	1662 	1631
f 1662 	1658 	1657
f 1457 	1443 	1664
f 1443 	1442 	1664
f 1597 	1636 	1652
f 1666 	445 	385
f 355 	362 	1667
f 362 	358 	1667
f 385 	355 	1667
f 1636 	1733 	1655
f 1646 	1660 	1645
f 1652 	1651 	1733
f 1651 	1654 	1733
f 1655 	1733 	1654
f 1733 	1649 	1652
f 1647 	1645 	1665
f 1636 	1655 	1654
f 1636 	1654 	1651
f 1636 	1651 	1652
f 1670 	1668 	1669
f 1671 	1672 	4357
f 1661 	1633 	1635
f 1661 	1635 	1663
f 1461 	1463 	1669
f 1548 	1623 	1103
f 1667 	1666 	385
f 1103 	1561 	1548
f 1666 	1674 	432
f 1673 	1676 	1675
f 1671 	4498 	1672
f 432 	1674 	422
f 1551 	1677 	1549
f 1675 	1680 	1673
f 1492 	1679 	1324
f 1676 	1681 	1682
f 1632 	1450 	1669
f 1685 	1682 	1681
f 3286 	1666 	1667
f 1688 	1689 	1687
f 1659 	1687 	1689
f 1460 	1461 	1669
f 1460 	1669 	1449
f 1686 	1685 	1690
f 1670 	1632 	1617
f 1670 	1669 	1463
f 1690 	1691 	1686
f 1749 	1692 	1688
f 1670 	1463 	1462
f 1455 	1456 	1670
f 1462 	1455 	1670
f 1685 	1693 	1690
f 1693 	1691 	1690
f 1695 	1694 	1926
f 1685 	1681 	1676
f 1680 	1676 	1673
f 1692 	1698 	1688
f 1698 	1689 	1688
f 1698 	1692 	1699
f 1679 	1630 	1324
f 1696 	1894 	1697
f 1512 	1489 	1700
f 1680 	1675 	1676
f 1632 	1669 	1921
f 1669 	1668 	1921
f 1676 	1682 	1685
f 1692 	1749 	1702
f 1692 	1702 	1703
f 1692 	1703 	1699
f 1686 	1693 	1685
f 1691 	1693 	1686
f 1698 	1699 	1703
f 1698 	1703 	1704
f 942 	956 	1489
f 1700 	1489 	956
f 1704 	1689 	1698
f 1704 	1703 	1702
f 1551 	1576 	1677
f 1643 	1696 	1262
f 1706 	1707 	1578
f 1575 	1578 	1707
f 1706 	1549 	1677
f 1708 	1695 	1932
f 1707 	1677 	1576
f 1707 	1576 	1575
f 1707 	1706 	1677
f 1714 	1715 	4498
f 1705 	2123 	2127
f 1711 	1712 	1713
f 1708 	2033 	1710
f 1710 	1695 	1708
f 1694 	1695 	1710
f 2400 	2397 	1712
f 955 	1700 	956
f 1709 	1716 	1705
f 1716 	2128 	1705
f 1714 	1671 	4357
f 1749 	1687 	2166
f 1700 	999 	986
f 986 	990 	1700
f 1702 	1749 	1704
f 1715 	1734 	4498
f 4498 	1671 	1714
f 1668 	2714 	1717
f 1694 	1710 	570
f 4369 	1714 	1715
f 1687 	1683 	1688
f 1607 	1679 	1720
f 1720 	1719 	1605
f 1605 	1719 	1653
f 1672 	4247 	1671
f 1671 	4247 	1714
f 4247 	3813 	1714
f 1714 	3813 	1715
f 1727 	1722 	1705
f 1700 	970 	1634
f 969 	1634 	970
f 1689 	1762 	1732
f 1704 	1749 	1689
f 1753 	1762 	1689
f 1605 	1607 	1720
f 2714 	1726 	1717
f 1688 	1730 	1729
f 2135 	1719 	1720
f 1705 	1722 	1716
f 1722 	1771 	1716
f 1688 	1729 	1749
f 1720 	1679 	3378
f 990 	988 	1700
f 1705 	1716 	1727
f 1727 	1716 	1718
f 1749 	1767 	1689
f 1734 	2096 	4498
f 1714 	2882 	1715
f 1512 	1700 	1634
f 1688 	1742 	1730
f 1705 	1722 	3331
f 1512 	1634 	1425
f 1921 	1668 	1717
f 1683 	1687 	1749
f 1909 	1731 	1728
f 1715 	1734 	4369
f 1766 	1174 	1151
f 1715 	3813 	1734
f 1665 	1893 	1647
f 1729 	1730 	1742
f 1729 	1742 	1683
f 1335 	1153 	1741
f 1645 	1660 	1839
f 1746 	1683 	1749
f 2882 	1714 	4357
f 1729 	1683 	1753
f 1746 	1753 	1683
f 1807 	1750 	1724
f 1721 	1917 	1723
f 1729 	1746 	1749
f 1733 	1848 	1649
f 1753 	1746 	1729
f 1741 	1748 	1751
f 2777 	1735 	1736
f 1741 	1751 	1731
f 1767 	1749 	2166
f 1736 	1735 	1905
f 1153 	1770 	1741
f 1767 	2166 	1753
f 1619 	1761 	1629
f 1741 	1731 	1335
f 1751 	1728 	1731
f 1766 	1151 	1103
f 1886 	1735 	1701
f 1770 	1174 	1859
f 1153 	1174 	1770
f 1753 	1689 	1767
f 1718 	2767 	1727
f 1771 	3331 	1722
f 1766 	1748 	1770
f 1741 	1770 	1748
f 1748 	1766 	1103
f 1727 	2767 	1771
f 1727 	1771 	1722
f 1688 	1683 	1742
f 1659 	1689 	218
f 1792 	1716 	1771
f 1733 	1636 	1618
f 1761 	1724 	1638
f 1571 	1530 	1546
f 1780 	218 	1689
f 1761 	1801 	1724
f 1947 	1571 	1934
f 1780 	1689 	1783
f 1530 	1571 	1981
f 1130 	1807 	1808
f 1929 	1571 	1800
f 2252 	2251 	1709
f 1761 	1787 	1801
f 1612 	1800 	2016
f 1796 	1687 	1659
f 1800 	1612 	1841
f 1611 	1841 	1612
f 1611 	1612 	1571
f 1817 	1724 	1801
f 1629 	1761 	1638
f 1850 	1807 	1130
f 1612 	1952 	1800
f 1130 	1808 	1812
f 1130 	1750 	1850
f 1724 	1812 	1808
f 1724 	1808 	1807
f 1814 	1620 	3302
f 1807 	1850 	1815
f 1621 	1620 	3263
f 1814 	1888 	1620
f 1815 	1850 	1750
f 1621 	3304 	3507
f 1620 	1621 	3508
f 1750 	1807 	1815
f 1812 	1724 	1817
f 1817 	1130 	1812
f 1817 	1801 	1826
f 4404 	4677 	379
f 1929 	1934 	1571
f 1612 	1800 	1571
f 379 	4677 	3836
f 3263 	1884 	3302
f 1130 	1817 	1826
f 1827 	1814 	3302
f 1827 	3302 	1884
f 1801 	1130 	1826
f 1884 	3263 	1827
f 1814 	1827 	3263
f 1827 	1888 	1814
f 1831 	1787 	1761
f 1827 	1814 	3508
f 1739 	1861 	1740
f 1716 	1709 	1792
f 1737 	1840 	1738
f 2128 	1716 	1792
f 1981 	1571 	1947
f 1743 	1897 	1744
f 1841 	3278 	1843
f 379 	4428 	4404
f 1897 	1743 	1844
f 1747 	1844 	1743
f 1649 	1848 	1863
f 1754 	1756 	1840
f 1752 	1754 	1840
f 1737 	1752 	1840
f 1740 	1861 	1755
f 1848 	1849 	1847
f 1861 	1860 	1755
f 1895 	1840 	1756
f 1756 	1757 	1895
f 1106 	1105 	1840
f 1843 	1888 	1981
f 1716 	1792 	1718
f 1792 	1851 	1718
f 1854 	1843 	1545
f 1851 	2384 	1792
f 1893 	1619 	1647
f 1619 	1893 	1761
f 1842 	1854 	1545
f 1852 	1738 	1840
f 1851 	1792 	2767
f 1234 	1855 	1853
f 2310 	1845 	1859
f 3289 	1854 	1842
f 1174 	2264 	1859
f 1738 	1852 	1739
f 1861 	1739 	1852
f 1772 	1845 	1857
f 1696 	1643 	1855
f 1844 	1747 	1860
f 1745 	1860 	1747
f 1857 	1859 	1772
f 1863 	1848 	1847
f 1857 	1766 	1770
f 1650 	1863 	1847
f 1856 	1846 	1862
f 1925 	1622 	1632
f 1857 	1770 	1859
f 1632 	1921 	1925
f 1649 	1863 	1650
f 1865 	1868 	1866
f 1862 	1867 	1869
f 1862 	1869 	1881
f 1868 	1871 	1866
f 1869 	1867 	1864
f 1869 	1864 	1877
f 1874 	1876 	1872
f 1839 	1838 	1856
f 1872 	1890 	1880
f 1880 	1873 	1872
f 1875 	1870 	1878
f 1872 	1879 	1874
f 1874 	2496 	1879
f 1876 	1874 	1879
f 1877 	1864 	1881
f 1882 	1878 	1870
f 1869 	1877 	1881
f 1843 	1842 	1545
f 1728 	1623 	1909
f 1728 	1103 	1623
f 1745 	1755 	1860
f 1856 	1862 	1881
f 1856 	1838 	1846
f 1883 	1623 	1885
f 1662 	1663 	1874
f 1856 	1645 	1839
f 1883 	1885 	1731
f 1896 	1883 	1731
f 1758 	1759 	1887
f 1884 	1888 	1827
f 1759 	1760 	1887
f 1831 	1856 	1881
f 1873 	1890 	1872
f 1879 	2335 	1874
f 1831 	1761 	1856
f 2335 	1662 	1874
f 1891 	1870 	1885
f 1892 	1893 	1665
f 2703 	1894 	1261
f 1887 	1901 	1768
f 1763 	1768 	1901
f 1894 	1855 	1261
f 1768 	1758 	1887
f 1761 	1893 	1856
f 1895 	1765 	1764
f 1760 	1769 	1887
f 1696 	1855 	1894
f 1882 	1870 	1891
f 1744 	1897 	1769
f 1887 	1769 	1897
f 1878 	1891 	1875
f 1701 	1697 	1889
f 1909 	1896 	1731
f 1757 	1765 	1895
f 1701 	1889 	1886
f 2134 	1856 	1893
f 230 	318 	1942
f 230 	1942 	228
f 1894 	1889 	1697
f 1899 	1900 	1898
f 2203 	1918 	1917
f 1891 	1878 	1882
f 1885 	1875 	1891
f 1900 	1902 	1898
f 1846 	2115 	1862
f 1903 	2335 	1879
f 1866 	1902 	1865
f 1880 	1890 	1906
f 1900 	1908 	1902
f 1906 	1873 	1880
f 1896 	1909 	1883
f 1735 	1907 	1905
f 1904 	1736 	1905
f 1908 	1865 	1902
f 1886 	1907 	1735
f 1733 	2003 	1848
f 1908 	1912 	1865
f 1764 	1763 	1901
f 1764 	1901 	1895
f 1912 	1868 	1865
f 1860 	2169 	1844
f 1843 	1854 	1888
f 1897 	1901 	1887
f 1919 	1916 	1911
f 1910 	1919 	1911
f 1917 	1717 	1726
f 1919 	1910 	1859
f 1939 	3214 	1136
f 1986 	1858 	1953
f 1900 	1899 	1908
f 1879 	1872 	1903
f 2274 	1974 	1872
f 1922 	1122 	1120
f 2496 	1903 	1879
f 1919 	1772 	1916
f 1899 	1915 	1908
f 1919 	1845 	1772
f 1879 	1903 	1876
f 1880 	1906 	2274
f 1880 	2274 	1872
f 1919 	1859 	1845
f 1106 	1840 	1895
f 1915 	1912 	1908
f 1725 	1723 	1917
f 1917 	1726 	1725
f 1772 	1910 	1916
f 1953 	1858 	1940
f 1915 	1933 	1912
f 1913 	1949 	1948
f 1876 	2368 	1872
f 1898 	2051 	1899
f 2368 	1906 	1880
f 2368 	1880 	1872
f 1717 	1917 	1921
f 1913 	1689 	1732
f 1917 	1918 	1924
f 1924 	1920 	1921
f 1120 	844 	1922
f 1916 	1910 	1870
f 1870 	1875 	1916
f 1091 	2167 	2367
f 1772 	1859 	1910
f 1913 	1914 	1923
f 1917 	1924 	1921
f 1925 	1921 	1920
f 37 	28 	2067
f 1827 	3508 	1884
f 1136 	2276 	2269
f 1925 	1920 	1927
f 71 	1926 	1694
f 1929 	2016 	1800
f 1930 	1927 	1920
f 1695 	1926 	1932
f 3932 	1931 	1928
f 1929 	1800 	1841
f 1920 	1924 	1930
f 1926 	2037 	1932
f 1868 	1912 	1933
f 1929 	1841 	1934
f 1924 	1918 	1930
f 1925 	1927 	1930
f 2033 	71 	191
f 1918 	1925 	1930
f 1936 	1938 	1937
f 1611 	3333 	1952
f 1779 	1775 	1956
f 1937 	1938 	1136
f 1938 	1939 	1136
f 228 	1942 	1922
f 1732 	1914 	1913
f 3210 	1939 	1938
f 2736 	2630 	1933
f 2630 	2632 	1933
f 1922 	844 	2132
f 1925 	1918 	1664
f 2736 	1933 	1943
f 1940 	1943 	1933
f 1925 	1664 	1622
f 1944 	1936 	1937
f 1783 	1948 	1949
f 1968 	1950 	1947
f 2015 	1868 	1933
f 1929 	1952 	1934
f 1941 	1977 	1944
f 2015 	1940 	1858
f 1934 	1841 	1947
f 1780 	1949 	1942
f 1951 	1530 	1950
f 1940 	2015 	1943
f 1942 	1923 	1922
f 1942 	1913 	1923
f 1942 	1949 	1913
f 1783 	1949 	1780
f 1136 	1941 	1944
f 1136 	1944 	1937
f 1915 	1962 	1986
f 1950 	1968 	1952
f 1953 	1933 	1915
f 1136 	1975 	1941
f 1953 	1940 	1933
f 1986 	1953 	1915
f 1929 	1800 	1952
f 1773 	1956 	1774
f 1981 	1968 	1530
f 2027 	1948 	1783
f 1858 	1962 	1960
f 1951 	1929 	1950
f 1950 	1530 	1968
f 1960 	1962 	1915
f 1913 	1948 	2249
f 1884 	1950 	1968
f 1929 	1934 	1950
f 1974 	2335 	1903
f 1950 	2407 	1951
f 1890 	1979 	1906
f 1977 	1980 	1936
f 1968 	1888 	1884
f 1981 	1952 	1968
f 1960 	2021 	1962
f 1968 	1981 	1888
f 1775 	1774 	1956
f 1779 	1956 	1928
f 1962 	1858 	1986
f 1779 	1928 	1781
f 1981 	1968 	1947
f 1934 	1947 	1950
f 1977 	1941 	1975
f 1944 	1977 	1936
f 1952 	1981 	1947
f 1947 	1934 	1952
f 1777 	1776 	1931
f 1776 	1778 	1931
f 1781 	1931 	1778
f 1906 	1979 	1873
f 1977 	2262 	2004
f 1928 	1931 	1781
f 1841 	1981 	1947
f 1986 	1962 	1996
f 1841 	1843 	1981
f 1935 	2195 	1956
f 1773 	1784 	1956
f 1935 	1956 	1784
f 1530 	1951 	2005
f 1898 	2028 	2051
f 1618 	2114 	2219
f 1777 	1931 	1785
f 3932 	3817 	1931
f 2254 	2262 	1977
f 1950 	2014 	1951
f 1786 	3850 	1935
f 1784 	1786 	1935
f 1950 	1952 	2014
f 2005 	1951 	2014
f 2005 	1929 	1951
f 1871 	1868 	3034
f 1975 	2013 	1977
f 1903 	1872 	1974
f 2016 	2005 	2014
f 2013 	3240 	1977
f 2272 	1876 	1974
f 1903 	1974 	1876
f 1636 	2016 	1618
f 2274 	1906 	1979
f 2368 	1979 	1906
f 1589 	1530 	2016
f 1530 	2005 	2016
f 2016 	1636 	1589
f 3250 	1980 	2004
f 2014 	1618 	2016
f 2005 	2016 	1929
f 1933 	2650 	2015
f 1980 	1977 	2004
f 2015 	3090 	2833
f 1951 	2407 	2005
f 2040 	2020 	2019
f 2022 	2018 	2017
f 1414 	1506 	2017
f 1414 	2017 	1945
f 1955 	1946 	2025
f 2017 	2025 	1946
f 1946 	1945 	2017
f 2015 	2630 	2021
f 2021 	1943 	2015
f 1996 	1962 	2021
f 1235 	1124 	1123
f 1902 	2028 	1898
f 2025 	2030 	2026
f 1866 	2028 	1902
f 191 	1710 	2033
f 2032 	2052 	2031
f 1892 	1665 	2034
f 2030 	2018 	2026
f 2033 	2037 	1926
f 2030 	2025 	2017
f 2017 	2018 	2030
f 2037 	1708 	1932
f 2027 	1689 	2113
f 2037 	2033 	1708
f 1783 	1689 	2027
f 2034 	1665 	1645
f 1957 	1959 	2100
f 1965 	2039 	1959
f 2032 	2042 	2035
f 2020 	2040 	2041
f 2028 	2031 	2053
f 2032 	2031 	2028
f 2039 	1965 	1964
f 2100 	1959 	2039
f 1964 	1963 	2039
f 2038 	2039 	1963
f 2023 	2040 	2019
f 1955 	2025 	1961
f 2038 	1961 	2025
f 1901 	1897 	2044
f 2038 	1963 	1967
f 2038 	1967 	1966
f 2038 	1966 	1961
f 2241 	2056 	1847
f 1897 	1844 	2044
f 2241 	1847 	1849
f 2028 	2042 	2032
f 2044 	1895 	1901
f 1866 	2042 	2028
f 1871 	2042 	1866
f 2034 	1645 	2036
f 2029 	2036 	1645
f 2059 	2050 	2045
f 570 	71 	1694
f 2048 	2054 	2046
f 2050 	2048 	2046
f 2046 	2045 	2050
f 2050 	2054 	2048
f 2053 	2031 	2052
f 2052 	2090 	2075
f 2032 	2035 	2052
f 1617 	1664 	2049
f 1875 	1885 	1623
f 2003 	2219 	2230
f 2049 	1520 	1617
f 1335 	1731 	1627
f 2044 	2043 	1577
f 1731 	1885 	1627
f 2028 	2053 	2051
f 1733 	1618 	2219
f 2077 	2067 	1627
f 2003 	1733 	2219
f 1627 	1885 	1870
f 2053 	2063 	2051
f 1870 	2077 	1627
f 2046 	3519 	3518
f 2055 	2056 	2241
f 1875 	1623 	2088
f 1884 	2050 	2059
f 2060 	2062 	2157
f 2159 	2157 	2062
f 2062 	2060 	2061
f 2058 	2049 	2072
f 2058 	2214 	2022
f 2086 	2069 	1644
f 2065 	1644 	2069
f 2036 	2029 	2064
f 2044 	1538 	1895
f 1506 	1520 	2049
f 2049 	2058 	2017
f 2022 	2017 	2058
f 1506 	2049 	2017
f 2047 	1235 	2071
f 2070 	2067 	2066
f 1235 	2073 	2071
f 2029 	2071 	2073
f 2081 	2064 	2074
f 2107 	2014 	3829
f 2114 	2014 	2107
f 2075 	2057 	2052
f 2064 	2073 	2074
f 2073 	1235 	2074
f 1601 	1610 	2066
f 2029 	2073 	2064
f 2044 	1577 	1538
f 2068 	1689 	1913
f 2077 	2088 	2066
f 2066 	2067 	2077
f 2063 	2052 	2057
f 2077 	1870 	1910
f 2071 	2029 	2047
f 1689 	2068 	2113
f 2077 	2089 	2088
f 2101 	2079 	3829
f 2107 	3829 	2079
f 2086 	2112 	2069
f 2043 	1605 	1577
f 2074 	1235 	2081
f 2025 	2026 	2080
f 2084 	1605 	2043
f 2170 	2064 	2081
f 2051 	2082 	2083
f 2083 	1899 	2051
f 2084 	2043 	2094
f 1607 	2084 	2263
f 1618 	2014 	2114
f 2085 	2076 	2072
f 2069 	2110 	2065
f 2082 	2051 	2063
f 2086 	1644 	1637
f 2080 	2085 	2025
f 2053 	2052 	2063
f 2085 	2080 	2076
f 2025 	2085 	2038
f 2995 	3063 	2039
f 2063 	2087 	2082
f 2057 	2090 	2087
f 2070 	1610 	228
f 2085 	2039 	2038
f 2097 	1734 	2882
f 2088 	1623 	2066
f 2089 	1911 	1916
f 2085 	2072 	2049
f 2075 	2090 	2057
f 2082 	2087 	2090
f 2091 	1796 	2093
f 2116 	1839 	1660
f 2090 	2052 	2035
f 2083 	2082 	2090
f 1734 	1715 	2882
f 1555 	637 	446
f 2069 	2112 	2110
f 2109 	2026 	2018
f 2091 	2093 	2068
f 2208 	2147 	4498
f 2096 	2097 	4498
f 2098 	4498 	2097
f 3342 	3341 	2083
f 1734 	2097 	2096
f 2093 	1796 	2065
f 2119 	2115 	1846
f 2098 	4369 	2097
f 2097 	1734 	2096
f 1719 	2135 	2094
f 1846 	1838 	2119
f 1734 	2097 	4369
f 2166 	1796 	2091
f 1970 	1969 	2100
f 1958 	1957 	2100
f 1969 	1958 	2100
f 2035 	3306 	2090
f 2029 	1645 	1856
f 2092 	1802 	1795
f 1660 	2047 	2116
f 2105 	2103 	4498
f 2100 	1971 	1970
f 2095 	2044 	2099
f 3813 	2104 	1734
f 2096 	1734 	2104
f 2097 	2096 	2103
f 2104 	2103 	2096
f 1637 	1648 	2099
f 2097 	2103 	2105
f 2097 	2105 	2098
f 2104 	3813 	2101
f 2079 	2101 	3813
f 1973 	1972 	2106
f 1972 	1971 	2106
f 2100 	2106 	1971
f 1066 	1644 	2065
f 1705 	3331 	2185
f 1976 	1973 	2106
f 2070 	228 	1922
f 2091 	2068 	2166
f 2093 	2065 	2110
f 2108 	1899 	2111
f 2095 	2094 	2043
f 2093 	2110 	2068
f 2108 	1915 	1899
f 2068 	2110 	2112
f 2129 	2098 	2882
f 2097 	2882 	2098
f 2095 	2043 	2044
f 2094 	2095 	1653
f 1719 	2094 	1653
f 1960 	1915 	2108
f 2111 	1899 	2102
f 2099 	1648 	2095
f 2225 	2102 	3205
f 2114 	3355 	1611
f 2079 	2155 	2107
f 1648 	1653 	2095
f 2118 	3355 	2114
f 1838 	1839 	2116
f 2111 	2102 	2199
f 2068 	2112 	2113
f 2016 	2114 	1611
f 2116 	2119 	1838
f 2121 	2191 	2118
f 2107 	2118 	2114
f 2092 	2117 	2428
f 2121 	2118 	2210
f 2114 	2210 	2118
f 2123 	2120 	2102
f 2102 	2120 	2128
f 2047 	2029 	2116
f 2109 	2163 	2133
f 2116 	2029 	2134
f 2109 	2133 	2122
f 2122 	2106 	2109
f 2125 	2126 	2127
f 2122 	2133 	2106
f 2124 	2121 	2107
f 2118 	2107 	2121
f 2121 	3355 	2118
f 2124 	3355 	2121
f 2121 	2210 	2124
f 2119 	2116 	2134
f 2119 	2134 	2115
f 2088 	1916 	1875
f 2123 	2128 	2120
f 2088 	2089 	1916
f 2070 	1922 	2132
f 2165 	2115 	2134
f 2070 	2132 	2067
f 2029 	1856 	2134
f 844 	837 	2132
f 2129 	4498 	2098
f 1978 	1976 	2131
f 2106 	2131 	1976
f 2131 	1982 	1983
f 837 	2067 	2132
f 2036 	2064 	2151
f 2106 	2133 	2131
f 1983 	1978 	2131
f 2160 	2062 	2061
f 4369 	2098 	2129
f 2061 	2233 	2062
f 1037 	1710 	191
f 2164 	2165 	2134
f 2062 	2283 	2061
f 2136 	2109 	2137
f 2026 	2109 	2136
f 2026 	2136 	2080
f 2136 	2076 	2080
f 2148 	4498 	2147
f 2105 	4498 	2148
f 2149 	1892 	2034
f 2160 	2020 	2041
f 2105 	2148 	2098
f 2129 	2098 	2148
f 2137 	2163 	2136
f 2149 	2034 	2036
f 2148 	2147 	2129
f 2024 	2150 	1954
f 2137 	2109 	2106
f 800 	781 	2158
f 1687 	1796 	2166
f 2152 	2153 	2150
f 2036 	2151 	2149
f 1914 	1732 	2181
f 2155 	2079 	2156
f 2150 	2154 	2152
f 2151 	2134 	2149
f 2151 	2170 	2134
f 1893 	1892 	2134
f 2156 	2208 	2129
f 1892 	2149 	2134
f 2156 	2079 	3355
f 2147 	2156 	2129
f 1555 	1831 	1864
f 2155 	2156 	3355
f 2155 	3355 	2124
f 2086 	1637 	2161
f 2161 	2112 	2086
f 1790 	2117 	2092
f 2367 	2136 	2163
f 1867 	2164 	1864
f 2162 	2163 	2137
f 2161 	1637 	2099
f 2084 	2094 	2135
f 2135 	2130 	2084
f 2160 	2061 	2020
f 2164 	1555 	1864
f 2113 	2112 	2248
f 337 	1103 	404
f 2133 	2163 	2162
f 2100 	2137 	2106
f 2165 	2164 	1862
f 1867 	1862 	2164
f 2160 	2157 	2159
f 2115 	2165 	1862
f 2039 	2137 	2100
f 2062 	2160 	2159
f 2027 	2113 	2249
f 2166 	1762 	1753
f 2157 	2159 	2062
f 2150 	2160 	2154
f 2150 	2153 	2160
f 2153 	2152 	2160
f 2134 	2170 	2184
f 404 	995 	984
f 2170 	2081 	2078
f 2124 	2155 	2191
f 2156 	2191 	2155
f 2174 	2175 	2158
f 2124 	2107 	2155
f 2160 	2152 	2154
f 800 	2158 	998
f 2137 	2172 	2162
f 2157 	2154 	2283
f 2156 	2147 	2208
f 2196 	2213 	2170
f 2157 	2283 	2062
f 2157 	2062 	2159
f 1791 	2092 	1793
f 2170 	2151 	2064
f 2099 	2243 	2161
f 2124 	2210 	2155
f 2161 	2243 	2224
f 2173 	984 	998
f 2068 	2176 	2166
f 998 	2158 	2175
f 2068 	1913 	2176
f 2202 	2174 	2158
f 2176 	1913 	2248
f 1844 	2169 	2044
f 2172 	2131 	2162
f 2173 	998 	2175
f 2131 	2133 	2162
f 2124 	2191 	2121
f 3346 	3373 	2126
f 2174 	2202 	2177
f 2187 	2217 	2178
f 2092 	1791 	1790
f 2205 	2020 	2061
f 1794 	1793 	2092
f 2156 	2155 	2210
f 2092 	1795 	1794
f 2003 	2209 	2241
f 2179 	2367 	2167
f 2182 	2212 	1572
f 4369 	2129 	2180
f 2099 	2044 	2169
f 1914 	2181 	2183
f 4116 	2102 	2128
f 2160 	2145 	2186
f 2186 	2157 	2160
f 2060 	2157 	2186
f 1960 	2108 	2185
f 1797 	2345 	1806
f 2055 	2186 	2145
f 2182 	2184 	2170
f 3694 	2179 	2167
f 2188 	2189 	2190
f 2192 	2193 	2190
f 2188 	2190 	2193
f 2189 	2194 	2190
f 2188 	2194 	2189
f 2194 	2201 	2190
f 2202 	2187 	2178
f 2193 	2197 	2194
f 2193 	2194 	2188
f 2199 	2200 	2185
f 1664 	1918 	2198
f 2114 	2118 	2191
f 1917 	1721 	2203
f 1664 	2198 	2049
f 2192 	2190 	2201
f 2181 	2176 	2183
f 2202 	2178 	2215
f 2206 	1762 	2166
f 2230 	2114 	2191
f 2230 	2205 	2209
f 2207 	2201 	2197
f 2194 	2197 	2201
f 2218 	1962 	2201
f 2203 	2049 	2198
f 1928 	1956 	2195
f 2207 	2200 	2201
f 2199 	2201 	2200
f 2181 	1732 	2206
f 2201 	2199 	2218
f 2206 	1732 	1762
f 2204 	2170 	2078
f 1809 	1813 	1810
f 1805 	2345 	1813
f 1806 	2345 	1804
f 2190 	2189 	2102
f 2189 	2188 	2102
f 2188 	2199 	2102
f 2206 	2166 	2176
f 2230 	2191 	2211
f 2204 	2196 	2170
f 2260 	2261 	2201
f 2198 	1918 	2203
f 2210 	2250 	2191
f 2175 	2174 	2173
f 1822 	1821 	2345
f 1820 	2345 	1821
f 2170 	2213 	2212
f 2214 	2072 	2076
f 1822 	2462 	1823
f 2174 	2177 	2178
f 2174 	2178 	404
f 2182 	2170 	2212
f 1820 	1816 	2345
f 2177 	2202 	2215
f 2178 	2177 	2215
f 2058 	2072 	2214
f 2003 	2230 	2209
f 2134 	2184 	2164
f 2049 	2203 	2085
f 2217 	2187 	2268
f 2190 	2188 	2189
f 2192 	1960 	2190
f 2136 	2214 	2076
f 2081 	1235 	2078
f 2181 	2206 	2176
f 2111 	2199 	2185
f 2019 	2020 	2205
f 2229 	2183 	2176
f 2176 	2224 	2226
f 2176 	2246 	2224
f 2180 	2882 	2220
f 1092 	1097 	1200
f 2176 	2248 	2246
f 2266 	3539 	2217
f 2258 	2180 	2220
f 1960 	2218 	2199
f 1077 	1092 	1200
f 2726 	2723 	2222
f 2221 	568 	2228
f 2221 	530 	568
f 2188 	2190 	1960
f 2188 	1960 	2199
f 2108 	2111 	2185
f 2214 	1091 	2022
f 1986 	1996 	2201
f 1514 	1091 	2214
f 1782 	1514 	2214
f 2226 	2298 	2229
f 2226 	2322 	2298
f 1799 	2345 	1797
f 1091 	1514 	1517
f 1986 	2201 	1962
f 1960 	1962 	2218
f 1555 	2276 	1136
f 1555 	1136 	1831
f 2160 	2222 	2145
f 1881 	1864 	1831
f 2220 	2211 	2191
f 2222 	2160 	2041
f 1555 	2184 	2182
f 2250 	2220 	2191
f 2192 	2225 	2193
f 2196 	2204 	1570
f 2205 	2241 	2209
f 2205 	2061 	2060
f 1570 	1572 	2196
f 1037 	2228 	570
f 2182 	1572 	1555
f 2225 	2231 	2102
f 2205 	2230 	2211
f 2196 	1572 	2213
f 1040 	2232 	1037
f 2205 	2060 	2241
f 2227 	2225 	3205
f 570 	2228 	568
f 1544 	1570 	2204
f 2192 	2231 	2225
f 1544 	2204 	2078
f 2230 	2219 	2114
f 1555 	2164 	2184
f 2225 	2231 	2192
f 2201 	2225 	2192
f 1037 	2232 	2228
f 2211 	2019 	2205
f 2192 	2190 	2102
f 2176 	2226 	2229
f 2231 	2192 	2102
f 2305 	2168 	2195
f 2211 	2023 	2019
f 1805 	1804 	2345
f 1824 	2462 	1819
f 2227 	2225 	2201
f 2234 	2322 	2226
f 2231 	1960 	2192
f 1824 	1823 	2462
f 2224 	2234 	2226
f 1960 	2231 	2225
f 1816 	1811 	2345
f 2158 	2221 	2202
f 2238 	2259 	2235
f 2239 	2223 	2372
f 404 	984 	2173
f 2239 	2281 	2223
f 2275 	2281 	2239
f 2173 	2174 	404
f 2260 	2201 	2021
f 404 	2178 	2217
f 2021 	2201 	1996
f 2055 	2241 	2242
f 2225 	2227 	2021
f 2243 	2099 	2234
f 2021 	1960 	2225
f 2245 	2244 	2309
f 2224 	2243 	2234
f 2161 	2246 	2112
f 2193 	2200 	2207
f 2193 	2207 	2197
f 2264 	1845 	2247
f 2248 	2112 	2246
f 2224 	2246 	2161
f 2163 	1091 	2367
f 1705 	2200 	2193
f 2163 	2109 	1091
f 2240 	2275 	2239
f 2210 	2191 	2156
f 1705 	2185 	2200
f 2248 	2249 	2113
f 2024 	1954 	2250
f 2216 	4125 	2237
f 2252 	1709 	2227
f 1736 	1904 	2240
f 2259 	2150 	2024
f 1975 	1136 	2257
f 3205 	2252 	2227
f 2251 	2252 	3205
f 1954 	2259 	2258
f 1832 	1834 	2462
f 2257 	2269 	2255
f 1832 	2462 	1833
f 2462 	1828 	1833
f 1977 	2255 	2254
f 2253 	2309 	2266
f 2248 	1913 	2249
f 2255 	1977 	3240
f 1948 	2027 	2249
f 2251 	2252 	2201
f 2201 	2252 	2227
f 2244 	2245 	2310
f 2261 	2021 	2227
f 2260 	2021 	2261
f 2244 	2310 	2247
f 2252 	2261 	2227
f 2252 	2251 	2261
f 2245 	2256 	2310
f 1721 	2085 	2203
f 2309 	2253 	2245
f 2225 	1705 	2193
f 2225 	2227 	1709
f 2265 	2013 	1975
f 1709 	1705 	2225
f 2265 	1975 	2257
f 2250 	2236 	2259
f 2255 	2265 	2257
f 2126 	1705 	2127
f 2220 	2250 	2258
f 2247 	1859 	2264
f 2123 	1705 	2128
f 2154 	2157 	2233
f 1721 	2984 	2085
f 2257 	1136 	2269
f 1830 	2117 	1788
f 2083 	2102 	1899
f 2018 	2022 	1091
f 2250 	2210 	2236
f 2157 	2062 	2233
f 1091 	2109 	2018
f 2235 	2259 	2236
f 3694 	1091 	1300
f 1091 	3694 	2167
f 2060 	2242 	2241
f 2060 	2186 	2055
f 2258 	2250 	1954
f 1848 	2003 	2241
f 2255 	2269 	2270
f 2270 	2254 	2255
f 1954 	2150 	2259
f 1825 	2117 	1830
f 2242 	2060 	2055
f 2250 	2259 	2024
f 1849 	1848 	2241
f 2117 	1825 	1829
f 2263 	2130 	2429
f 2130 	2263 	2084
f 665 	624 	2277
f 2272 	2335 	1974
f 2277 	446 	665
f 1789 	2117 	1790
f 2273 	1979 	1890
f 1789 	1788 	2117
f 2300 	1873 	2273
f 1979 	2273 	1873
f 2361 	2457 	1950
f 1884 	2361 	1950
f 1890 	1873 	2300
f 2274 	2272 	1974
f 2274 	1979 	2273
f 3694 	1300 	1294
f 2253 	2271 	2256
f 2269 	2276 	2270
f 2268 	2271 	2253
f 1837 	1818 	2462
f 1819 	2462 	1818
f 1837 	2462 	1836
f 2270 	2276 	2277
f 2276 	446 	2277
f 2214 	2267 	1782
f 962 	959 	2288
f 2268 	2253 	2266
f 2288 	2292 	962
f 974 	962 	2292
f 2280 	2375 	2283
f 3755 	3754 	2279
f 2324 	982 	981
f 2214 	2223 	2267
f 882 	2307 	2291
f 2315 	958 	2290
f 2280 	2283 	2233
f 2287 	2285 	2253
f 2245 	2253 	2285
f 2287 	2253 	2256
f 2256 	2245 	2285
f 2283 	2154 	2233
f 2240 	1904 	2275
f 1705 	2126 	1722
f 287 	2279 	289
f 2574 	2275 	1904
f 308 	3755 	2279
f 982 	2323 	1256
f 287 	308 	2279
f 859 	2221 	2228
f 2271 	2202 	2221
f 1835 	1836 	2462
f 2282 	2278 	2374
f 2348 	1122 	1922
f 2462 	1834 	1835
f 2348 	1922 	1923
f 2293 	2267 	2223
f 2267 	2560 	1782
f 2285 	2287 	2256
f 2267 	2293 	2560
f 2266 	2217 	2268
f 2304 	2283 	2374
f 2449 	2237 	2284
f 2202 	2268 	2187
f 2284 	2286 	2449
f 1914 	2183 	2387
f 2281 	2293 	2223
f 2059 	2361 	1884
f 2279 	2449 	2286
f 2574 	2281 	2275
f 2295 	2297 	2296
f 2232 	1040 	196
f 2271 	2268 	2202
f 2290 	885 	2291
f 842 	831 	2298
f 2294 	2296 	2297
f 2294 	2299 	2296
f 2217 	3539 	3537
f 2223 	2214 	2371
f 2300 	2302 	2301
f 830 	842 	2298
f 2303 	2318 	1792
f 2280 	2233 	2304
f 2251 	2303 	1709
f 1792 	1709 	2303
f 2324 	2295 	2296
f 2251 	3205 	2303
f 2308 	1990 	1989
f 2233 	2306 	2304
f 2201 	2261 	2303
f 2308 	1992 	1991
f 2308 	1991 	1990
f 2201 	2303 	2251
f 981 	2297 	2295
f 1984 	2311 	1985
f 1987 	1985 	2311
f 981 	1089 	2297
f 2303 	2261 	2251
f 2312 	2317 	2313
f 885 	2290 	958
f 2321 	2316 	2320
f 2061 	2353 	2233
f 2234 	2099 	2322
f 1995 	2311 	1984
f 2320 	2323 	2324
f 1995 	1997 	2311
f 2244 	2247 	2309
f 2309 	2247 	1845
f 1792 	2171 	2128
f 1174 	1845 	2264
f 2324 	2323 	982
f 2168 	2322 	2169
f 2321 	2320 	2324
f 1988 	2311 	2308
f 1988 	2308 	1989
f 2326 	2323 	2320
f 2288 	959 	2289
f 2329 	1851 	2318
f 1792 	2318 	1851
f 2280 	2304 	2328
f 1803 	2092 	1798
f 2304 	2374 	2328
f 2137 	2311 	2172
f 1802 	2092 	1803
f 2061 	2304 	2306
f 2687 	2384 	2329
f 1851 	2329 	2384
f 2316 	2321 	2296
f 2321 	2324 	2296
f 2345 	1798 	2092
f 2353 	2061 	2306
f 2316 	2296 	2299
f 2061 	2283 	2304
f 2309 	2325 	2266
f 981 	2295 	2324
f 2319 	2307 	2342
f 469 	2342 	2307
f 2313 	2317 	2300
f 926 	978 	2342
f 2099 	2169 	2322
f 2687 	2700 	2384
f 2305 	2298 	2168
f 2137 	2349 	2311
f 2333 	2334 	2335
f 2333 	2335 	2272
f 2168 	2298 	2322
f 926 	2342 	927
f 1851 	2767 	2329
f 2570 	2349 	2330
f 2092 	2338 	2337
f 1851 	2329 	1718
f 2092 	2428 	2338
f 2317 	2343 	2335
f 2334 	2344 	2335
f 2342 	2712 	2699
f 3792 	3797 	379
f 2335 	2344 	2317
f 2309 	1845 	2310
f 2756 	2732 	1274
f 2345 	1811 	1810
f 2342 	482 	931
f 2342 	978 	972
f 2345 	2092 	2337
f 931 	927 	2342
f 469 	482 	2342
f 2336 	2332 	2342
f 2336 	2342 	2339
f 2317 	2344 	2300
f 2332 	2319 	2342
f 2346 	2312 	2313
f 972 	971 	2342
f 2317 	2312 	2346
f 2313 	2352 	2346
f 1515 	2341 	2342
f 2348 	1101 	1122
f 2348 	2297 	1101
f 2297 	1089 	1101
f 2247 	2310 	1859
f 971 	2358 	2342
f 2570 	2308 	2349
f 2301 	2313 	2300
f 2352 	2302 	2300
f 2016 	2005 	2407
f 2395 	2350 	2351
f 2311 	2349 	2308
f 2310 	2351 	2350
f 2233 	2353 	2306
f 2408 	2575 	2006
f 1923 	1914 	2348
f 2000 	2409 	2001
f 2357 	2355 	2504
f 2356 	2357 	2504
f 2431 	2498 	2355
f 2352 	2313 	2302
f 2330 	2000 	2007
f 2348 	2387 	2297
f 2408 	2006 	2002
f 2301 	2302 	2313
f 2256 	2351 	2310
f 2355 	2357 	2359
f 2357 	2356 	2360
f 2325 	2309 	2350
f 4592 	2357 	2360
f 1314 	1256 	2756
f 2333 	2300 	2334
f 2344 	2334 	2300
f 2300 	2273 	1890
f 2363 	2354 	2364
f 2330 	2007 	1999
f 1999 	1998 	2330
f 2333 	2272 	2274
f 2008 	1987 	2311
f 2309 	2310 	2350
f 2272 	2333 	1876
f 2370 	2410 	2361
f 2008 	2311 	1988
f 2273 	2300 	2333
f 2273 	2333 	2274
f 2273 	1979 	2368
f 2300 	2273 	2368
f 1914 	2387 	2348
f 2271 	2221 	2351
f 2369 	2354 	2363
f 2368 	2352 	2300
f 2356 	2410 	2370
f 2356 	2370 	2360
f 2256 	2271 	2351
f 2059 	2360 	2370
f 2317 	2346 	2343
f 2368 	2343 	2346
f 2368 	2346 	2352
f 2363 	2364 	971
f 2364 	2358 	971
f 2365 	2366 	2361
f 2334 	2344 	2368
f 2333 	2334 	2368
f 2333 	2368 	1876
f 2363 	971 	2369
f 2335 	2343 	2368
f 2344 	2335 	2368
f 2370 	2361 	2059
f 2373 	2374 	2375
f 2278 	2375 	2374
f 2431 	2359 	4715
f 2055 	3692 	2056
f 2360 	2059 	4592
f 2357 	4592 	4719
f 2375 	2280 	2373
f 2278 	2282 	2375
f 2359 	2366 	2355
f 2282 	2283 	2375
f 2365 	2355 	2366
f 2373 	2459 	2374
f 2406 	2057 	2087
f 2371 	2372 	2223
f 2377 	2378 	2381
f 2374 	2283 	2282
f 2369 	3145 	2354
f 2377 	2381 	2294
f 2371 	2214 	2367
f 2723 	2721 	2145
f 2294 	2376 	2377
f 2560 	2371 	2367
f 2387 	2183 	2376
f 2367 	2214 	2136
f 2297 	2387 	2376
f 2376 	2294 	2297
f 2388 	2389 	1678
f 2381 	2299 	2294
f 2299 	2390 	2391
f 2057 	2406 	2405
f 4680 	2380 	2392
f 2382 	2401 	2404
f 1911 	2424 	2379
f 2299 	2381 	2390
f 2396 	2388 	1678
f 2395 	2386 	2385
f 2362 	2216 	2347
f 1974 	1903 	2496
f 2237 	2347 	2216
f 2393 	2426 	2380
f 2496 	1874 	1663
f 2396 	1678 	2389
f 2396 	2389 	2388
f 2398 	1713 	2397
f 1798 	2345 	1799
f 2398 	1711 	1713
f 1713 	1712 	2397
f 2398 	2400 	1712
f 2398 	1712 	1711
f 2398 	2397 	2400
f 2379 	2395 	2385
f 2401 	2057 	2405
f 2401 	2063 	2057
f 2402 	2380 	2327
f 2379 	2424 	2403
f 2087 	2063 	2401
f 2379 	2403 	2395
f 2402 	2327 	2331
f 2473 	3003 	2888
f 2394 	4400 	2405
f 2395 	2403 	2325
f 2351 	2386 	2395
f 2406 	2087 	2401
f 2448 	2410 	2476
f 2379 	2385 	1911
f 1910 	1911 	2385
f 2407 	2331 	2327
f 2327 	2380 	2407
f 2395 	2325 	2350
f 2380 	2236 	2210
f 2384 	2171 	1792
f 2399 	2392 	2380
f 2409 	2011 	2010
f 2362 	2305 	2195
f 2216 	2362 	2195
f 2392 	2399 	2412
f 2378 	2411 	2381
f 2413 	2392 	2412
f 2413 	2412 	2414
f 1810 	1813 	2345
f 2392 	2413 	4680
f 2399 	2415 	2412
f 2412 	2415 	2414
f 3052 	2330 	2349
f 2407 	2380 	2210
f 2380 	4680 	2236
f 2413 	2414 	2415
f 894 	2232 	196
f 2409 	2330 	3052
f 2407 	2114 	2016
f 2011 	2409 	2408
f 2380 	2426 	2399
f 2418 	826 	852
f 826 	2418 	2417
f 2210 	2114 	2407
f 2403 	2424 	2421
f 2419 	2408 	2409
f 2418 	2421 	2417
f 2419 	3154 	2423
f 2407 	2476 	2410
f 2432 	2385 	2386
f 2410 	2356 	2504
f 1910 	2385 	2433
f 2272 	1974 	2496
f 2426 	2415 	2399
f 2338 	2428 	2337
f 2421 	2424 	2417
f 2385 	2432 	2433
f 4402 	4400 	2422
f 2435 	2425 	2411
f 4719 	4715 	2359
f 2357 	4719 	2359
f 2424 	2089 	2433
f 2077 	1910 	2433
f 2416 	2435 	2411
f 2440 	2393 	2437
f 2089 	2077 	2433
f 2432 	2417 	2433
f 2427 	2435 	2416
f 2433 	2417 	2424
f 2355 	2365 	2431
f 1911 	2089 	2424
f 858 	2386 	2351
f 2438 	2441 	2437
f 2437 	2441 	2446
f 2432 	826 	2417
f 2432 	858 	827
f 2432 	827 	826
f 2438 	2442 	2441
f 2447 	2442 	2438
f 2067 	837 	836
f 2221 	859 	858
f 2438 	2441 	2447
f 2351 	2221 	858
f 2440 	2441 	2438
f 2445 	2428 	2117
f 2228 	2232 	859
f 2445 	2337 	2428
f 2232 	894 	859
f 2443 	2794 	1586
f 1586 	1553 	2443
f 2435 	2427 	2444
f 2462 	2117 	1828
f 2498 	2410 	2559
f 3613 	2421 	2418
f 2523 	2331 	2577
f 2140 	379 	443
f 2143 	2142 	379
f 2144 	2143 	379
f 2345 	2337 	2462
f 379 	2146 	2144
f 2446 	2441 	2457
f 2445 	2462 	2337
f 2416 	2411 	2427
f 2142 	2141 	379
f 2411 	2420 	2427
f 918 	3613 	2418
f 1822 	2345 	2462
f 2431 	2438 	2498
f 918 	3671 	3613
f 2347 	2237 	2449
f 2403 	2421 	3613
f 820 	2490 	2451
f 2451 	2490 	1616
f 1628 	1616 	2494
f 2361 	2410 	2365
f 1628 	2494 	1640
f 2279 	2434 	2452
f 3613 	2325 	2403
f 2451 	1616 	2450
f 3613 	2266 	2325
f 2450 	820 	2451
f 2457 	2431 	2365
f 1626 	2465 	2463
f 2452 	2434 	4406
f 2475 	2501 	2453
f 2333 	2496 	2334
f 2452 	4406 	4416
f 2442 	2457 	2441
f 2459 	2461 	2402
f 2457 	2460 	2446
f 1829 	1828 	2117
f 2460 	2447 	2446
f 2465 	2298 	2468
f 2465 	830 	2298
f 3154 	2419 	2409
f 2449 	2279 	2452
f 2465 	2468 	2463
f 2117 	2462 	2445
f 2001 	2409 	2010
f 2471 	2470 	2467
f 2000 	2330 	2409
f 2002 	2009 	2408
f 2012 	2011 	2408
f 2408 	2009 	2012
f 2448 	2460 	2457
f 2239 	2372 	2473
f 2458 	2453 	2489
f 2240 	2239 	2473
f 2431 	2457 	2366
f 2359 	2431 	2366
f 1625 	2465 	1626
f 2442 	2447 	2457
f 971 	3155 	3146
f 2459 	2402 	2469
f 3145 	2369 	2474
f 2402 	2331 	2469
f 2474 	3146 	3145
f 2391 	2390 	2475
f 971 	3146 	2474
f 2459 	2469 	2472
f 2575 	2419 	2423
f 971 	1328 	3155
f 2331 	2525 	2469
f 2452 	4416 	2449
f 2457 	2487 	2476
f 2240 	2473 	2888
f 1662 	2335 	1663
f 2468 	2298 	2556
f 2476 	2407 	1950
f 971 	2474 	2369
f 2457 	2476 	1950
f 2473 	2372 	2563
f 2457 	2361 	2366
f 2563 	2574 	2473
f 2487 	2457 	2447
f 3275 	3296 	1327
f 2459 	2472 	2374
f 2472 	2280 	2328
f 2476 	2487 	2448
f 2488 	2514 	2487
f 2328 	2374 	2472
f 2447 	2488 	2487
f 2436 	2454 	2470
f 1616 	2490 	2494
f 2333 	2272 	2496
f 2441 	2446 	2447
f 2494 	2529 	1640
f 2440 	2437 	2447
f 2498 	2559 	2500
f 2552 	2466 	2554
f 2489 	2453 	2501
f 2500 	2504 	2498
f 2390 	2489 	2501
f 2501 	2475 	2390
f 2437 	2498 	2438
f 2447 	2514 	2515
f 2447 	2437 	2446
f 2518 	2471 	2467
f 2410 	2504 	2500
f 2448 	2487 	2514
f 2515 	2514 	2488
f 2496 	1663 	2335
f 2514 	2460 	2448
f 2518 	2524 	2471
f 2425 	2471 	2524
f 2488 	2447 	2515
f 2494 	2463 	2529
f 2514 	2447 	2460
f 2523 	2527 	2525
f 2526 	2354 	2517
f 2454 	2420 	2411
f 839 	2494 	2490
f 839 	2463 	2494
f 2446 	2440 	2447
f 2529 	2530 	1641
f 2446 	2441 	2440
f 2525 	2472 	2469
f 2425 	2470 	2471
f 2525 	2527 	2472
f 2358 	2526 	2533
f 2527 	2280 	2472
f 2518 	2489 	2390
f 1641 	1640 	2529
f 2543 	2489 	2544
f 2543 	2545 	2489
f 2517 	2354 	3145
f 3415 	3412 	2517
f 2554 	2481 	2549
f 2364 	2354 	2526
f 2538 	2549 	2537
f 2358 	2364 	2526
f 2545 	2543 	2544
f 2504 	2355 	2498
f 2467 	2543 	2544
f 2544 	2569 	2467
f 2548 	2342 	2549
f 2467 	2458 	2543
f 2545 	2543 	2458
f 3437 	3430 	2526
f 2358 	2533 	2342
f 2547 	2529 	2463
f 2393 	2498 	2437
f 2551 	2342 	2550
f 2556 	2547 	2463
f 2458 	2489 	2545
f 2547 	2530 	2529
f 2393 	2578 	2410
f 2501 	2475 	2545
f 2489 	2501 	2545
f 2552 	2342 	2551
f 2498 	2393 	2410
f 2390 	2524 	2518
f 2425 	2524 	2390
f 2549 	2342 	2554
f 2553 	2557 	2516
f 2342 	2552 	2554
f 2420 	2454 	2436
f 2550 	2455 	2551
f 2551 	2464 	2552
f 2464 	2466 	2552
f 2556 	2463 	2468
f 2711 	2456 	2550
f 2436 	2518 	2821
f 2464 	2551 	2455
f 2410 	2577 	2331
f 2331 	2407 	2410
f 2425 	2436 	2470
f 2527 	2373 	2280
f 2517 	2516 	2557
f 2380 	2597 	2393
f 2480 	2554 	2466
f 2597 	2459 	2527
f 2557 	2553 	2555
f 2457 	2410 	2448
f 2527 	2459 	2373
f 2473 	2574 	2507
f 2425 	2524 	2436
f 2457 	2365 	2410
f 2507 	2574 	2585
f 2626 	2477 	2479
f 2480 	2481 	2554
f 2537 	2549 	2481
f 2561 	2557 	2555
f 2562 	2557 	2561
f 2563 	2293 	2281
f 2560 	2293 	2563
f 2425 	2435 	2524
f 2587 	2548 	2566
f 2566 	2548 	2538
f 2557 	2565 	2558
f 2557 	2562 	2565
f 2563 	2372 	2371
f 2560 	2563 	2371
f 2489 	2568 	2569
f 2489 	2569 	2544
f 2557 	2526 	2517
f 2547 	2298 	2530
f 2467 	2569 	2518
f 2533 	2599 	2558
f 2179 	1782 	2560
f 2544 	2569 	2545
f 2568 	2545 	2569
f 2568 	2518 	2569
f 2558 	2599 	2557
f 2179 	2560 	2367
f 2548 	2587 	2567
f 2549 	2538 	2548
f 2475 	2501 	2444
f 2569 	2544 	2821
f 2543 	2821 	2544
f 2518 	2436 	2524
f 2570 	2602 	4195
f 2601 	2602 	2570
f 2489 	2545 	2568
f 2564 	2573 	2572
f 2475 	2443 	1553
f 1553 	1201 	2475
f 2281 	2574 	2563
f 1180 	1215 	2475
f 2475 	2814 	2545
f 2443 	2475 	2444
f 2489 	2444 	2501
f 1998 	2006 	2575
f 2381 	2425 	2390
f 2564 	2658 	2667
f 2425 	2381 	2411
f 3170 	3141 	2576
f 2576 	2573 	2564
f 2408 	2419 	2575
f 2564 	2626 	2576
f 2330 	1998 	2575
f 2330 	2575 	2570
f 2517 	3145 	3415
f 2410 	2578 	2577
f 2576 	2572 	2673
f 2526 	2557 	3437
f 2518 	2524 	2435
f 2444 	2489 	2435
f 2575 	2601 	2570
f 3430 	2599 	2533
f 2577 	2578 	2523
f 1641 	2530 	2590
f 2790 	4188 	2596
f 4869 	1641 	2590
f 2518 	2435 	2489
f 2555 	2553 	3463
f 3463 	3465 	2555
f 2585 	2790 	2596
f 2606 	2591 	2592
f 2393 	2597 	2578
f 2594 	2607 	2592
f 2342 	2598 	2600
f 2585 	2596 	2507
f 2402 	2461 	2597
f 2567 	2342 	2548
f 2567 	2598 	2342
f 2331 	2523 	2525
f 2589 	2598 	2586
f 2598 	2589 	2600
f 2575 	4197 	2601
f 2601 	4195 	2602
f 2578 	2527 	2523
f 2527 	2578 	2597
f 2562 	2561 	3474
f 2597 	2380 	2402
f 2461 	2459 	2597
f 2607 	2342 	2606
f 2604 	2606 	2342
f 2603 	2604 	2342
f 2615 	2617 	2342
f 2617 	1475 	2342
f 1515 	2342 	1475
f 2814 	2453 	2458
f 2607 	2615 	2342
f 1477 	1515 	1475
f 2814 	2458 	2467
f 2339 	2342 	2341
f 2470 	2454 	2814
f 2626 	2605 	2576
f 3477 	2599 	2562
f 2500 	2559 	2410
f 2344 	2334 	2496
f 2632 	2630 	2015
f 2335 	2344 	2496
f 2608 	2637 	2609
f 2015 	2833 	2632
f 2613 	2612 	2638
f 2612 	2611 	2638
f 2610 	2638 	2611
f 2572 	2576 	2605
f 2640 	2342 	2639
f 2614 	2638 	2610
f 2638 	2637 	2613
f 2608 	2613 	2637
f 2599 	2565 	2562
f 2342 	2533 	2558
f 2614 	2616 	2638
f 2342 	2558 	2565
f 2826 	2420 	2436
f 2736 	1943 	2021
f 4798 	2634 	2633
f 2639 	2342 	2600
f 1696 	2641 	1262
f 2649 	2015 	2650
f 2656 	2641 	2655
f 2342 	2640 	2603
f 2821 	2518 	2568
f 2649 	3090 	2015
f 2670 	2935 	2571
f 1617 	2642 	1670
f 2633 	2670 	2571
f 2642 	2714 	1670
f 2145 	2222 	2723
f 2638 	2645 	2637
f 2644 	974 	2292
f 2646 	2647 	2738
f 1474 	2645 	2642
f 2483 	2482 	2626
f 1432 	1431 	2645
f 2479 	2478 	2626
f 2483 	2626 	2478
f 1432 	2645 	1426
f 1480 	2643 	1515
f 2643 	2340 	1515
f 2619 	2645 	1430
f 1431 	1430 	2645
f 2341 	1515 	2340
f 2609 	2637 	2618
f 2645 	2618 	2637
f 2567 	2586 	2598
f 2620 	2618 	2645
f 2619 	2620 	2645
f 2589 	2581 	2600
f 2639 	2579 	2640
f 1484 	1474 	2642
f 2603 	2583 	2604
f 2583 	2603 	2582
f 2640 	2582 	2603
f 1484 	2642 	1617
f 2646 	4672 	2647
f 3397 	3403 	2652
f 2485 	2793 	2484
f 4671 	4672 	2646
f 2491 	2662 	2492
f 2604 	2591 	2606
f 2606 	2592 	2607
f 3088 	1868 	2015
f 1701 	2655 	2641
f 2586 	2567 	2587
f 1697 	1701 	2641
f 1696 	1697 	2641
f 2453 	2814 	2475
f 2649 	2833 	3090
f 2581 	2580 	2600
f 2639 	2600 	2580
f 2579 	2639 	2580
f 2582 	2640 	2579
f 2641 	2656 	2665
f 2591 	2604 	2583
f 2657 	2652 	2659
f 2607 	2594 	2615
f 2593 	2615 	2594
f 2615 	2593 	2617
f 2595 	2617 	2593
f 1933 	2652 	2660
f 1470 	2617 	2595
f 2657 	2659 	2660
f 2656 	2655 	2642
f 2659 	2650 	2660
f 1933 	2660 	2650
f 2564 	2572 	2658
f 2658 	2572 	2605
f 2634 	2680 	2633
f 2847 	2651 	2837
f 2662 	2495 	2493
f 2083 	2090 	3342
f 2497 	2495 	2662
f 2670 	2677 	2654
f 2656 	2679 	2717
f 2665 	2656 	2661
f 2572 	2780 	2734
f 2792 	2641 	2665
f 2661 	2656 	2717
f 2642 	2655 	2661
f 2666 	2654 	2664
f 2083 	3341 	2102
f 2678 	2645 	2638
f 2616 	2621 	2638
f 2633 	2677 	2670
f 2679 	2656 	2678
f 2669 	2672 	2668
f 2654 	2666 	2676
f 2654 	2676 	2757
f 2633 	2680 	2677
f 2658 	2673 	2667
f 2645 	2678 	2642
f 2623 	2622 	2678
f 2668 	2672 	2684
f 2684 	2672 	2671
f 379 	974 	2685
f 2623 	2678 	2621
f 2678 	2638 	2621
f 2711 	2710 	2674
f 2656 	2642 	2678
f 2455 	2550 	2456
f 2674 	2456 	2711
f 2677 	2680 	2664
f 2679 	2763 	2665
f 2685 	2686 	379
f 2318 	2687 	2329
f 2665 	2717 	2679
f 2690 	2696 	2749
f 2696 	2690 	2692
f 2684 	2697 	2689
f 2712 	2698 	2699
f 2687 	2700 	2798
f 2697 	2696 	2689
f 2692 	2689 	2696
f 2678 	2622 	2625
f 2703 	1261 	1262
f 2697 	2702 	2696
f 2641 	2703 	1262
f 2664 	2654 	2677
f 2705 	2706 	2055
f 3692 	2055 	2706
f 2704 	2705 	2055
f 2605 	2673 	2658
f 2391 	2316 	2299
f 2422 	2394 	2762
f 2391 	2707 	2316
f 2631 	2576 	2673
f 2634 	2966 	2680
f 2698 	2701 	2699
f 2687 	2737 	2700
f 2703 	2792 	1889
f 2708 	2754 	2704
f 1889 	1894 	2703
f 2382 	2383 	2762
f 2721 	2704 	2055
f 2055 	2145 	2721
f 2762 	2383 	2384
f 2712 	2691 	2698
f 2703 	2641 	2792
f 2721 	2723 	2708
f 2704 	2721 	2708
f 2726 	2222 	2882
f 1701 	2661 	2655
f 2684 	2671 	2697
f 2671 	2716 	2697
f 2753 	2708 	2651
f 2716 	1061 	2702
f 2762 	2394 	2405
f 2762 	2401 	2382
f 2550 	2342 	2711
f 2711 	2342 	2710
f 2853 	2673 	2734
f 2713 	1061 	2716
f 2499 	2492 	2662
f 2493 	2499 	2662
f 2712 	2715 	2691
f 2717 	2714 	2642
f 2506 	2497 	2662
f 2717 	2642 	2661
f 2662 	2503 	2502
f 2505 	2662 	2502
f 2506 	2662 	2505
f 2754 	2764 	2705
f 2716 	2702 	2697
f 1701 	2722 	2661
f 2713 	2716 	2671
f 2719 	2718 	2675
f 2718 	2713 	2675
f 2671 	2675 	2713
f 2853 	2855 	2673
f 2722 	2665 	2661
f 2722 	2717 	2665
f 2513 	2728 	2510
f 2511 	2510 	2728
f 2709 	2907 	2787
f 2329 	2767 	2687
f 2512 	2728 	2513
f 2675 	2674 	2710
f 2720 	2719 	2675
f 2728 	2509 	2508
f 2511 	2728 	2508
f 2519 	2793 	2485
f 2709 	2787 	2789
f 2519 	2509 	2728
f 2722 	2714 	2717
f 2732 	2789 	2787
f 2762 	2700 	3381
f 2733 	2714 	2722
f 2779 	4083 	2784
f 2732 	2709 	2789
f 1701 	2733 	2722
f 2732 	2709 	2748
f 2687 	2798 	1718
f 1701 	1735 	2733
f 2572 	2734 	2673
f 2329 	2687 	1718
f 2729 	2726 	2882
f 1735 	2735 	2733
f 2988 	2708 	2729
f 2726 	2729 	2708
f 2723 	2726 	2708
f 2739 	2741 	2740
f 2687 	2736 	2737
f 2475 	2732 	2391
f 2742 	2737 	2736
f 1668 	1670 	2714
f 2729 	2882 	2743
f 2342 	2699 	2710
f 2732 	2707 	2391
f 2976 	2880 	2746
f 2699 	2731 	2710
f 2728 	2512 	2832
f 2528 	2832 	2512
f 2662 	2740 	2503
f 2520 	2503 	2740
f 2714 	2746 	2880
f 2732 	2748 	2707
f 2706 	2764 	2745
f 2714 	2880 	1726
f 2746 	2714 	2733
f 2475 	1215 	2732
f 2629 	2628 	2746
f 2627 	2746 	2628
f 2710 	2731 	2675
f 2731 	2730 	2675
f 2730 	2727 	2675
f 2727 	2720 	2675
f 2316 	2748 	2320
f 2631 	2741 	2739
f 2316 	2707 	2748
f 2694 	1543 	1541
f 2706 	2745 	3692
f 2738 	2791 	2747
f 2740 	2522 	2521
f 2740 	2521 	2520
f 2748 	2750 	2320
f 3051 	2743 	2745
f 2750 	2326 	2320
f 2746 	2733 	2735
f 2759 	2748 	2709
f 2631 	2605 	2741
f 2673 	2605 	2631
f 2757 	2653 	2654
f 2673 	2739 	2740
f 2687 	2318 	2736
f 2667 	2673 	2740
f 2758 	2777 	2752
f 2741 	2626 	2740
f 2741 	2605 	2626
f 2693 	2690 	2749
f 2695 	2693 	2749
f 2667 	2740 	2662
f 2758 	2752 	2755
f 2755 	2746 	2758
f 2695 	2749 	2694
f 1960 	3331 	1858
f 2482 	2522 	2740
f 2482 	2740 	2626
f 2756 	2326 	2750
f 1543 	2694 	2749
f 2746 	2735 	2758
f 3331 	1960 	2185
f 2736 	2021 	2630
f 1771 	2767 	3331
f 2750 	2759 	2756
f 2750 	2748 	2759
f 2653 	2757 	2651
f 2753 	2651 	2757
f 2709 	2732 	2756
f 352 	363 	1543
f 2756 	2759 	2709
f 2753 	3045 	2754
f 2756 	1256 	2326
f 2699 	2730 	2731
f 2752 	2761 	2755
f 2755 	2761 	2763
f 2705 	2704 	2754
f 2766 	3026 	2762
f 2763 	2679 	2755
f 2484 	2793 	2486
f 2678 	2755 	2679
f 2775 	2776 	4107
f 2986 	4070 	2770
f 2755 	2678 	2746
f 2769 	2832 	2770
f 2772 	2770 	2832
f 2773 	2772 	2832
f 2625 	2624 	2746
f 2629 	2746 	2624
f 4107 	338 	2986
f 1718 	2768 	2767
f 2678 	2625 	2746
f 2769 	4070 	2776
f 2635 	2746 	2627
f 2647 	2648 	2791
f 2754 	2708 	2753
f 2770 	4070 	2769
f 1735 	2777 	2735
f 2775 	2986 	2770
f 4107 	2986 	2775
f 2775 	2770 	2778
f 2772 	2778 	2770
f 2986 	2802 	2772
f 2126 	3373 	2767
f 2724 	2725 	2760
f 2706 	2705 	2764
f 2240 	2777 	1736
f 2734 	2780 	2782
f 2700 	2762 	2798
f 2974 	2777 	2971
f 2974 	2977 	2777
f 2779 	2784 	2832
f 2782 	2780 	2832
f 2779 	2832 	2780
f 2696 	935 	2749
f 2765 	2991 	2993
f 2735 	2777 	2758
f 2784 	2785 	2832
f 2773 	2832 	2785
f 2790 	2752 	2777
f 2700 	2737 	2762
f 2785 	2786 	2778
f 2786 	2788 	2778
f 2700 	2762 	2384
f 2788 	2829 	2778
f 2782 	2829 	2788
f 2406 	2401 	2762
f 2788 	2806 	2734
f 2782 	2788 	2734
f 2406 	2762 	2405
f 1771 	1722 	2126
f 2734 	2806 	2853
f 2767 	1771 	2126
f 2785 	2784 	2786
f 2636 	2976 	2635
f 2807 	2786 	2784
f 2751 	2781 	2724
f 2785 	2778 	2807
f 2647 	2791 	2738
f 2776 	2775 	2793
f 2730 	2701 	2727
f 2687 	3381 	2700
f 2793 	2769 	2776
f 2792 	2665 	2763
f 2769 	2793 	2832
f 2762 	3392 	2766
f 2792 	2763 	2761
f 2798 	4224 	1718
f 3860 	3640 	2793
f 2790 	2792 	2761
f 2519 	2728 	2793
f 2832 	2793 	2728
f 2796 	3026 	2766
f 1792 	1771 	2767
f 2796 	2797 	3026
f 2799 	2801 	2795
f 2747 	2781 	2751
f 2781 	2747 	2791
f 2775 	2778 	2800
f 2803 	2778 	2802
f 2778 	2772 	2802
f 2829 	2800 	2778
f 2799 	2443 	2444
f 2696 	1502 	935
f 2788 	2786 	2805
f 2804 	2805 	2786
f 2805 	2806 	2788
f 2751 	2724 	2760
f 2420 	2799 	2427
f 2786 	2807 	2804
f 3392 	2796 	2766
f 2420 	2823 	2799
f 2803 	2807 	2778
f 2781 	3083 	2724
f 2797 	2798 	2796
f 2829 	2803 	2800
f 2443 	2799 	2794
f 2766 	2796 	2798
f 2762 	2766 	2798
f 2803 	2802 	2800
f 2427 	2799 	2444
f 2804 	2803 	2805
f 2805 	2803 	2829
f 2808 	2809 	2810
f 2799 	2795 	2794
f 2809 	2811 	2810
f 2804 	2807 	2803
f 2811 	2809 	2812
f 2808 	2812 	2809
f 2752 	2790 	2761
f 2808 	2818 	2796
f 2809 	2808 	2796
f 2811 	2809 	2796
f 2762 	2811 	2766
f 2796 	2766 	2811
f 2802 	2986 	2813
f 2997 	2900 	2796
f 2815 	2808 	2809
f 2800 	2802 	2813
f 352 	1543 	2749
f 2574 	1904 	2790
f 2815 	2809 	2798
f 2810 	2811 	2812
f 2454 	3061 	2817
f 247 	310 	2816
f 2816 	273 	247
f 2454 	2817 	2814
f 455 	273 	2816
f 2798 	2812 	3685
f 2811 	2812 	2798
f 2818 	2810 	2812
f 2858 	1571 	426
f 2818 	2808 	2810
f 2817 	2821 	2814
f 2812 	2808 	2818
f 3692 	1501 	1495
f 2762 	2997 	2811
f 2997 	2796 	2818
f 2467 	2470 	2814
f 2800 	2813 	2816
f 2808 	2815 	2818
f 2762 	2737 	2943
f 2824 	2825 	168
f 2812 	2811 	2818
f 2420 	2826 	2823
f 2715 	2827 	2691
f 83 	2824 	168
f 2793 	2775 	2800
f 2800 	2816 	2793
f 3205 	2102 	3341
f 2782 	2832 	2829
f 2826 	2436 	2821
f 2739 	2673 	2879
f 2824 	83 	2822
f 2817 	2823 	2826
f 2783 	2824 	2822
f 2783 	2771 	2824
f 2545 	2814 	2543
f 1503 	3692 	2830
f 1503 	1501 	3692
f 2715 	2828 	2827
f 2771 	2774 	2825
f 2825 	2824 	2771
f 2568 	2569 	2821
f 2889 	2855 	2829
f 1905 	2790 	1904
f 2829 	2879 	2889
f 1886 	2790 	1907
f 2832 	2532 	2531
f 2792 	2790 	1886
f 2832 	2528 	2532
f 2749 	353 	352
f 1905 	1907 	2790
f 2821 	2543 	2814
f 2821 	2817 	2826
f 2833 	2834 	2744
f 2833 	2744 	2742
f 2536 	2535 	2832
f 2534 	2832 	2535
f 2531 	2536 	2832
f 426 	428 	2858
f 555 	1587 	2794
f 2534 	2539 	2832
f 2834 	2943 	2737
f 2834 	2737 	2744
f 2792 	1886 	1889
f 2835 	2833 	2742
f 2795 	556 	2794
f 555 	2794 	556
f 565 	2823 	566
f 2817 	566 	2823
f 2651 	2708 	2837
f 2836 	2816 	2813
f 2834 	2943 	2632
f 2744 	2834 	2835
f 2744 	2835 	2742
f 2836 	2813 	2820
f 2760 	2725 	2876
f 2542 	2541 	2836
f 2839 	2841 	2840
f 2744 	2742 	3205
f 2744 	3205 	2834
f 2799 	565 	2801
f 2795 	2801 	556
f 566 	2817 	3086
f 2546 	2836 	2539
f 2832 	2539 	2836
f 2836 	2546 	2542
f 2841 	2839 	2838
f 2799 	2823 	565
f 419 	404 	2840
f 2841 	419 	2840
f 565 	564 	2801
f 564 	556 	2801
f 2853 	2806 	2829
f 2829 	2855 	2853
f 2805 	2829 	2806
f 2841 	2838 	2858
f 2742 	2744 	2737
f 2858 	2838 	3603
f 2632 	2833 	2835
f 2871 	2873 	2894
f 2651 	2847 	2653
f 2893 	1571 	2858
f 2912 	2777 	2910
f 2877 	2878 	2777
f 2650 	2943 	2833
f 2847 	2906 	2653
f 2835 	2834 	2632
f 2873 	2879 	2829
f 2915 	2858 	3219
f 2904 	2884 	2867
f 2884 	2883 	2867
f 2881 	2976 	2877
f 2878 	2877 	2976
f 2884 	2885 	2883
f 2887 	3363 	2886
f 2673 	2855 	2879
f 2909 	3005 	2886
f 2871 	2879 	2873
f 2240 	2888 	2890
f 3002 	2876 	2725
f 2889 	2879 	2855
f 2882 	3016 	3017
f 2887 	2900 	2815
f 2887 	2815 	2886
f 2811 	2798 	2809
f 2906 	2654 	2653
f 2990 	2882 	3017
f 2990 	2989 	2882
f 2676 	2903 	2757
f 4711 	4698 	2882
f 2986 	2863 	2820
f 4697 	4711 	2882
f 2994 	1571 	2892
f 2797 	2796 	2900
f 2828 	2819 	2850
f 2863 	2836 	2820
f 2863 	2986 	2894
f 2894 	2986 	2871
f 2827 	2828 	2850
f 2240 	2890 	2895
f 2885 	2884 	2896
f 2882 	2040 	2023
f 2873 	2836 	2894
f 2891 	2898 	2892
f 2863 	2894 	2836
f 2911 	2916 	2898
f 2818 	2811 	2997
f 2873 	2832 	2836
f 2891 	2893 	2898
f 2909 	2886 	3363
f 2211 	2220 	2882
f 2900 	2887 	2901
f 2886 	3005 	2887
f 2666 	2902 	2676
f 2041 	2040 	2882
f 2899 	2709 	2732
f 2676 	2902 	2903
f 2041 	2882 	2222
f 2886 	2797 	2887
f 2900 	2887 	2797
f 843 	2709 	2899
f 2023 	2211 	2882
f 2129 	2882 	2180
f 2818 	2815 	2900
f 2884 	2905 	2896
f 2904 	2905 	2884
f 2832 	2873 	2829
f 2885 	2896 	2905
f 2900 	2901 	2818
f 2907 	2904 	2867
f 2902 	2908 	2906
f 2899 	2867 	2897
f 2867 	2899 	2907
f 2895 	2910 	2240
f 2890 	2880 	2895
f 2895 	2880 	2910
f 2797 	2886 	2909
f 2886 	2815 	2909
f 2790 	518 	517
f 2906 	2903 	2902
f 2912 	2910 	2881
f 2893 	2911 	2898
f 2915 	2898 	2916
f 2911 	2985 	2893
f 2891 	2911 	2893
f 2939 	2912 	2881
f 2906 	2935 	2654
f 2698 	2691 	2827
f 2915 	2916 	2858
f 2911 	2858 	2916
f 2893 	2858 	2911
f 2732 	2787 	2899
f 3026 	2797 	2909
f 2907 	2899 	2787
f 2908 	2664 	2987
f 2796 	3392 	2797
f 2902 	2666 	2908
f 2666 	2664 	2908
f 2922 	2828 	2715
f 2930 	2985 	2915
f 2670 	2654 	2935
f 2937 	2898 	2915
f 2915 	2937 	2930
f 2777 	2912 	3006
f 2240 	2910 	2777
f 2998 	2930 	2937
f 2916 	2911 	2891
f 2909 	2798 	2797
f 2939 	2877 	3006
f 2777 	3006 	2877
f 2909 	2815 	2798
f 2877 	2939 	2881
f 2901 	3005 	2818
f 2916 	2937 	2915
f 2943 	2834 	2833
f 2935 	2983 	2941
f 1933 	2632 	2943
f 2928 	2720 	2946
f 2941 	2571 	2935
f 2834 	3205 	2943
f 2880 	2881 	2910
f 2762 	2943 	2997
f 3093 	2926 	2934
f 2984 	1723 	2880
f 2966 	2664 	2680
f 2880 	1725 	1726
f 2880 	1723 	1725
f 2878 	2971 	2777
f 2961 	2963 	2970
f 2541 	2540 	2836
f 2961 	2970 	2972
f 2964 	2962 	2929
f 2540 	2913 	2836
f 2968 	2973 	2965
f 2929 	2928 	2964
f 2966 	3028 	2941
f 2971 	2976 	2974
f 3363 	2978 	2979
f 2974 	2976 	2977
f 2992 	2946 	2701
f 2976 	3030 	2977
f 2992 	2701 	2698
f 2980 	2981 	2975
f 2901 	2997 	3005
f 2946 	2727 	2701
f 2901 	2900 	2997
f 2881 	2880 	2976
f 2946 	2964 	2928
f 2971 	2878 	2976
f 2978 	2909 	2979
f 2981 	2982 	2968
f 2975 	2981 	2968
f 3027 	2976 	2843
f 2844 	2843 	2976
f 3027 	3030 	2976
f 2968 	2965 	2975
f 2844 	2976 	2636
f 2746 	2635 	2976
f 2980 	2982 	2981
f 2880 	2890 	2984
f 2816 	2836 	3029
f 455 	2816 	3029
f 3108 	2836 	2913
f 2982 	2985 	2968
f 3105 	2970 	2963
f 2983 	2906 	2908
f 2930 	2973 	2985
f 2973 	2968 	2985
f 2982 	2980 	2985
f 2893 	2980 	2891
f 2985 	2980 	2893
f 2928 	2929 	2922
f 2983 	2908 	2987
f 2892 	2891 	2980
f 2986 	2820 	2813
f 338 	347 	2986
f 2790 	2871 	2986
f 2743 	2882 	2989
f 2729 	2743 	2988
f 2916 	2985 	2911
f 2988 	2743 	2989
f 2659 	2943 	2650
f 2989 	2990 	2988
f 2828 	2922 	2929
f 2916 	2915 	2985
f 2943 	2652 	1933
f 347 	433 	2986
f 2929 	2819 	2828
f 2913 	2914 	3108
f 2827 	2850 	2964
f 793 	792 	2765
f 3005 	2997 	2978
f 2827 	2964 	2992
f 454 	455 	3029
f 792 	786 	2756
f 2964 	2850 	2962
f 2876 	2962 	2850
f 792 	2756 	2765
f 2984 	1721 	1723
f 2698 	2827 	2992
f 2039 	3063 	3052
f 3013 	3025 	1571
f 454 	3029 	438
f 2845 	3063 	2846
f 2765 	2993 	793
f 2039 	2996 	2995
f 2891 	2892 	1571
f 2039 	2984 	2996
f 2039 	2085 	2984
f 2759 	1483 	2993
f 2935 	2906 	2983
f 2898 	2994 	2892
f 2851 	2996 	2852
f 2995 	2849 	2848
f 2993 	2867 	2883
f 2856 	2996 	2851
f 2980 	2994 	2892
f 2833 	2649 	2650
f 2854 	2849 	2995
f 2995 	2848 	2846
f 2991 	2867 	2993
f 2987 	2966 	2941
f 1389 	802 	2993
f 2859 	2996 	2856
f 2859 	2857 	2996
f 2857 	2854 	2996
f 2995 	2996 	2854
f 2937 	2998 	2898
f 2993 	802 	793
f 2941 	2983 	2987
f 2984 	2888 	3003
f 2759 	2993 	2883
f 2987 	2664 	2966
f 2992 	2964 	2946
f 2999 	3000 	2986
f 2984 	2890 	2888
f 2652 	2943 	2659
f 3028 	3024 	2941
f 3049 	429 	3053
f 3001 	3023 	2986
f 2986 	3000 	3200
f 3692 	2745 	2743
f 433 	429 	2986
f 3363 	2978 	2997
f 3148 	3178 	2571
f 3002 	2962 	2876
f 2571 	3038 	3148
f 3005 	2978 	2901
f 2901 	2978 	2900
f 3363 	2900 	2978
f 3022 	3038 	2571
f 3002 	3004 	3076
f 2900 	3363 	2887
f 2901 	2887 	3005
f 3006 	2912 	2939
f 3005 	3685 	2818
f 2962 	3002 	3076
f 3005 	2909 	2978
f 777 	741 	2991
f 2724 	3004 	2725
f 2837 	2708 	2988
f 2867 	2991 	741
f 2867 	697 	2897
f 3004 	3002 	2725
f 2998 	3062 	3011
f 3064 	3062 	2998
f 2904 	1527 	2905
f 2743 	3051 	3008
f 2978 	2979 	3685
f 2904 	843 	1527
f 3070 	2747 	2751
f 3032 	2930 	3011
f 2998 	3011 	2930
f 2907 	2709 	843
f 3009 	2990 	3036
f 2994 	3131 	3013
f 2990 	3009 	3051
f 3022 	2571 	2941
f 3010 	3007 	2984
f 3045 	2837 	2988
f 2941 	3024 	3022
f 3010 	2984 	3003
f 1385 	1483 	2759
f 2994 	2898 	3013
f 3051 	2988 	2990
f 3015 	3076 	2760
f 3037 	2919 	2918
f 2978 	3685 	3005
f 3011 	2898 	2998
f 617 	3037 	2918
f 2760 	3076 	2751
f 1385 	2759 	2883
f 2876 	3015 	2760
f 697 	850 	2899
f 697 	2899 	2897
f 3685 	3689 	2798
f 2998 	2994 	3011
f 2882 	3239 	3016
f 850 	851 	2899
f 2891 	2998 	2916
f 2994 	2998 	2892
f 2891 	2892 	2998
f 2993 	1483 	1389
f 2998 	2937 	2916
f 3012 	3026 	2909
f 3016 	3014 	3017
f 3022 	3024 	2961
f 1527 	1459 	2905
f 3042 	3018 	3001
f 3023 	3001 	3018
f 2909 	2797 	3392
f 3020 	3023 	3018
f 3007 	3021 	2984
f 3019 	3023 	3108
f 2907 	843 	2904
f 3018 	3042 	3020
f 3112 	3121 	3021
f 3024 	3028 	2963
f 2377 	2376 	2183
f 3025 	3013 	3131
f 2378 	2377 	2183
f 2994 	2980 	3131
f 2860 	3027 	2861
f 2843 	2861 	3027
f 3018 	3091 	3040
f 3041 	3029 	3020
f 3078 	2229 	831
f 3106 	1571 	3039
f 2994 	3013 	1571
f 3029 	3108 	3020
f 3108 	3023 	3020
f 3026 	2422 	2762
f 3025 	3032 	3013
f 4402 	2422 	3026
f 3031 	3032 	3011
f 2963 	2961 	3024
f 2777 	2977 	3121
f 2790 	2777 	3121
f 2898 	3011 	3032
f 3021 	3121 	2977
f 2984 	3021 	3027
f 2781 	2791 	3083
f 3030 	3021 	2977
f 3083 	2791 	3094
f 3036 	2990 	3017
f 3030 	3027 	3021
f 2850 	3015 	2876
f 3027 	2996 	2984
f 2996 	3027 	2852
f 2860 	2852 	3027
f 1871 	3034 	3035
f 2790 	2879 	2871
f 2790 	2739 	2879
f 3009 	3036 	3033
f 3032 	3011 	2994
f 3032 	3031 	2930
f 3038 	3022 	2961
f 2790 	2585 	2574
f 3131 	3039 	3025
f 3037 	438 	3029
f 3040 	3065 	3000
f 3025 	3013 	2898
f 3039 	3025 	2898
f 3041 	3020 	3042
f 3041 	3043 	3029
f 2994 	3013 	3032
f 2850 	2819 	3015
f 3039 	3032 	3025
f 3797 	2439 	379
f 2903 	3044 	2757
f 429 	3043 	3041
f 3041 	3001 	429
f 3031 	3032 	3106
f 2903 	2906 	3044
f 3042 	3001 	3041
f 2753 	2757 	3044
f 3043 	3049 	3029
f 3044 	2906 	2847
f 429 	3049 	3043
f 3044 	3045 	2753
f 2847 	3045 	3044
f 2915 	3219 	2937
f 2998 	2937 	3219
f 2998 	3219 	3064
f 2634 	3050 	2966
f 2754 	3045 	3051
f 3048 	3046 	3047
f 3050 	3028 	2966
f 3051 	2764 	2754
f 2745 	2764 	3051
f 3048 	3034 	3046
f 3116 	3046 	3034
f 3051 	3009 	3008
f 3219 	3224 	2930
f 3045 	2847 	2837
f 829 	3078 	831
f 3049 	3053 	3029
f 3028 	3050 	2963
f 3051 	3045 	2988
f 3048 	3035 	3034
f 3069 	3110 	3052
f 3749 	3764 	2930
f 2926 	2961 	3058
f 2961 	2972 	3058
f 2934 	3058 	3056
f 3054 	3061 	3059
f 3058 	2934 	2926
f 2842 	2934 	3056
f 3038 	3050 	3149
f 3029 	3053 	3060
f 2454 	3059 	3061
f 3198 	3200 	3000
f 2039 	3052 	2137
f 3014 	3057 	3017
f 3011 	3062 	3031
f 3036 	3017 	3057
f 3014 	2842 	3057
f 3056 	3057 	2842
f 3048 	3294 	3035
f 3052 	2349 	2137
f 3294 	1871 	3035
f 2646 	2783 	4671
f 3066 	3065 	3101
f 3068 	3036 	3057
f 2865 	3063 	2866
f 3068 	3033 	3036
f 2864 	3063 	2845
f 2995 	2846 	3063
f 2962 	3076 	3067
f 2864 	2862 	3063
f 2866 	3063 	2862
f 3067 	2929 	2962
f 3059 	2411 	2378
f 3323 	3048 	3047
f 3102 	3038 	3124
f 2819 	3067 	3015
f 2930 	3031 	3062
f 2819 	2929 	3067
f 3064 	3212 	3062
f 3062 	3212 	3031
f 3032 	3031 	3212
f 3102 	3050 	3038
f 3060 	3055 	3037
f 2747 	3070 	3071
f 3062 	3031 	3106
f 3100 	3065 	3040
f 2747 	3071 	2738
f 3100 	3040 	3091
f 3219 	2930 	3064
f 2378 	2183 	3059
f 3062 	3064 	2930
f 3066 	3198 	3065
f 3094 	3072 	3071
f 3059 	2183 	3078
f 3072 	2646 	2738
f 2183 	2229 	3078
f 3072 	2738 	3071
f 3106 	3249 	3062
f 2454 	2411 	3059
f 3015 	3067 	3076
f 3078 	829 	3054
f 3059 	3078 	3054
f 3101 	3037 	3079
f 3080 	2842 	3075
f 2450 	1616 	3081
f 3070 	2751 	3076
f 2507 	3003 	2473
f 820 	2450 	3081
f 834 	820 	3081
f 3081 	1616 	1626
f 829 	3082 	3054
f 3084 	3110 	3021
f 1626 	3082 	3081
f 3066 	3101 	3079
f 3082 	1626 	3085
f 3037 	3077 	3079
f 3086 	3061 	3085
f 3085 	3061 	3054
f 3037 	3055 	3077
f 3082 	3085 	3054
f 3060 	3037 	3029
f 829 	834 	3082
f 834 	3081 	3082
f 3007 	3084 	3021
f 2463 	839 	1626
f 3085 	839 	830
f 3040 	3000 	2999
f 2652 	2657 	3073
f 2507 	3010 	3003
f 3084 	3010 	2507
f 830 	2465 	3086
f 3010 	3084 	3007
f 3257 	3239 	3074
f 2465 	1625 	3086
f 3080 	2934 	2842
f 3080 	3093 	2934
f 2657 	2660 	3073
f 3018 	3092 	3091
f 3085 	830 	3086
f 3019 	3108 	3092
f 2817 	3061 	3086
f 3034 	1868 	3088
f 2986 	3019 	2999
f 3092 	3018 	2999
f 3040 	2999 	3018
f 3004 	3070 	3076
f 3092 	2999 	3019
f 3070 	3004 	3083
f 2986 	3023 	3019
f 3071 	3070 	3083
f 3083 	3094 	3071
f 3093 	3080 	3369
f 3004 	2724 	3083
f 3101 	3065 	3100
f 3098 	3034 	3095
f 2921 	2920 	3101
f 3101 	2923 	2921
f 2970 	3103 	2972
f 3101 	2925 	2923
f 3103 	3104 	2972
f 2924 	2925 	3101
f 2959 	2960 	3101
f 3058 	2972 	3104
f 2928 	2719 	2720
f 3094 	2771 	3072
f 2648 	2774 	2791
f 3106 	3131 	3107
f 3098 	3116 	3034
f 3114 	3104 	3103
f 2963 	3050 	3102
f 2791 	2774 	3094
f 3039 	3131 	3106
f 2914 	2917 	3108
f 2927 	3108 	2917
f 4675 	2774 	2648
f 3094 	2774 	2771
f 3091 	3092 	3108
f 3025 	3039 	1571
f 3103 	3105 	3114
f 3108 	3100 	3091
f 3029 	2836 	3108
f 2783 	3072 	2771
f 3039 	2898 	3106
f 3102 	3105 	2963
f 2927 	2924 	3101
f 2927 	3101 	3108
f 3101 	3100 	3108
f 2970 	3105 	3103
f 3106 	3032 	3039
f 3124 	3105 	3102
f 2646 	3072 	2783
f 2986 	3200 	3321
f 3034 	3088 	3095
f 1571 	3106 	3107
f 3111 	3052 	3110
f 3111 	3117 	3052
f 3119 	3052 	3117
f 3105 	3124 	3114
f 3110 	3069 	3112
f 3087 	3089 	3113
f 3084 	3111 	3110
f 3110 	3112 	3021
f 3369 	3104 	3114
f 2727 	2946 	2720
f 3107 	3131 	3113
f 2701 	2730 	2699
f 2634 	2663 	3283
f 2932 	2931 	3115
f 3113 	3089 	1571
f 2931 	2936 	3115
f 2936 	2938 	3115
f 3115 	2933 	2932
f 2938 	2940 	3115
f 3115 	2945 	2944
f 3116 	3134 	3046
f 3115 	2944 	2933
f 2942 	2919 	3037
f 3084 	3117 	3111
f 3114 	3093 	3369
f 2948 	3139 	2947
f 2949 	2947 	3115
f 3119 	3117 	3084
f 2950 	3115 	2940
f 2926 	3093 	3114
f 2950 	2952 	3115
f 3115 	2952 	2949
f 3114 	2961 	2926
f 3122 	3123 	3089
f 3122 	3089 	3087
f 3115 	2954 	2945
f 2951 	2942 	3037
f 2951 	3037 	2955
f 3101 	2955 	3037
f 3122 	3130 	3123
f 3000 	3065 	3198
f 3186 	3089 	3127
f 3126 	3186 	3127
f 3130 	3127 	3089
f 3087 	3089 	3186
f 3123 	3130 	3089
f 3129 	2869 	2868
f 1315 	3077 	3055
f 3199 	3129 	2870
f 2868 	2870 	3129
f 3135 	3121 	3112
f 2869 	3129 	2865
f 3063 	2865 	3129
f 3132 	2980 	3118
f 3114 	3124 	3038
f 3038 	2961 	3114
f 2920 	2959 	3101
f 3118 	3127 	3132
f 3129 	3069 	3052
f 3038 	3149 	3148
f 2686 	2688 	379
f 3069 	3137 	3135
f 3129 	3137 	3069
f 2980 	3132 	3131
f 3209 	3137 	3129
f 2955 	3101 	2960
f 2631 	3121 	3135
f 3139 	2958 	2957
f 3137 	3209 	3135
f 3139 	2957 	2956
f 2956 	2967 	3139
f 3112 	3069 	3135
f 2969 	3139 	2948
f 3115 	2947 	3139
f 2969 	2958 	3139
f 3139 	3133 	3109
f 3186 	3127 	3118
f 3109 	3115 	3139
f 3139 	3229 	3133
f 3129 	3052 	3063
f 1136 	3214 	3261
f 3199 	3209 	3129
f 379 	1298 	974
f 3122 	3131 	3132
f 3132 	3130 	3122
f 3378 	1493 	537
f 3292 	2571 	3293
f 3142 	3144 	3143
f 3127 	3130 	3132
f 3378 	536 	518
f 3113 	3122 	3087
f 3123 	1571 	3089
f 3140 	3147 	3143
f 3113 	3131 	3122
f 3178 	3293 	2571
f 3142 	3143 	3147
f 3145 	3163 	3437
f 3119 	3084 	3150
f 3123 	3130 	3267
f 3268 	3267 	3126
f 3127 	3126 	3267
f 3052 	3150 	3154
f 3169 	3050 	3160
f 3123 	3212 	3130
f 3052 	3119 	3150
f 3148 	3149 	3159
f 3141 	3154 	3150
f 3145 	3146 	3163
f 3087 	3212 	3089
f 3107 	3113 	1571
f 3195 	3147 	3194
f 3147 	3159 	3149
f 3147 	3222 	3142
f 3149 	3050 	3168
f 3168 	3050 	3169
f 3149 	3168 	3169
f 2631 	3170 	2576
f 3160 	3147 	3169
f 3149 	3169 	3147
f 3155 	3163 	3146
f 3147 	3140 	3159
f 3154 	3141 	3170
f 3159 	3178 	3148
f 3130 	3127 	3267
f 3267 	1571 	3123
f 3159 	3241 	3178
f 3186 	4650 	4603
f 3189 	3193 	3187
f 3050 	3283 	3160
f 3459 	3073 	3258
f 2409 	3052 	3154
f 3194 	3147 	3160
f 2626 	2564 	3154
f 3154 	3170 	3199
f 3190 	3413 	3189
f 2634 	3283 	3050
f 3127 	3186 	3126
f 2663 	1674 	3283
f 3200 	3109 	3133
f 3388 	3316 	3193
f 3203 	3204 	3198
f 3140 	3143 	3175
f 3140 	3175 	3177
f 3115 	3109 	3204
f 3440 	3190 	4129
f 3187 	3962 	3189
f 3962 	4129 	3189
f 3126 	3186 	3268
f 3204 	3203 	3115
f 3133 	3229 	3200
f 3249 	3106 	3087
f 2631 	2739 	2790
f 3151 	3203 	3152
f 3153 	3203 	3156
f 2790 	3121 	2631
f 3126 	3127 	3186
f 3156 	3207 	3157
f 3154 	3199 	2626
f 3186 	3208 	3087
f 2626 	3199 	2477
f 2874 	2477 	3199
f 3186 	4603 	3208
f 3209 	3199 	3170
f 3177 	3201 	3140
f 3249 	3355 	3208
f 1938 	1936 	3210
f 2875 	2874 	3199
f 3206 	3177 	3175
f 2870 	2872 	3199
f 2875 	3199 	2872
f 3153 	3152 	3203
f 3151 	3158 	3203
f 3207 	3156 	3203
f 3170 	3135 	3209
f 3032 	3212 	2898
f 3170 	2631 	3135
f 3201 	3223 	3202
f 3208 	3186 	3212
f 3207 	3200 	3229
f 3127 	3130 	3212
f 3186 	3127 	3212
f 3200 	3198 	3204
f 3123 	3089 	3212
f 3206 	3222 	3177
f 3087 	3106 	3212
f 3204 	3109 	3200
f 3212 	3106 	2898
f 3115 	3203 	2954
f 2953 	2954 	3203
f 3158 	2953 	3203
f 3211 	3096 	3097
f 2790 	517 	4188
f 3220 	3216 	3231
f 1315 	3055 	3060
f 3177 	3218 	3201
f 3060 	3053 	1315
f 3222 	3218 	3177
f 3225 	3211 	3221
f 3198 	3066 	3079
f 3221 	3211 	3097
f 3218 	3223 	3201
f 3206 	3142 	3222
f 3219 	3603 	3224
f 3099 	3221 	3097
f 3214 	3210 	3213
f 3077 	3198 	3079
f 3216 	3220 	3217
f 3143 	3120 	3175
f 1315 	1326 	3077
f 3175 	3120 	3913
f 3219 	2858 	3603
f 3222 	3147 	3218
f 2013 	2265 	3231
f 3142 	3206 	3144
f 3250 	3210 	1980
f 3223 	3218 	3147
f 3360 	3226 	3225
f 3210 	1936 	1980
f 2882 	3074 	3239
f 1939 	3210 	3214
f 3161 	3157 	3207
f 3229 	3162 	3161
f 3229 	3161 	3207
f 3164 	3139 	2967
f 3164 	2967 	3165
f 3224 	3716 	2930
f 3749 	2930 	3716
f 3166 	3229 	3167
f 3162 	3229 	3166
f 3164 	3167 	3229
f 3164 	3229 	3139
f 3272 	3226 	3233
f 3227 	3232 	3228
f 3241 	3159 	3201
f 3075 	3014 	3230
f 2842 	3014 	3075
f 1326 	1324 	3198
f 3217 	3231 	3216
f 3231 	3217 	3261
f 3198 	1324 	3203
f 3234 	3259 	3258
f 3241 	3201 	3202
f 3213 	3231 	3261
f 3238 	3236 	3237
f 3348 	3237 	3236
f 3212 	3064 	3219
f 1324 	3332 	3321
f 3241 	3293 	3178
f 3219 	3224 	3212
f 3224 	3716 	3212
f 3244 	3240 	2013
f 3741 	3224 	3219
f 3242 	3243 	3128
f 3228 	3245 	3227
f 3246 	3227 	3245
f 3213 	3240 	3231
f 3246 	3247 	3227
f 3236 	3238 	3193
f 3138 	3256 	3242
f 3244 	3231 	3240
f 3077 	1326 	3198
f 3853 	2965 	2973
f 3215 	3259 	3234
f 2013 	3231 	3244
f 3227 	3247 	3947
f 3213 	3210 	3240
f 3252 	4048 	3247
f 3237 	3233 	3238
f 2262 	3938 	2004
f 3249 	3208 	4603
f 3237 	3235 	3233
f 3247 	3246 	3252
f 3251 	3252 	3246
f 3140 	3201 	3159
f 3240 	3250 	3931
f 3253 	3249 	4603
f 2004 	3248 	3250
f 3219 	3249 	3253
f 3741 	3219 	3253
f 3378 	2790 	2986
f 3223 	3195 	3254
f 2004 	3938 	3248
f 3208 	3249 	3087
f 3240 	3210 	3250
f 3062 	3249 	3064
f 3219 	3064 	3249
f 3174 	3173 	3255
f 3215 	3459 	3259
f 3223 	3147 	3195
f 3223 	3254 	3241
f 3173 	3176 	3255
f 3014 	3016 	3230
f 3255 	3260 	3174
f 3179 	3197 	3255
f 3180 	3179 	3255
f 3176 	3180 	3255
f 3241 	3202 	3223
f 3242 	3128 	3138
f 3208 	3212 	3249
f 3239 	3230 	3016
f 3046 	3205 	3047
f 3249 	3803 	3253
f 3205 	3046 	3134
f 3171 	3174 	3260
f 3312 	3047 	3205
f 3803 	3249 	3212
f 3118 	3508 	3263
f 3205 	3134 	3136
f 3283 	3286 	3254
f 3195 	3283 	3254
f 3243 	3205 	3136
f 3252 	3251 	3232
f 3136 	3128 	3243
f 1341 	3287 	3276
f 3312 	3205 	3341
f 3261 	3287 	1341
f 3262 	3232 	3227
f 3095 	4272 	3098
f 3118 	3264 	3265
f 3261 	3282 	3280
f 3214 	3213 	3261
f 3307 	3261 	3217
f 3267 	3269 	3268
f 3225 	3270 	3211
f 3226 	3272 	3270
f 3270 	3225 	3226
f 3274 	1571 	3269
f 3269 	3274 	3268
f 3274 	3269 	3266
f 3269 	3267 	3266
f 3235 	3272 	3233
f 3804 	3275 	3276
f 3804 	3287 	3280
f 3273 	3260 	3255
f 3181 	3273 	3182
f 3181 	3188 	3273
f 3188 	3172 	3260
f 3260 	3172 	3171
f 3188 	3260 	3273
f 3274 	3333 	3281
f 3269 	3333 	3274
f 3348 	3236 	3352
f 3281 	1571 	3274
f 3274 	3281 	3268
f 3274 	3266 	3281
f 3194 	3160 	3283
f 3283 	3195 	3194
f 3261 	3307 	3282
f 3264 	3263 	3265
f 3265 	3264 	3277
f 3276 	3287 	3804
f 3241 	3254 	3286
f 3289 	3288 	3277
f 3278 	3277 	3288
f 3297 	3306 	2035
f 3281 	3291 	3268
f 3281 	3266 	3291
f 1667 	1684 	3293
f 3271 	3285 	3284
f 3280 	3287 	3261
f 3294 	2042 	1871
f 3293 	1684 	3292
f 3271 	3390 	3285
f 3279 	1611 	3266
f 3286 	1667 	3293
f 3275 	3804 	3296
f 1843 	3278 	3288
f 3211 	3391 	3338
f 3283 	1666 	3286
f 3211 	3270 	3391
f 1674 	1666 	3283
f 3370 	3270 	3272
f 2035 	3299 	3297
f 2035 	2042 	3299
f 3118 	3263 	3302
f 3285 	3390 	3301
f 3293 	3241 	3286
f 3118 	3302 	3264
f 3305 	3264 	3302
f 3304 	3305 	3302
f 3356 	3238 	3233
f 3304 	3263 	3305
f 1684 	2571 	3292
f 3306 	3297 	3335
f 3305 	3304 	1888
f 3318 	3282 	3307
f 3328 	3306 	3335
f 3263 	3264 	3305
f 3340 	3331 	2768
f 2042 	3294 	3299
f 1888 	3277 	3305
f 3264 	3305 	3277
f 1814 	1620 	3508
f 3265 	3305 	3264
f 3388 	3193 	3238
f 3231 	3339 	3220
f 3333 	3269 	3267
f 3217 	3220 	3307
f 3310 	3307 	3220
f 3312 	3313 	3314
f 3482 	3481 	3309
f 3267 	3269 	1571
f 3281 	3291 	1571
f 3268 	3333 	3267
f 1327 	3296 	4076
f 3047 	3312 	3314
f 3319 	3320 	3313
f 3314 	3313 	3320
f 3291 	3281 	3333
f 1324 	3682 	3332
f 3388 	3352 	3316
f 3047 	3314 	3320
f 3193 	3316 	3325
f 3399 	3365 	2126
f 3312 	3322 	3313
f 3940 	3271 	3284
f 3184 	3351 	3185
f 3185 	3351 	3191
f 3047 	3320 	3323
f 3319 	3323 	3320
f 3406 	3187 	3325
f 3319 	3322 	3326
f 3187 	3193 	3325
f 3317 	3268 	3186
f 3246 	3245 	3251
f 3245 	3419 	3251
f 3378 	2986 	3321
f 3300 	3232 	3251
f 3327 	3328 	3326
f 3330 	3329 	3232
f 3207 	3321 	3200
f 3326 	3322 	3327
f 3332 	3273 	3255
f 3323 	3319 	3326
f 3207 	3203 	3321
f 3326 	3334 	3323
f 3334 	3294 	3323
f 3300 	3330 	3232
f 3334 	3326 	3335
f 3310 	3318 	3307
f 3315 	3329 	3308
f 2126 	4118 	3399
f 3330 	3295 	3329
f 3308 	3329 	3295
f 3297 	3334 	3335
f 3318 	3814 	3804
f 3814 	3318 	3336
f 3317 	3355 	3333
f 3317 	3333 	3268
f 3326 	3328 	3335
f 3804 	3282 	3318
f 3337 	3225 	3221
f 3358 	3225 	3337
f 3330 	3300 	3298
f 3333 	3829 	2014
f 3334 	3299 	3294
f 3334 	3297 	3299
f 3330 	3298 	3295
f 3322 	3319 	3313
f 3329 	3315 	4231
f 3321 	3332 	3255
f 3329 	4231 	4264
f 3364 	3346 	2126
f 3291 	3333 	1614
f 1611 	1614 	3333
f 3048 	3323 	3294
f 2014 	1952 	3333
f 4266 	4300 	3298
f 3291 	1614 	1571
f 2767 	3345 	2768
f 3940 	3284 	3331
f 2768 	1718 	3340
f 3291 	1614 	3268
f 1614 	3291 	3266
f 2767 	2768 	2687
f 3340 	2687 	2768
f 3331 	3951 	3940
f 3099 	3337 	3221
f 3409 	3228 	3232
f 1841 	1611 	3279
f 3310 	3220 	3339
f 3409 	3232 	3411
f 3411 	3232 	3262
f 3345 	3346 	3340
f 3373 	3346 	3345
f 3279 	3278 	1841
f 3288 	1842 	1843
f 3340 	3377 	3345
f 3318 	3347 	3336
f 3340 	2768 	3345
f 3183 	3350 	3184
f 3351 	3196 	3192
f 3343 	3342 	3344
f 3289 	1842 	3288
f 3341 	3342 	3343
f 3350 	3183 	3332
f 3345 	2687 	3340
f 1621 	3304 	3302
f 3332 	3182 	3273
f 3327 	3342 	3328
f 3348 	3349 	3237
f 3197 	3351 	3255
f 3304 	1621 	3263
f 3197 	3196 	3351
f 3304 	1621 	1888
f 3203 	1324 	3321
f 3341 	3343 	3312
f 3305 	3265 	3304
f 3321 	3351 	3350
f 1854 	3289 	3277
f 3378 	3321 	3350
f 3277 	1888 	1854
f 3348 	3388 	3356
f 3327 	3344 	3342
f 3265 	3507 	3304
f 3348 	3356 	3349
f 3237 	3349 	3235
f 3262 	3353 	3411
f 3355 	4592 	3317
f 3343 	3344 	3327
f 3184 	3350 	3351
f 3322 	3343 	3327
f 3355 	3317 	1611
f 3268 	1611 	3317
f 3343 	3322 	3312
f 3409 	3245 	3228
f 3249 	3813 	3354
f 3342 	3306 	3328
f 3405 	3357 	3318
f 3337 	3338 	3358
f 2090 	3306 	3342
f 3347 	3318 	3359
f 3346 	3364 	3951
f 3346 	3951 	3340
f 3215 	3234 	3362
f 3361 	3362 	3234
f 3358 	3360 	3225
f 3363 	2979 	2909
f 3255 	3351 	3321
f 3355 	2079 	3354
f 3318 	3357 	3359
f 3251 	3420 	3300
f 3366 	3367 	3368
f 3356 	3226 	3360
f 3058 	3104 	3369
f 3367 	3951 	3368
f 3368 	3365 	3366
f 3364 	2126 	3365
f 3366 	3365 	3399
f 3205 	2742 	2736
f 3192 	3191 	3351
f 3371 	3298 	3300
f 3080 	3372 	3369
f 3357 	3375 	3359
f 3377 	3340 	3376
f 3374 	3372 	3230
f 3340 	3379 	3376
f 3372 	3075 	3230
f 3573 	3685 	3363
f 3080 	3075 	3372
f 3377 	3373 	3345
f 3182 	3332 	3183
f 3374 	3230 	3239
f 3376 	3373 	3377
f 3391 	3270 	3370
f 3373 	3376 	3379
f 3369 	3056 	3058
f 3373 	3345 	2767
f 3349 	3370 	3272
f 2978 	3363 	2979
f 1718 	3380 	3340
f 3379 	3340 	3380
f 3363 	3685 	2979
f 3057 	3372 	3374
f 3257 	3374 	3239
f 3379 	3380 	2687
f 3373 	3379 	2687
f 637 	3663 	3353
f 3349 	3272 	3235
f 3372 	3056 	3369
f 3057 	3056 	3372
f 3353 	3407 	3411
f 3687 	3378 	3683
f 3350 	3683 	3378
f 3356 	3233 	3226
f 3374 	3068 	3057
f 518 	2790 	3378
f 3033 	3068 	3374
f 3257 	3033 	3374
f 3360 	3358 	3370
f 3144 	3382 	3143
f 1492 	3378 	1679
f 3120 	3143 	3382
f 3373 	2687 	3345
f 614 	637 	3353
f 3358 	3391 	3370
f 3382 	3125 	3120
f 3390 	3271 	3125
f 3360 	3370 	3356
f 3356 	3370 	3349
f 3358 	3338 	3391
f 3336 	3347 	3814
f 2997 	3383 	3363
f 3400 	3393 	3366
f 3382 	3390 	3125
f 3375 	3384 	3359
f 3359 	3384 	3347
f 3356 	3388 	3238
f 2652 	3383 	3385
f 3301 	3389 	3303
f 2762 	3386 	3387
f 3396 	3363 	3383
f 3383 	3205 	3385
f 3381 	1718 	4155
f 1718 	3381 	3380
f 3352 	3388 	3348
f 3205 	2736 	2318
f 3390 	3389 	3301
f 2652 	3073 	3383
f 3380 	3381 	2687
f 3205 	3383 	2997
f 3311 	3303 	3389
f 3144 	3206 	3382
f 2303 	3205 	2318
f 3381 	3386 	2762
f 3309 	3367 	3366
f 3395 	3309 	3394
f 3394 	3309 	3393
f 3390 	4071 	3389
f 3366 	3393 	3392
f 3205 	2997 	2943
f 3378 	2130 	2135
f 2429 	3378 	2430
f 2434 	2430 	3378
f 3400 	2909 	3393
f 3393 	3392 	3492
f 4224 	4155 	1718
f 3394 	3399 	3395
f 3399 	3394 	3366
f 3383 	3073 	3459
f 3397 	3385 	3459
f 3383 	3459 	3385
f 3394 	3393 	3400
f 3394 	3400 	3401
f 3400 	3402 	3401
f 3397 	2652 	3385
f 3408 	3375 	3357
f 3400 	3366 	3402
f 3483 	3402 	3366
f 3405 	3408 	3357
f 3353 	624 	614
f 3353 	4128 	624
f 3400 	3492 	3402
f 3400 	3393 	3492
f 3387 	3386 	3392
f 3397 	3403 	3410
f 2762 	3387 	3392
f 3394 	3401 	3366
f 3385 	3205 	3397
f 3383 	3385 	3410
f 3397 	3410 	3385
f 3406 	3325 	3466
f 3410 	3396 	3383
f 3412 	2553 	2516
f 3396 	3398 	3464
f 3413 	3404 	3414
f 2135 	1720 	3378
f 1492 	1493 	3378
f 3464 	3398 	3410
f 3413 	3236 	3193
f 3398 	3396 	3410
f 3186 	3355 	3317
f 3193 	3189 	3413
f 3409 	3411 	3419
f 3420 	3419 	3411
f 3249 	3354 	3355
f 2516 	2517 	3412
f 3190 	3440 	3413
f 3186 	3208 	3355
f 3573 	3363 	3396
f 3354 	3829 	3355
f 3333 	3355 	3829
f 3427 	3404 	3406
f 3431 	3433 	3432
f 3406 	4129 	3427
f 3406 	3404 	3440
f 2533 	2526 	3430
f 3163 	3155 	3430
f 3404 	3413 	3440
f 3432 	3441 	3431
f 3406 	3440 	4129
f 3187 	3406 	3962
f 3190 	3189 	4129
f 3420 	3251 	3419
f 3437 	3163 	3430
f 3411 	3371 	3420
f 3325 	3487 	3466
f 3441 	3432 	3497
f 3325 	3316 	3487
f 3445 	2975 	3441
f 3392 	3309 	3366
f 2975 	3431 	3441
f 3445 	3453 	3454
f 3455 	3445 	3454
f 3258 	3259 	3459
f 4442 	4444 	3411
f 3454 	3460 	3496
f 3411 	4425 	4442
f 3454 	3496 	3455
f 3427 	3475 	3486
f 3245 	3409 	3419
f 3403 	3397 	3459
f 3403 	3459 	3462
f 3437 	3412 	3415
f 3403 	3462 	2652
f 3371 	3300 	3420
f 3145 	3437 	3415
f 3692 	3309 	3481
f 3501 	3118 	3455
f 4351 	3298 	3411
f 3412 	3463 	2553
f 4365 	4351 	3411
f 3453 	3460 	3454
f 3411 	3298 	3371
f 3441 	3497 	3460
f 3481 	3491 	3692
f 3491 	3492 	3692
f 3412 	3437 	3463
f 3392 	3393 	3309
f 3441 	3460 	3445
f 2561 	2555 	3474
f 3453 	3445 	3460
f 3785 	2599 	3500
f 3466 	3487 	3476
f 2599 	3430 	3500
f 3541 	3396 	3538
f 3487 	3486 	3476
f 2644 	2685 	974
f 3433 	4607 	4640
f 3476 	3486 	3475
f 3467 	3437 	2557
f 3437 	3465 	3463
f 3431 	2965 	3433
f 3467 	3465 	3437
f 2557 	2599 	3467
f 3465 	3474 	2555
f 3410 	3403 	3462
f 2980 	2975 	3445
f 2975 	2965 	3431
f 2562 	3493 	3477
f 3475 	3966 	3476
f 3205 	3462 	3403
f 3205 	3403 	3397
f 3455 	3118 	2980
f 2980 	3445 	3455
f 3459 	3215 	3480
f 3395 	3482 	3309
f 3485 	4373 	3488
f 3481 	3482 	3399
f 3395 	3399 	3482
f 3485 	3522 	3484
f 3486 	3414 	3404
f 4650 	3186 	3118
f 3404 	3427 	3486
f 2599 	3477 	3467
f 3493 	3467 	3477
f 3493 	2562 	3474
f 3474 	3465 	3467
f 3493 	3474 	3467
f 3487 	3352 	3236
f 3498 	3480 	3485
f 3483 	3366 	3401
f 3399 	4118 	4146
f 3316 	3352 	3487
f 4146 	3491 	3399
f 3413 	3414 	3487
f 3433 	4640 	3490
f 3550 	3488 	3485
f 3489 	3495 	3490
f 461 	2565 	2599
f 3609 	3550 	3485
f 3486 	3487 	3414
f 3433 	3490 	3432
f 3609 	3485 	3488
f 3489 	3496 	3497
f 3491 	4146 	3483
f 3460 	3497 	3496
f 3236 	3413 	3487
f 3480 	3484 	3485
f 3554 	3692 	3494
f 2660 	2652 	3480
f 3462 	3459 	3480
f 3497 	3495 	3489
f 3432 	3495 	3497
f 3490 	3495 	3432
f 3430 	3155 	3500
f 3492 	3392 	4155
f 3503 	3504 	3522
f 3492 	3494 	3529
f 3489 	3501 	3496
f 4155 	3494 	3492
f 3501 	3455 	3496
f 3491 	3483 	3492
f 3531 	3484 	3522
f 1607 	3499 	3506
f 3804 	3280 	3282
f 3118 	3507 	3508
f 3265 	3507 	3118
f 3531 	3525 	3484
f 3522 	3485 	3488
f 3522 	3488 	3503
f 4592 	3508 	3266
f 3639 	3509 	3478
f 3279 	3266 	3508
f 3508 	3277 	3278
f 3550 	3504 	3503
f 3488 	3550 	3503
f 3278 	3279 	3508
f 3401 	3402 	3483
f 3488 	3503 	3609
f 3503 	3504 	3609
f 3507 	3265 	3263
f 3507 	3263 	3508
f 3505 	3155 	1328
f 3338 	3337 	3510
f 3511 	3337 	3099
f 3265 	3277 	3507
f 3508 	3507 	3277
f 2652 	3462 	3480
f 3510 	3337 	3511
f 3508 	1621 	3507
f 3480 	3410 	3462
f 3513 	3155 	3505
f 3512 	3804 	3505
f 3518 	3519 	3516
f 3506 	3526 	1607
f 3512 	3296 	3804
f 3517 	3515 	3524
f 3515 	3516 	3524
f 3519 	3524 	3516
f 3520 	3524 	3519
f 3521 	3517 	3524
f 3512 	3290 	3296
f 3509 	3526 	3478
f 3522 	3525 	3531
f 3485 	3484 	3525
f 3504 	3514 	3522
f 3498 	3485 	3525
f 3498 	3525 	3522
f 3498 	3522 	3514
f 3396 	3464 	3498
f 3480 	3498 	3464
f 3508 	4592 	3524
f 3528 	3500 	3155
f 3528 	3155 	3513
f 3513 	3500 	3528
f 3402 	3492 	3483
f 3538 	3498 	3514
f 3512 	1327 	4076
f 3096 	3211 	3527
f 3527 	3211 	3338
f 3527 	3338 	3510
f 3514 	3541 	3538
f 3550 	3514 	3504
f 3517 	2045 	3515
f 3515 	2046 	3516
f 2046 	3515 	2045
f 3480 	3464 	3410
f 2046 	3518 	3516
f 3384 	3375 	3530
f 3215 	3362 	3480
f 3480 	3073 	2660
f 3535 	3478 	3479
f 3508 	3524 	2050
f 2054 	2050 	3524
f 3531 	3484 	3480
f 2054 	3524 	3520
f 3375 	3713 	3530
f 3502 	3526 	3421
f 3531 	4373 	3484
f 3535 	3479 	3428
f 3480 	3242 	3531
f 3428 	3479 	3424
f 3423 	3424 	3479
f 2050 	1884 	3508
f 3421 	3423 	3502
f 2054 	3519 	2046
f 3422 	3526 	3416
f 3485 	3484 	4373
f 3479 	1324 	1630
f 3519 	2054 	3520
f 2045 	3517 	3521
f 3499 	1607 	2263
f 3480 	3362 	3361
f 2045 	3521 	3523
f 2045 	3523 	2059
f 3243 	3480 	3205
f 4592 	2059 	3523
f 3422 	3421 	3526
f 3258 	3073 	3480
f 3423 	3479 	3502
f 3506 	3416 	3526
f 3499 	3416 	3506
f 3361 	3234 	3480
f 3268 	4592 	3267
f 3523 	3521 	4592
f 4592 	3521 	3524
f 3480 	3234 	3258
f 3256 	4373 	3531
f 3483 	2909 	3402
f 3256 	3531 	3242
f 1630 	3502 	3479
f 3243 	3242 	3480
f 379 	2141 	3532
f 4076 	3296 	3290
f 1324 	3479 	3649
f 3481 	3399 	3491
f 3480 	3462 	3205
f 3498 	3538 	3396
f 3537 	2839 	2840
f 3539 	3540 	3537
f 3537 	3540 	2839
f 2839 	3540 	3536
f 3540 	3610 	3534
f 3536 	3540 	3534
f 3332 	3683 	3350
f 4227 	3378 	3744
f 3610 	3540 	3612
f 3378 	3687 	3744
f 4118 	2126 	2125
f 3541 	3514 	3648
f 3648 	3514 	3550
f 3697 	3540 	3578
f 3615 	3347 	3384
f 2840 	2217 	3537
f 2840 	404 	2217
f 3539 	2266 	3613
f 3554 	3561 	4149
f 3569 	3534 	3610
f 3581 	3534 	3569
f 3504 	3514 	3609
f 2838 	2839 	3536
f 3396 	3541 	3573
f 3536 	3534 	3581
f 3648 	3609 	3573
f 3541 	3648 	3573
f 3569 	3578 	3581
f 2838 	3536 	3581
f 3679 	3012 	3573
f 3578 	3569 	3677
f 3581 	3578 	2838
f 3386 	3381 	4155
f 3603 	2838 	3578
f 3590 	3609 	3589
f 3678 	3578 	3677
f 3392 	3386 	4155
f 3678 	3697 	3578
f 3434 	3435 	3535
f 3661 	3654 	3589
f 3573 	3590 	3654
f 3872 	3529 	3554
f 3494 	3554 	3529
f 3540 	3539 	3578
f 3577 	3578 	3539
f 3428 	3426 	3535
f 3425 	3535 	3426
f 3647 	3530 	3601
f 3434 	3535 	3429
f 3425 	3429 	3535
f 3494 	4155 	3554
f 3603 	3578 	3577
f 4222 	4223 	3554
f 3439 	3535 	3436
f 3435 	3436 	3535
f 4155 	3561 	3554
f 3532 	3533 	379
f 3417 	3629 	3418
f 3442 	3418 	3629
f 3443 	3442 	3629
f 3446 	3629 	3449
f 3540 	3614 	3612
f 3591 	3615 	3601
f 2123 	4120 	2127
f 2263 	3631 	3626
f 3499 	2263 	3626
f 3601 	3615 	3628
f 3625 	3628 	3615
f 2384 	4383 	2171
f 3615 	3384 	3625
f 3629 	3417 	3626
f 3416 	3499 	3417
f 3478 	3526 	3631
f 3530 	3625 	3384
f 2383 	4383 	2384
f 2383 	4379 	4383
f 3509 	3631 	3526
f 3509 	3639 	3631
f 3639 	3626 	3631
f 3635 	3630 	3763
f 3530 	3628 	3625
f 3639 	3478 	3629
f 3626 	3639 	3629
f 3644 	3645 	3693
f 3609 	3648 	3550
f 3347 	3643 	3814
f 3444 	3443 	3629
f 3629 	3446 	3444
f 3347 	3615 	3643
f 3644 	3758 	3646
f 3644 	3646 	3645
f 3601 	3628 	3647
f 3626 	3417 	3499
f 2401 	2405 	4400
f 2401 	4400 	2404
f 3650 	3651 	3652
f 3614 	3665 	3612
f 3653 	3654 	3650
f 3651 	3650 	3654
f 3655 	3645 	3646
f 3656 	3682 	3649
f 3649 	3669 	3744
f 3628 	3660 	3647
f 3540 	3697 	3614
f 3573 	3609 	3590
f 3669 	3649 	3451
f 3657 	3645 	3655
f 3655 	3646 	3657
f 3646 	3758 	3657
f 3653 	3659 	3654
f 3657 	3758 	3642
f 3653 	3573 	3654
f 3670 	3660 	3658
f 3456 	3452 	3682
f 3542 	1982 	3642
f 2131 	3642 	1982
f 3629 	3478 	3535
f 3590 	3589 	3654
f 3756 	3544 	3642
f 3543 	3642 	3544
f 3658 	3660 	3833
f 3629 	3535 	3656
f 3649 	3479 	3478
f 3539 	3613 	3680
f 3656 	3649 	3478
f 3656 	3631 	3673
f 3545 	3542 	3642
f 3671 	3665 	3614
f 3661 	3666 	3667
f 3709 	3707 	3668
f 3668 	3707 	3667
f 3478 	3631 	3656
f 3353 	3662 	3407
f 3682 	3656 	3683
f 3449 	3629 	3673
f 3353 	3663 	3662
f 3671 	3614 	3613
f 3670 	3647 	3660
f 3665 	3671 	3672
f 3674 	3675 	3662
f 3662 	3675 	3664
f 3665 	3672 	3690
f 3686 	3690 	3672
f 3654 	453 	3653
f 3673 	3744 	3669
f 3612 	3677 	3610
f 3652 	3659 	3653
f 3652 	3653 	3650
f 3452 	3451 	3649
f 4345 	4116 	2128
f 3612 	3678 	3677
f 3679 	3026 	3012
f 3744 	3673 	3631
f 3673 	3629 	3656
f 4387 	2404 	4400
f 3577 	3539 	3680
f 3653 	3679 	3573
f 3569 	3610 	3677
f 3643 	3676 	3681
f 3679 	3653 	453
f 3682 	3683 	3332
f 3614 	3680 	3613
f 2383 	2382 	4379
f 3676 	3684 	3681
f 3663 	3674 	3662
f 3832 	3681 	3684
f 3545 	3642 	3543
f 2812 	2818 	3685
f 3645 	3657 	3693
f 3656 	3535 	3683
f 3685 	3573 	3012
f 3684 	3658 	3832
f 3609 	4644 	3589
f 3683 	3688 	3687
f 3689 	3699 	3661
f 3685 	3689 	3661
f 3492 	3529 	3685
f 3530 	3804 	3628
f 3804 	3530 	3647
f 3695 	3662 	3710
f 3691 	3601 	3530
f 1294 	3693 	3694
f 3678 	3612 	3665
f 3701 	3702 	3691
f 3008 	3009 	3692
f 3601 	3691 	3591
f 3033 	3692 	3009
f 3665 	3690 	3678
f 3535 	3688 	3683
f 3692 	4091 	1337
f 3685 	3717 	3689
f 833 	3692 	762
f 3589 	3685 	3661
f 3697 	3678 	3690
f 3688 	3458 	3696
f 3662 	3664 	3710
f 3439 	3438 	3688
f 3696 	3687 	3688
f 3682 	3696 	3456
f 3691 	3530 	3701
f 3699 	3689 	3529
f 3530 	3713 	3701
f 3654 	3659 	3652
f 3654 	3652 	3651
f 3872 	2798 	3700
f 3591 	3691 	3702
f 3503 	4373 	3504
f 3514 	3504 	4373
f 3503 	3488 	4373
f 3825 	3675 	3674
f 4091 	3692 	924
f 3703 	3902 	3704
f 3713 	3702 	3701
f 838 	924 	3692
f 3674 	3735 	3825
f 833 	838 	3692
f 3492 	3494 	3692
f 3697 	3698 	3680
f 3698 	3697 	3690
f 3706 	3700 	3705
f 3699 	3705 	3700
f 3661 	3707 	3654
f 3690 	3686 	3698
f 3705 	3706 	3703
f 3705 	3703 	3704
f 3708 	637 	3695
f 3649 	3682 	3452
f 3450 	3461 	3688
f 637 	3708 	3663
f 3663 	3708 	3674
f 3674 	3708 	3735
f 3680 	3614 	3697
f 3661 	3667 	3707
f 3688 	3535 	3439
f 3695 	3735 	3708
f 3696 	3458 	3457
f 3959 	3692 	3324
f 3457 	3456 	3696
f 3311 	3324 	3692
f 2172 	2311 	3715
f 3458 	3688 	3461
f 3450 	3688 	3438
f 3303 	3311 	3692
f 3715 	3642 	2172
f 3642 	2131 	2172
f 3448 	3669 	3447
f 3451 	3447 	3669
f 3392 	3393 	2909
f 3669 	3448 	3673
f 3449 	3673 	3448
f 3692 	3301 	3303
f 3400 	3402 	2909
f 3692 	3285 	3301
f 3649 	3744 	1324
f 3689 	3699 	2798
f 3483 	3685 	3012
f 3713 	3375 	3714
f 3692 	2743 	3008
f 3012 	2909 	3483
f 3692 	1580 	1571
f 3749 	3716 	3603
f 3788 	3751 	3603
f 1650 	1847 	3692
f 3699 	3700 	2798
f 1847 	2056 	3692
f 3692 	1571 	1591
f 1650 	3692 	1591
f 3714 	3702 	3713
f 3224 	3603 	3716
f 3712 	3026 	3679
f 3700 	3661 	3699
f 1580 	3692 	1428
f 3689 	3685 	3529
f 3744 	3682 	1324
f 3695 	3710 	3735
f 3692 	1434 	1436
f 1438 	1434 	3692
f 3742 	3676 	3643
f 3744 	3687 	3696
f 3689 	3717 	3699
f 3721 	3712 	3679
f 1438 	3692 	1495
f 3715 	3711 	3642
f 3718 	3813 	3253
f 3692 	1436 	1428
f 3719 	3693 	3711
f 3721 	3722 	3723
f 3721 	3723 	3341
f 3718 	3253 	4603
f 3724 	3723 	3722
f 3341 	3725 	3721
f 3718 	3253 	3803
f 3725 	3723 	3724
f 3666 	3717 	3667
f 3341 	3723 	3725
f 466 	3667 	3717
f 3721 	3725 	3722
f 3724 	3722 	3725
f 3720 	3746 	3710
f 3727 	3725 	3726
f 2429 	2130 	3378
f 3643 	3615 	3742
f 3719 	3711 	3715
f 3721 	3725 	3729
f 3724 	3726 	3725
f 3704 	3902 	3717
f 3721 	3729 	3730
f 3712 	3721 	3730
f 3717 	3704 	466
f 466 	3704 	3703
f 3727 	3729 	3725
f 3705 	3699 	3717
f 3717 	3661 	3705
f 3706 	3705 	3661
f 3717 	3666 	3661
f 3717 	3902 	3705
f 3717 	3705 	3704
f 3845 	3728 	3715
f 3731 	2434 	2279
f 3728 	3719 	3715
f 507 	732 	3679
f 732 	3721 	3679
f 3744 	2263 	3734
f 507 	3679 	453
f 2263 	2429 	3734
f 3733 	3724 	3725
f 3733 	3725 	3736
f 3714 	3375 	3702
f 3721 	3736 	3725
f 3737 	3739 	3738
f 3733 	3736 	3740
f 3791 	3749 	3741
f 3734 	2429 	2430
f 3737 	3743 	3739
f 3253 	3718 	3741
f 3676 	3742 	3750
f 2430 	2434 	3731
f 2930 	3764 	3751
f 3591 	3702 	3742
f 3615 	3591 	3742
f 2930 	3751 	2973
f 3711 	3693 	3657
f 3731 	3734 	2430
f 3711 	3657 	3642
f 3905 	3849 	3715
f 3745 	3684 	3676
f 3684 	3745 	3658
f 3731 	3744 	3734
f 3740 	623 	3733
f 3676 	3750 	3745
f 4144 	4194 	3692
f 3670 	3658 	3745
f 3731 	2279 	3744
f 3744 	320 	456
f 456 	458 	3744
f 3759 	351 	3744
f 762 	3692 	740
f 351 	320 	3744
f 3816 	3738 	3739
f 3760 	3745 	3732
f 3631 	2263 	3744
f 3744 	3696 	3682
f 3748 	3693 	3747
f 3788 	2973 	3751
f 3748 	2179 	3694
f 1858 	3285 	3692
f 3749 	3603 	3751
f 3786 	3788 	3577
f 3724 	3733 	623
f 3748 	3694 	3693
f 3752 	3754 	3468
f 3469 	3468 	3754
f 3469 	3754 	3755
f 3473 	3752 	3470
f 3468 	3470 	3752
f 3469 	308 	190
f 3720 	3737 	3738
f 3757 	3753 	3756
f 3710 	3746 	3735
f 3757 	3642 	3758
f 209 	210 	3765
f 3764 	3903 	3212
f 264 	3759 	3744
f 3749 	3212 	3716
f 3761 	3745 	3750
f 3765 	3759 	3752
f 3745 	3761 	3732
f 3760 	3761 	3750
f 587 	589 	3729
f 3716 	3741 	3749
f 3224 	3741 	3716
f 3746 	3720 	3738
f 264 	3752 	3759
f 3642 	3757 	3756
f 3864 	3844 	3737
f 3765 	3752 	3473
f 3864 	3737 	3720
f 3754 	3752 	264
f 3471 	3765 	3472
f 3473 	3472 	3765
f 212 	209 	3765
f 3756 	3547 	3546
f 3727 	587 	3729
f 3761 	3760 	3732
f 3756 	3546 	3548
f 3756 	3548 	3544
f 3754 	264 	3744
f 3630 	3762 	3763
f 3754 	3744 	2279
f 3547 	3756 	3549
f 3773 	3549 	3756
f 736 	3744 	458
f 4227 	3744 	736
f 3630 	3641 	3762
f 3740 	631 	623
f 3753 	3787 	3756
f 3766 	3763 	3762
f 351 	3759 	3765
f 351 	3765 	350
f 3791 	3764 	3749
f 3471 	212 	3765
f 3743 	3737 	3766
f 3773 	3553 	3552
f 2362 	3088 	2015
f 3737 	3869 	3766
f 3557 	3775 	3558
f 3749 	3764 	3212
f 3557 	3560 	3775
f 3766 	3762 	3743
f 3764 	3749 	3751
f 3773 	3559 	3553
f 3551 	3549 	3773
f 308 	3469 	3755
f 3773 	3552 	3551
f 3577 	3834 	3786
f 3788 	3786 	2973
f 3603 	3577 	3788
f 3692 	2305 	1858
f 3257 	3074 	3692
f 3718 	4603 	3791
f 461 	2599 	3785
f 3513 	3505 	3804
f 3867 	3635 	3763
f 3768 	3774 	7
f 2015 	1858 	2362
f 4526 	3767 	7
f 3779 	7 	3774
f 3803 	3212 	3903
f 3555 	3558 	3775
f 3791 	3718 	3803
f 3033 	3257 	3692
f 2831 	2830 	3692
f 3787 	3845 	3756
f 2588 	379 	2584
f 3787 	3728 	3845
f 3710 	3664 	3805
f 3974 	3822 	3777
f 3778 	3777 	3822
f 3822 	7 	3778
f 3805 	3720 	3710
f 3718 	3791 	3741
f 6 	3781 	3782
f 3804 	3500 	3513
f 3560 	3562 	3775
f 3785 	3804 	3784
f 3780 	6 	3782
f 3756 	3849 	3773
f 3785 	3500 	3804
f 3805 	3864 	3720
f 4554 	67 	3790
f 3559 	3773 	3563
f 3583 	3563 	3773
f 3794 	148 	3795
f 3775 	3556 	3555
f 3355 	3354 	4592
f 3813 	4592 	3354
f 3556 	3775 	3564
f 3820 	3564 	3775
f 3795 	148 	3798
f 3799 	67 	3796
f 3743 	3815 	3739
f 3565 	3775 	3562
f 3800 	148 	4184
f 3798 	148 	3800
f 3802 	67 	3799
f 3820 	3570 	3564
f 3813 	4696 	4692
f 3567 	3820 	3568
f 3567 	3566 	3820
f 3570 	3820 	3566
f 3760 	3804 	3745
f 6 	4133 	4115
f 3309 	3692 	3959
f 3647 	3670 	3804
f 3791 	3813 	3718
f 3249 	3253 	3813
f 3804 	3670 	3745
f 3660 	3804 	3833
f 3816 	3739 	3815
f 3829 	4313 	2101
f 3779 	3778 	7
f 3664 	3675 	3825
f 3804 	3660 	3628
f 3827 	3825 	3735
f 1383 	3949 	1384
f 3829 	3803 	4313
f 3821 	379 	3830
f 1383 	4068 	1336
f 3791 	3803 	3813
f 3820 	3821 	3830
f 3813 	3803 	3829
f 3824 	3830 	3828
f 3820 	3830 	3824
f 3908 	3879 	3784
f 3354 	2079 	3813
f 6 	67 	3843
f 3571 	3574 	3824
f 3572 	3824 	3574
f 3575 	3824 	3572
f 4432 	1344 	1364
f 3813 	3829 	3354
f 3804 	3814 	3833
f 3832 	3833 	3814
f 1344 	4432 	4020
f 1331 	3946 	3949
f 3746 	3738 	3827
f 3835 	3738 	3816
f 3568 	3820 	3576
f 3575 	3576 	3820
f 3575 	3820 	3824
f 1302 	2831 	3692
f 3828 	3836 	3824
f 6 	3843 	3831
f 3762 	3884 	3815
f 3738 	3835 	3827
f 3834 	3764 	4064
f 3849 	3845 	3715
f 3743 	3762 	3815
f 4230 	4185 	148
f 3816 	3844 	3835
f 3844 	3864 	3835
f 3869 	3844 	3816
f 3834 	3870 	3873
f 3845 	3849 	3756
f 3869 	3816 	3815
f 3814 	3643 	3681
f 3814 	3681 	3832
f 1384 	3963 	4068
f 3658 	3833 	3832
f 3565 	3580 	3775
f 3579 	3775 	3580
f 1384 	4068 	1383
f 3746 	3827 	3735
f 3640 	3860 	3579
f 3937 	3882 	3834
f 3271 	3940 	3851
f 3825 	3827 	3805
f 3874 	918 	1344
f 3851 	3125 	3271
f 3584 	3582 	3849
f 3849 	3582 	3583
f 3685 	3483 	3492
f 3849 	3583 	3773
f 3834 	2973 	3786
f 3872 	3700 	3529
f 3834 	3577 	3870
f 4843 	4224 	2798
f 1334 	1336 	4068
f 3821 	3820 	3856
f 3825 	3805 	3664
f 3775 	3579 	3860
f 3827 	3835 	3864
f 3820 	3775 	3860
f 4607 	2965 	3853
f 3804 	3908 	3784
f 3820 	3860 	3856
f 3827 	3864 	3805
f 1344 	4020 	3874
f 3635 	3867 	4378
f 3869 	3867 	3766
f 3871 	3868 	3860
f 1858 	3284 	3285
f 3766 	3867 	3763
f 3860 	3868 	3856
f 3860 	3876 	3871
f 3908 	3804 	3760
f 3869 	3737 	3844
f 3375 	3919 	3702
f 3742 	3702 	3919
f 3873 	3853 	2973
f 3868 	3871 	3836
f 3700 	3699 	3529
f 3908 	3877 	3879
f 3717 	7 	3704
f 3951 	3364 	3365
f 3877 	4082 	3879
f 3365 	3368 	3951
f 3873 	3875 	3853
f 3951 	3367 	3309
f 3703 	3878 	3902
f 3884 	3869 	3815
f 3876 	3824 	3871
f 3700 	3706 	3872
f 3824 	3836 	3871
f 3705 	3902 	3706
f 3902 	3912 	3706
f 3884 	3867 	3869
f 4082 	3784 	3879
f 2308 	4119 	1992
f 3878 	3703 	3872
f 3706 	3872 	3703
f 2311 	1997 	3587
f 3586 	3585 	3926
f 3588 	1993 	4119
f 1994 	4119 	1993
f 3588 	4119 	3585
f 3870 	3883 	3875
f 3703 	3878 	466
f 3884 	3762 	3641
f 3096 	3641 	3630
f 3883 	3914 	3882
f 3097 	3096 	3630
f 3878 	7 	3900
f 3097 	3635 	3099
f 3870 	3875 	3873
f 4079 	3382 	3206
f 3635 	3097 	3630
f 3878 	3900 	3902
f 3206 	3175 	4079
f 34 	466 	33
f 3912 	3902 	3920
f 335 	3923 	3902
f 3900 	335 	3902
f 3905 	3715 	2311
f 3900 	33 	335
f 3900 	3924 	33
f 3750 	3919 	3760
f 3874 	3946 	3907
f 3906 	3907 	3946
f 466 	3878 	3900
f 3760 	3919 	3908
f 3877 	3908 	3919
f 3903 	3764 	3834
f 3834 	3914 	3903
f 3849 	3928 	3909
f 3872 	3706 	3912
f 3933 	3937 	3834
f 3851 	3913 	3125
f 3907 	3911 	3874
f 3597 	3596 	3909
f 3883 	3903 	3914
f 3597 	3909 	3592
f 3593 	3592 	3909
f 3913 	3120 	3125
f 3849 	3905 	3928
f 3914 	3834 	3882
f 3874 	4020 	3911
f 3913 	3851 	4080
f 3919 	3375 	3408
f 3874 	3911 	4054
f 4845 	3910 	3872
f 3912 	3900 	3872
f 3742 	3919 	3750
f 2973 	3834 	3873
f 3923 	3924 	3902
f 3912 	3920 	3900
f 3921 	3922 	69
f 4016 	918 	3911
f 918 	3874 	3911
f 3919 	3408 	4001
f 4660 	3877 	3919
f 3920 	3902 	3924
f 3921 	69 	192
f 3920 	3924 	3900
f 1555 	3662 	3695
f 3593 	3909 	3594
f 3921 	192 	3922
f 1156 	3695 	637
f 3923 	3922 	33
f 3602 	3905 	3598
f 3605 	3905 	3602
f 3607 	3598 	3905
f 3923 	33 	3924
f 4607 	3853 	3925
f 3878 	3872 	3900
f 3926 	3905 	3605
f 3926 	3605 	3604
f 3693 	1294 	3644
f 1294 	3758 	3644
f 3231 	2265 	3929
f 3925 	3927 	4610
f 3340 	3951 	3331
f 3905 	3926 	3928
f 3810 	3930 	3811
f 3667 	466 	3668
f 1858 	3331 	3284
f 3606 	3905 	3587
f 3608 	3905 	3606
f 2311 	3587 	3905
f 3607 	3905 	3608
f 3806 	3932 	3807
f 3808 	3807 	3932
f 3809 	3808 	3932
f 3604 	3600 	3926
f 3926 	3600 	3599
f 3926 	3599 	3586
f 1785 	1931 	3817
f 3806 	3817 	3932
f 33 	3900 	7
f 3585 	4119 	3926
f 473 	453 	3709
f 3935 	3931 	3929
f 466 	3709 	3668
f 473 	3709 	466
f 3248 	3931 	3250
f 3248 	3938 	3931
f 3943 	3931 	3938
f 3884 	4422 	3867
f 1334 	4068 	1329
f 3944 	3937 	3933
f 3991 	4009 	4723
f 3939 	3837 	3942
f 3938 	2254 	3943
f 4071 	4080 	3940
f 3955 	4128 	3929
f 3929 	3931 	3955
f 3939 	3968 	3930
f 3693 	3719 	3941
f 3703 	3704 	7
f 2265 	3935 	3929
f 2265 	3931 	3935
f 2265 	2255 	3931
f 2255 	3240 	3931
f 3942 	1935 	3939
f 3930 	3810 	3939
f 2262 	2254 	3938
f 3934 	3937 	3933
f 3703 	7 	3878
f 3943 	2254 	2270
f 3872 	3706 	3661
f 4316 	3949 	3946
f 3872 	3661 	3700
f 453 	3707 	3709
f 3318 	3947 	3405
f 3947 	3318 	3310
f 3934 	3927 	3875
f 3927 	3925 	3875
f 3726 	3724 	623
f 3309 	3948 	3951
f 732 	3736 	3721
f 3929 	4128 	3339
f 4035 	3996 	3950
f 3736 	631 	3740
f 3951 	3948 	3940
f 3875 	3925 	3853
f 3339 	3231 	3929
f 3882 	3883 	4723
f 3837 	3939 	3838
f 3747 	3693 	3941
f 3838 	3939 	3842
f 3847 	3950 	3942
f 3948 	4071 	3940
f 3932 	1928 	1935
f 3654 	3707 	453
f 3943 	3952 	3931
f 3937 	3944 	3882
f 3883 	3882 	3944
f 3819 	3818 	3953
f 3941 	3969 	4148
f 3818 	3826 	3953
f 3837 	3839 	3942
f 3839 	3840 	3942
f 4069 	3967 	3959
f 3903 	3883 	3944
f 3026 	3712 	589
f 3948 	3967 	4071
f 3841 	3939 	3810
f 3842 	3939 	3841
f 3937 	3934 	3882
f 3883 	3882 	3934
f 3943 	2270 	3952
f 589 	3712 	3730
f 3955 	3931 	3952
f 3840 	3848 	3942
f 3848 	3847 	3942
f 3957 	3955 	3952
f 3934 	3875 	3883
f 3826 	3823 	3953
f 3823 	3809 	3953
f 3932 	3953 	3809
f 3956 	4014 	3954
f 3727 	3726 	623
f 623 	587 	3727
f 1935 	3953 	3932
f 3967 	4069 	4071
f 3953 	1935 	3850
f 3953 	3850 	3819
f 3594 	4175 	3595
f 3611 	3595 	4175
f 3958 	3954 	4014
f 3596 	3617 	3909
f 4029 	3909 	3617
f 3952 	2277 	3957
f 4029 	3617 	3616
f 2590 	2298 	2305
f 3936 	3960 	3964
f 3074 	2590 	2305
f 3909 	4175 	3594
f 3962 	3956 	3954
f 2590 	2530 	2298
f 2556 	2298 	2547
f 3978 	3976 	3956
f 2305 	3692 	3074
f 3927 	4615 	4610
f 3957 	2277 	624
f 4625 	3927 	3960
f 420 	3822 	4100
f 4625 	4622 	3927
f 2362 	1858 	2305
f 1994 	1992 	4119
f 1433 	4158 	4159
f 3952 	2270 	2277
f 1433 	1275 	4158
f 3965 	4123 	4005
f 4091 	946 	947
f 3941 	4701 	3969
f 3262 	3227 	3339
f 3310 	3339 	3227
f 3812 	3811 	3930
f 3930 	3968 	3812
f 3852 	3812 	3968
f 3968 	3854 	3852
f 3719 	3728 	3941
f 3855 	3854 	3968
f 3960 	3927 	3964
f 3934 	3936 	3964
f 3978 	3962 	3977
f 3979 	3962 	4005
f 3927 	3934 	3964
f 3979 	3977 	3962
f 3821 	3856 	3941
f 3787 	379 	3945
f 4231 	4217 	3975
f 3990 	3989 	3991
f 3941 	3728 	3945
f 3787 	3945 	3728
f 3976 	4005 	4123
f 3949 	3963 	1384
f 3962 	3978 	3956
f 3995 	3968 	3996
f 3310 	3227 	3947
f 3995 	3997 	3968
f 3982 	3968 	3997
f 3982 	3984 	3968
f 3408 	3405 	4001
f 3947 	3975 	4001
f 3859 	3858 	3982
f 3984 	3982 	3858
f 3863 	3950 	3846
f 3978 	3977 	3979
f 3978 	3979 	3976
f 4001 	3405 	3947
f 3982 	4034 	3859
f 4005 	3976 	3979
f 3984 	3858 	3857
f 3991 	4008 	4166
f 3861 	4035 	3862
f 3968 	3984 	3855
f 3866 	3855 	3984
f 4019 	4084 	918
f 4010 	4019 	918
f 3857 	3866 	3984
f 3991 	3989 	4012
f 4010 	918 	4016
f 4013 	4010 	3907
f 3989 	4015 	4078
f 4016 	3911 	3907
f 4010 	4016 	3907
f 3906 	4013 	3907
f 2767 	2768 	3331
f 4008 	4017 	4166
f 3989 	4017 	4015
f 4019 	4010 	4013
f 4016 	3911 	4020
f 3967 	3948 	3309
f 4012 	3990 	3991
f 3967 	3309 	3959
f 4026 	3944 	3991
f 4010 	4020 	4019
f 4020 	4010 	4016
f 4026 	4012 	3944
f 3996 	379 	3995
f 4095 	4020 	4061
f 3991 	3944 	4009
f 3991 	4009 	4026
f 3834 	4026 	4009
f 3997 	3995 	3982
f 4031 	4029 	4027
f 4016 	4010 	4054
f 3990 	4012 	4026
f 4012 	4078 	3944
f 3989 	4078 	4012
f 3834 	3990 	4026
f 3950 	3968 	3939
f 4010 	4019 	4054
f 4032 	4029 	4031
f 3946 	4013 	3906
f 3624 	4027 	3619
f 3619 	4027 	3620
f 3989 	4064 	4015
f 3989 	3834 	4064
f 3623 	4031 	3624
f 3990 	3834 	3989
f 4027 	3624 	4031
f 4166 	4167 	3960
f 3847 	3846 	3950
f 3865 	4035 	3863
f 3950 	3863 	4035
f 3960 	3936 	4166
f 3946 	4043 	4013
f 4166 	3936 	3934
f 4035 	3861 	4034
f 3975 	3947 	4077
f 4166 	3934 	3933
f 4042 	3958 	4014
f 4077 	4048 	3975
f 3865 	3862 	4035
f 4054 	4055 	4056
f 4054 	4056 	4066
f 4054 	4058 	4059
f 4054 	4059 	4055
f 4009 	3991 	4166
f 3933 	4009 	4166
f 4042 	4014 	4023
f 3968 	3950 	3996
f 4112 	4034 	3982
f 3861 	3859 	4034
f 4009 	3933 	4723
f 855 	853 	4091
f 4014 	4081 	4060
f 3903 	3944 	4078
f 2362 	3095 	3088
f 4014 	4060 	4072
f 3623 	3611 	4175
f 3947 	3247 	4048
f 4014 	4072 	4046
f 3944 	3933 	4009
f 4049 	4048 	3252
f 3933 	3834 	4009
f 4047 	2423 	3154
f 3618 	3621 	4029
f 3622 	3618 	4029
f 3621 	3634 	4029
f 3616 	3627 	4029
f 3627 	3622 	4029
f 4058 	4054 	4063
f 3822 	219 	7
f 4064 	4065 	4208
f 4064 	4078 	4065
f 3987 	3986 	4117
f 3987 	4117 	4091
f 3971 	4091 	3972
f 4066 	4505 	4054
f 4067 	3252 	3232
f 4049 	3252 	4067
f 3987 	4091 	3970
f 3971 	3970 	4091
f 2362 	4272 	3095
f 3911 	4016 	4054
f 3633 	3632 	4027
f 4117 	3986 	3985
f 4117 	3985 	3988
f 4062 	4063 	4054
f 3633 	4027 	3636
f 4029 	3636 	4027
f 4115 	3983 	3981
f 4115 	3981 	3980
f 3998 	4000 	4136
f 3988 	3999 	4117
f 4078 	3803 	3903
f 2564 	4047 	3154
f 3993 	3992 	4156
f 3994 	4156 	3992
f 4128 	3957 	624
f 4115 	4003 	4002
f 4115 	4002 	3983
f 3620 	4027 	3632
f 3311 	3389 	4069
f 4156 	3994 	4115
f 4004 	4115 	3994
f 4003 	4115 	4004
f 3764 	3791 	4064
f 3781 	6 	4006
f 4023 	4014 	4046
f 4006 	4115 	4007
f 4157 	4028 	4021
f 4157 	4021 	4022
f 4024 	4157 	4022
f 4025 	4157 	4024
f 3634 	3636 	4029
f 4074 	4073 	4075
f 3290 	3512 	4076
f 4069 	3389 	4071
f 4039 	4165 	4040
f 4165 	4039 	4038
f 4065 	4078 	4073
f 4068 	1331 	1330
f 4036 	4157 	4037
f 4068 	3946 	1331
f 4038 	4041 	4165
f 4157 	4165 	4037
f 4036 	4044 	4157
f 2564 	4029 	4032
f 4069 	3324 	3311
f 4028 	4157 	4044
f 4000 	4040 	4136
f 1330 	1329 	4068
f 3959 	3324 	4069
f 4033 	4156 	4030
f 4073 	4078 	4074
f 4073 	4074 	4075
f 4156 	4033 	3993
f 2284 	2237 	4196
f 4051 	4157 	4025
f 2284 	4196 	4207
f 4080 	3382 	4079
f 4050 	67 	3801
f 3913 	4079 	3175
f 4052 	4156 	4057
f 4053 	4156 	4052
f 4156 	4050 	4057
f 3913 	4080 	4079
f 4204 	289 	2279
f 4131 	4043 	4068
f 3946 	4068 	4043
f 4073 	4108 	4065
f 4064 	4065 	4108
f 4068 	4122 	4131
f 2195 	1935 	3942
f 4075 	4074 	4073
f 3940 	4080 	3851
f 4093 	2780 	2572
f 3390 	3382 	4080
f 4093 	2572 	2573
f 4084 	4019 	4013
f 4153 	4393 	4086
f 3390 	4080 	4071
f 2779 	2780 	4083
f 4020 	4084 	4019
f 4084 	4054 	4019
f 2195 	4125 	2216
f 4458 	4046 	4018
f 4078 	4086 	4074
f 2780 	4093 	4083
f 2237 	4125 	4196
f 4109 	4084 	4013
f 3919 	4001 	4660
f 2284 	4207 	2286
f 4198 	4087 	4023
f 4075 	4168 	4074
f 4110 	4716 	4088
f 4156 	4053 	4045
f 4045 	4011 	4156
f 4074 	4114 	4073
f 4086 	4114 	4074
f 4084 	4020 	4088
f 4458 	4018 	4089
f 4087 	4089 	4018
f 4023 	4087 	4018
f 4084 	4109 	4088
f 4082 	3411 	3784
f 2507 	4093 	3084
f 4094 	4085 	4092
f 4091 	947 	855
f 4173 	4113 	4094
f 4088 	4097 	4098
f 4088 	4098 	4084
f 4092 	4458 	4094
f 4062 	4054 	4101
f 4084 	4101 	4054
f 4046 	4198 	4023
f 4084 	4098 	4102
f 4084 	4102 	4103
f 4084 	4103 	4101
f 3972 	4091 	4100
f 4068 	4238 	4122
f 4090 	4086 	4153
f 4078 	4153 	4086
f 2573 	2576 	4093
f 4093 	2576 	3141
f 4090 	4114 	4086
f 3150 	4093 	3141
f 3150 	3084 	4093
f 4013 	4131 	4109
f 521 	2434 	3378
f 4093 	2596 	4083
f 4131 	4013 	4043
f 3492 	4146 	3494
f 4153 	4078 	4114
f 4108 	4114 	4078
f 420 	327 	3822
f 4093 	2507 	2596
f 4086 	4074 	4168
f 4047 	4032 	4175
f 3554 	4146 	3561
f 4099 	461 	3784
f 4145 	4149 	4105
f 3561 	4105 	4149
f 3972 	4100 	3973
f 4175 	2423 	4047
f 4078 	4015 	4108
f 4421 	2347 	2449
f 461 	3785 	3784
f 4271 	3880 	3881
f 4107 	2776 	4070
f 4017 	4723 	4015
f 1377 	1454 	4617
f 3969 	194 	4106
f 3411 	4099 	3784
f 4107 	4170 	4106
f 4107 	4070 	4170
f 4110 	4109 	4111
f 4271 	3890 	3889
f 4271 	3889 	3880
f 2564 	4032 	4047
f 4113 	4123 	3965
f 4029 	3849 	3909
f 3965 	3966 	4113
f 3554 	4180 	4222
f 3973 	4100 	3974
f 3822 	3974 	4100
f 4149 	4160 	3554
f 4017 	3989 	4138
f 4626 	4630 	4109
f 2667 	4029 	2564
f 924 	946 	4091
f 4108 	4142 	4138
f 2667 	3849 	4029
f 4088 	4020 	4110
f 2986 	2772 	4070
f 4108 	4114 	4142
f 2773 	4070 	2772
f 4108 	4073 	4114
f 4110 	4088 	4109
f 4070 	2807 	4083
f 4020 	4095 	4110
f 2784 	4083 	2807
f 4108 	4139 	4114
f 4636 	4110 	4096
f 4095 	4096 	4110
f 3561 	4155 	4105
f 4108 	4138 	4015
f 2807 	4070 	2785
f 2773 	2785 	4070
f 4116 	2123 	2102
f 1337 	4091 	4117
f 4169 	4112 	3982
f 4105 	3692 	3561
f 4144 	3692 	4145
f 4015 	4064 	4108
f 4118 	2125 	2127
f 4132 	4123 	4113
f 4132 	4113 	4130
f 2127 	4120 	4118
f 4088 	4110 	4097
f 4636 	4097 	4110
f 4122 	4121 	4109
f 4112 	4125 	4034
f 4123 	3956 	3976
f 477 	3427 	4129
f 4120 	2123 	4116
f 4006 	6 	4115
f 4122 	4124 	4121
f 3980 	4007 	4115
f 4109 	4131 	4122
f 4138 	4166 	4017
f 4127 	4132 	4130
f 4130 	4113 	4164
f 3960 	4167 	4168
f 4126 	529 	489
f 6 	3831 	4133
f 4125 	4035 	4034
f 3831 	3843 	4133
f 4135 	4140 	4134
f 4137 	4134 	4140
f 4137 	4140 	4141
f 3955 	3957 	4128
f 4195 	4197 	4119
f 4175 	3909 	4119
f 4128 	3262 	3339
f 3956 	4123 	4014
f 2195 	3942 	4125
f 4138 	4142 	4139
f 4121 	4642 	4109
f 4128 	3353 	3262
f 4077 	3947 	4048
f 4145 	3692 	4105
f 4121 	4124 	4143
f 4146 	4144 	4145
f 4113 	3966 	4085
f 4146 	4147 	4144
f 4129 	3747 	3941
f 4117 	3999 	4136
f 4147 	4145 	4144
f 3998 	4136 	3999
f 3941 	4148 	4129
f 1343 	1339 	4136
f 3969 	4126 	4148
f 4149 	4194 	4151
f 4126 	489 	4148
f 4136 	1447 	1343
f 489 	4129 	4148
f 4136 	4165 	1447
f 4085 	4094 	4113
f 3969 	4106 	4126
f 4114 	4153 	4142
f 4117 	4136 	1339
f 3942 	3950 	4125
f 1339 	1337 	4117
f 4138 	4139 	4154
f 4154 	4142 	4138
f 4146 	4149 	4151
f 4163 	4068 	3963
f 4136 	4040 	4165
f 4158 	1429 	1479
f 4150 	4327 	4161
f 1275 	1429 	4158
f 4149 	4155 	4160
f 4160 	4149 	4116
f 2308 	2570 	4119
f 4162 	4127 	4130
f 4090 	4086 	4168
f 4153 	4168 	4142
f 4164 	4162 	4130
f 4153 	4090 	4168
f 4180 	3554 	4160
f 4153 	4114 	4090
f 4041 	4037 	4165
f 4163 	3961 	1413
f 4114 	4139 	4153
f 4153 	4139 	4142
f 1274 	4163 	1413
f 4159 	4163 	1435
f 3989 	4015 	4138
f 4164 	4113 	4286
f 3554 	3494 	4146
f 3928 	3926 	4119
f 3492 	3483 	4146
f 4163 	1274 	1435
f 3963 	3961 	4163
f 4299 	4125 	4112
f 4299 	4196 	4125
f 4105 	3561 	4146
f 4145 	4105 	4146
f 4151 	4144 	4147
f 3895 	4394 	3894
f 4152 	3298 	4077
f 3928 	4119 	3909
f 4147 	4144 	4151
f 4144 	4155 	4151
f 4149 	4151 	4155
f 4077 	4312 	4067
f 4146 	4151 	4147
f 4170 	4126 	4106
f 4165 	1419 	1447
f 4077 	4067 	3232
f 4145 	4105 	4155
f 4144 	4145 	4155
f 4165 	4157 	1419
f 3232 	4312 	4077
f 4151 	4149 	4145
f 4151 	4145 	4147
f 4198 	4089 	4087
f 4011 	4030 	4156
f 4077 	3298 	4161
f 4286 	4113 	4200
f 4166 	4168 	4167
f 4169 	4171 	4328
f 4198 	4113 	4173
f 4173 	4089 	4198
f 4146 	4120 	4149
f 4077 	4161 	4152
f 4146 	4118 	4120
f 4156 	4172 	67
f 4050 	4156 	67
f 4116 	4149 	4120
f 3801 	67 	3802
f 4270 	4132 	4127
f 4251 	4132 	4270
f 1478 	4178 	1479
f 4133 	3843 	4172
f 4115 	4172 	4156
f 3898 	4394 	3895
f 4115 	4133 	4172
f 3843 	67 	4172
f 4031 	3623 	4175
f 4177 	4180 	4176
f 4155 	4176 	4180
f 4032 	4031 	4175
f 4173 	4458 	4089
f 4138 	4142 	4168
f 4186 	4182 	3295
f 4175 	2575 	2423
f 4184 	148 	4185
f 4166 	4138 	4168
f 4094 	4458 	4173
f 4180 	4160 	4155
f 3896 	3893 	4394
f 4180 	4160 	4116
f 4154 	4189 	4138
f 2596 	4188 	4083
f 4188 	4170 	4070
f 3898 	3897 	4394
f 3896 	4394 	3897
f 4189 	4138 	4190
f 4154 	4138 	4189
f 4083 	4188 	4070
f 517 	4170 	4188
f 4150 	3298 	4351
f 4192 	1377 	4191
f 4139 	4189 	4154
f 4190 	4393 	4189
f 4119 	2570 	4195
f 4086 	4090 	4153
f 4189 	4142 	4154
f 4667 	4668 	4181
f 4180 	4233 	4229
f 4200 	4203 	4286
f 4286 	4199 	4192
f 4175 	4197 	2575
f 4195 	2601 	4197
f 4194 	4149 	4160
f 4194 	4160 	4180
f 3295 	3298 	4186
f 4200 	4113 	4201
f 3918 	4412 	3904
f 4166 	4409 	4276
f 4197 	4175 	4119
f 4527 	4194 	4202
f 4201 	4046 	4200
f 4198 	4046 	4201
f 4458 	4203 	4200
f 4144 	4151 	4194
f 4206 	4286 	4205
f 4220 	4286 	4206
f 4073 	4074 	4393
f 4086 	4393 	4074
f 4266 	4312 	4264
f 4202 	4194 	4229
f 2286 	4207 	4204
f 4158 	1479 	4178
f 4203 	4458 	4205
f 3941 	3856 	4677
f 4180 	4229 	4194
f 3315 	3308 	4174
f 4176 	4215 	4216
f 4176 	4216 	4177
f 3329 	4264 	3232
f 1478 	4179 	4178
f 2793 	2816 	310
f 4205 	4286 	4203
f 4174 	3975 	4217
f 2486 	2793 	3640
f 4211 	4232 	4212
f 4157 	4051 	4212
f 4065 	4073 	4208
f 4230 	4210 	4209
f 4204 	2279 	2286
f 4230 	4183 	4185
f 4183 	4230 	4209
f 4286 	4220 	4199
f 4204 	339 	289
f 4204 	490 	321
f 4223 	4848 	3554
f 2667 	2662 	3638
f 2667 	3638 	3637
f 952 	688 	4227
f 2662 	2491 	3638
f 4213 	4227 	4214
f 321 	339 	4204
f 3849 	2667 	3637
f 3849 	3637 	3584
f 3803 	4078 	4313
f 4174 	4217 	3315
f 4845 	3554 	4848
f 4218 	4221 	4237
f 4180 	4177 	4222
f 4224 	4222 	4177
f 194 	338 	4106
f 4286 	4192 	4251
f 4191 	4251 	4192
f 4222 	4223 	4225
f 3937 	3882 	4723
f 4191 	4193 	4251
f 338 	4107 	4106
f 4226 	4224 	4216
f 4240 	4224 	4226
f 4177 	4216 	4224
f 4237 	4221 	1363
f 4723 	3933 	3937
f 4311 	4266 	3298
f 4216 	4215 	4226
f 4228 	4226 	4215
f 4104 	4252 	4193
f 4163 	4238 	4068
f 4157 	4232 	4237
f 4235 	4717 	4229
f 3991 	4723 	4008
f 4157 	4212 	4232
f 4259 	4178 	4179
f 4223 	4229 	4225
f 4233 	4225 	4229
f 4210 	4230 	4232
f 4259 	4256 	4158
f 4230 	4227 	4232
f 4158 	4178 	4259
f 4229 	4234 	4235
f 148 	4227 	4230
f 4210 	4232 	4211
f 4214 	4227 	4187
f 4008 	4723 	4017
f 4238 	4163 	4159
f 4235 	4234 	4226
f 4240 	4226 	4234
f 4234 	4236 	4240
f 4239 	4240 	4236
f 4193 	1377 	4104
f 4158 	4238 	4159
f 4241 	4245 	4242
f 4113 	4243 	4201
f 529 	4126 	4170
f 4198 	4201 	4243
f 4237 	1360 	1359
f 529 	4170 	524
f 4227 	4213 	4219
f 4170 	517 	524
f 4239 	4236 	4246
f 4245 	4246 	4236
f 4236 	4242 	4245
f 4245 	4241 	4249
f 4124 	4248 	4143
f 4113 	4198 	4243
f 4227 	4237 	4232
f 4238 	4124 	4122
f 4129 	489 	477
f 4248 	4244 	4143
f 4193 	4252 	4251
f 4247 	4208 	4250
f 4248 	4253 	4244
f 4424 	4227 	4658
f 4248 	4256 	4253
f 4104 	4081 	4252
f 4208 	4247 	4064
f 4256 	4259 	4253
f 4219 	4218 	4237
f 4255 	4235 	4249
f 4245 	4249 	4235
f 4226 	4228 	4235
f 4245 	4235 	4228
f 4227 	4219 	4237
f 4180 	4116 	4233
f 4247 	4078 	4064
f 4424 	513 	4227
f 4244 	4259 	1574
f 4231 	4300 	4266
f 4231 	4266 	4264
f 4253 	4259 	4244
f 4231 	3315 	4217
f 4248 	4238 	4256
f 4014 	4123 	4252
f 4238 	4248 	4124
f 730 	819 	4227
f 4353 	4189 	4190
f 4269 	4332 	4190
f 4311 	4312 	4266
f 4238 	4158 	4256
f 4269 	4190 	4138
f 4227 	148 	4658
f 4189 	4139 	4190
f 4190 	4139 	4269
f 4357 	4331 	4139
f 4227 	513 	521
f 4179 	4181 	4259
f 4269 	4393 	4190
f 4393 	4153 	4142
f 4227 	521 	3378
f 1419 	4157 	4237
f 4123 	4251 	4252
f 2362 	4299 	4272
f 4063 	4061 	4059
f 2238 	4166 	4276
f 4081 	4014 	4252
f 4413 	4409 	4166
f 1464 	1064 	334
f 1464 	334 	1006
f 4132 	4251 	4123
f 4062 	4061 	4063
f 4073 	4393 	4208
f 3975 	4300 	4231
f 4182 	4174 	3308
f 4277 	4055 	4061
f 4062 	4101 	4061
f 4233 	4116 	4225
f 4225 	4116 	453
f 3295 	4182 	3308
f 4098 	4097 	4096
f 4095 	4061 	4101
f 4095 	4098 	4096
f 4327 	3975 	4049
f 4098 	4095 	4102
f 4101 	4103 	4095
f 4270 	4286 	4251
f 4228 	4215 	4224
f 4176 	4224 	4215
f 4097 	4314 	4098
f 4102 	4095 	4103
f 4228 	4224 	4240
f 4102 	4098 	4314
f 3881 	3885 	4271
f 3298 	4300 	4186
f 4101 	4309 	4062
f 4228 	4240 	4245
f 4246 	4245 	4240
f 4224 	4176 	4155
f 2347 	4299 	2362
f 4103 	4315 	4101
f 4103 	4102 	4314
f 4314 	4315 	4103
f 4055 	4059 	4061
f 4058 	4063 	4059
f 3232 	4264 	4312
f 4250 	4295 	4411
f 4247 	4250 	4411
f 4056 	4059 	4058
f 4056 	4058 	4066
f 2171 	4348 	4345
f 4058 	4063 	4066
f 4062 	4309 	4063
f 4250 	4208 	4295
f 4311 	3298 	4152
f 4330 	4162 	4164
f 4066 	4063 	4309
f 4272 	4112 	4169
f 4309 	4101 	4315
f 4078 	4247 	4313
f 1587 	555 	4316
f 2128 	2171 	4345
f 4316 	555 	4317
f 2347 	4421 	4299
f 4348 	2171 	4383
f 1587 	4316 	1590
f 3888 	4271 	3885
f 1590 	4316 	4321
f 4316 	4317 	4321
f 4319 	4320 	4322
f 4112 	4272 	4299
f 4670 	4398 	4317
f 4200 	4046 	4458
f 4319 	4322 	4323
f 4150 	4161 	3298
f 4327 	4049 	4311
f 4048 	4049 	3975
f 4067 	4311 	4049
f 4312 	4311 	4067
f 4320 	4319 	4323
f 3874 	4316 	3946
f 4311 	4152 	4327
f 4152 	4161 	4327
f 4316 	4401 	3949
f 3874 	4054 	4316
f 4327 	4300 	3975
f 4317 	4316 	4505
f 4054 	4505 	4316
f 4250 	4295 	4313
f 4247 	4250 	4313
f 1364 	1590 	4321
f 4348 	4329 	4345
f 2103 	2104 	4313
f 4272 	4169 	4328
f 4432 	1364 	4321
f 4330 	4388 	4162
f 4331 	4332 	4269
f 4353 	4190 	4332
f 3134 	4328 	3136
f 4330 	4286 	4270
f 4328 	3138 	3128
f 4270 	4429 	4330
f 4138 	4189 	4353
f 4164 	4286 	4330
f 4374 	3138 	4328
f 4138 	4331 	4269
f 4328 	4171 	4374
f 4269 	4139 	4331
f 4199 	1377 	4192
f 4358 	4356 	3411
f 4331 	4138 	4332
f 4353 	4332 	4138
f 4332 	4331 	4357
f 4220 	497 	4199
f 4365 	3411 	4356
f 4409 	4439 	4276
f 4300 	4555 	4186
f 4331 	4393 	4269
f 4332 	4393 	4331
f 3891 	3890 	4271
f 4383 	4334 	4348
f 4150 	4351 	4327
f 4348 	4334 	4329
f 4355 	4356 	4358
f 4134 	4363 	4135
f 4345 	4329 	4135
f 4357 	4353 	4332
f 4327 	4365 	4555
f 4351 	4365 	4327
f 4356 	4555 	4365
f 4353 	4369 	4413
f 4327 	4555 	4300
f 4370 	4413 	4369
f 4372 	4413 	4370
f 4127 	4388 	4371
f 3256 	4374 	4373
f 453 	4334 	507
f 1005 	333 	1065
f 1005 	1065 	1465
f 4270 	4375 	4429
f 4660 	4001 	3975
f 4363 	4134 	4329
f 4127 	4371 	4375
f 4334 	4363 	4329
f 4270 	4127 	4375
f 4371 	4376 	4375
f 4381 	1595 	1582
f 1584 	1582 	1595
f 453 	4363 	4334
f 4345 	4135 	4363
f 4371 	4352 	4376
f 4345 	4363 	4116
f 3961 	3963 	4401
f 642 	507 	4383
f 4383 	507 	4334
f 3949 	4401 	3963
f 4401 	1582 	3961
f 4384 	4383 	4385
f 4373 	4374 	4171
f 4379 	4386 	4383
f 2404 	4387 	4379
f 4377 	4382 	4352
f 589 	4384 	4385
f 589 	642 	4384
f 4383 	4384 	642
f 4380 	777 	4381
f 4389 	4390 	4391
f 4380 	4381 	4401
f 1582 	4401 	4381
f 4394 	3893 	3892
f 4181 	1499 	4381
f 4391 	4390 	4838
f 4379 	4400 	4386
f 4379 	4387 	4400
f 4530 	4254 	3824
f 3571 	3824 	4254
f 4388 	4377 	4352
f 4383 	4386 	4385
f 3876 	4530 	3824
f 4429 	4423 	4377
f 4394 	4490 	4489
f 4295 	4393 	4411
f 4162 	4388 	4127
f 4271 	4427 	4395
f 4388 	4352 	4371
f 4353 	1714 	4369
f 4393 	4357 	4397
f 4398 	527 	4396
f 4399 	777 	4396
f 1374 	4399 	4396
f 4399 	4392 	4396
f 3830 	379 	3828
f 4378 	4377 	4423
f 4399 	4396 	4380
f 4379 	2382 	2404
f 4396 	777 	4380
f 4398 	4396 	4392
f 4405 	4271 	4395
f 4271 	4394 	3892
f 3891 	4271 	3892
f 4401 	4396 	4380
f 3876 	3860 	4661
f 4353 	4393 	4397
f 4397 	4403 	4353
f 4429 	4377 	4388
f 4352 	4382 	4376
f 4661 	4604 	3876
f 4316 	4317 	4401
f 3026 	589 	4402
f 4398 	4396 	4401
f 4377 	4422 	4382
f 2394 	2422 	4400
f 4396 	4181 	4380
f 4403 	1672 	4353
f 4405 	4395 	4427
f 4393 	4295 	4397
f 4394 	4405 	4426
f 4271 	4405 	4394
f 4392 	462 	828
f 2434 	521 	4406
f 4407 	4408 	4386
f 4385 	4386 	4408
f 4409 	4372 	4410
f 4399 	462 	777
f 4204 	4406 	490
f 4386 	4400 	4407
f 4402 	4408 	4400
f 4407 	4400 	4408
f 379 	1295 	1298
f 4402 	589 	4385
f 4408 	4402 	4385
f 4271 	4412 	4427
f 4241 	4415 	4249
f 4413 	4414 	4411
f 2991 	4381 	777
f 3888 	3887 	4271
f 4255 	4249 	4415
f 4677 	3856 	3868
f 4204 	4416 	4406
f 4417 	4418 	4419
f 3887 	3886 	4412
f 3899 	3901 	4412
f 4399 	1374 	462
f 4419 	4418 	4420
f 4420 	4323 	4419
f 4422 	4377 	4378
f 4204 	4207 	4416
f 3899 	4412 	3886
f 3554 	3561 	3692
f 4412 	4271 	3887
f 3867 	4422 	4378
f 3901 	3904 	4412
f 4299 	4421 	4196
f 4207 	4196 	4421
f 2765 	2756 	4381
f 3692 	4194 	4527
f 463 	828 	462
f 4421 	4416 	4207
f 775 	4381 	2756
f 2449 	4416 	4421
f 462 	4392 	4399
f 4380 	4381 	4399
f 4399 	4381 	462
f 4611 	4609 	38
f 4424 	476 	513
f 4381 	2991 	2765
f 521 	490 	4406
f 4424 	4658 	476
f 4527 	4726 	3692
f 4427 	4412 	4426
f 4330 	4429 	4388
f 4432 	4055 	4277
f 2238 	4413 	4166
f 4055 	4432 	4056
f 4457 	4056 	4432
f 4433 	4505 	4432
f 4432 	4436 	4433
f 4434 	4433 	4436
f 4438 	4426 	4412
f 4409 	4439 	4372
f 4440 	4431 	4435
f 4353 	4413 	4411
f 4437 	4460 	4433
f 4431 	4441 	4435
f 3916 	3915 	4438
f 4525 	4438 	3915
f 4438 	4412 	3918
f 3918 	3917 	4438
f 4375 	4376 	4429
f 4429 	4376 	4423
f 3917 	3916 	4438
f 4353 	4411 	4393
f 4405 	4427 	4426
f 4428 	39 	4458
f 4376 	4482 	4423
f 4410 	4439 	4409
f 4428 	4445 	4404
f 4438 	4394 	4426
f 4445 	477 	4404
f 4434 	4446 	4433
f 4446 	4464 	4433
f 4431 	4430 	4596
f 4098 	4102 	4451
f 4098 	4451 	4097
f 4431 	4606 	4485
f 4101 	4062 	4437
f 4063 	4437 	4062
f 4137 	4441 	4440
f 4456 	4505 	4433
f 4431 	4440 	4441
f 4458 	4445 	4428
f 4423 	4459 	4378
f 4433 	4460 	4461
f 4433 	4461 	4456
f 4140 	4441 	4141
f 4437 	4433 	4467
f 4467 	4433 	4464
f 4482 	4459 	4423
f 4468 	4435 	4441
f 4439 	4409 	4413
f 4468 	4441 	4140
f 4410 	4372 	4439
f 4482 	4382 	4422
f 4372 	4439 	4413
f 4372 	2238 	4439
f 4135 	4468 	4140
f 2238 	4276 	4439
f 4382 	4482 	4376
f 3427 	477 	3475
f 4250 	4247 	1672
f 4085 	4445 	4092
f 4295 	4208 	4393
f 4103 	4513 	4450
f 4450 	4451 	4103
f 4102 	4103 	4451
f 4393 	4498 	4295
f 4142 	4189 	4393
f 4353 	4393 	4332
f 3635 	4378 	4495
f 4482 	4494 	4459
f 4437 	4496 	4510
f 4494 	4495 	4459
f 4493 	4450 	4513
f 4101 	4437 	4510
f 4101 	4510 	4103
f 4378 	4459 	4495
f 4498 	4313 	4295
f 497 	4458 	38
f 4457 	4437 	4056
f 4059 	4056 	4437
f 4437 	4457 	4460
f 4403 	4397 	4357
f 4467 	4496 	4437
f 4059 	4437 	4058
f 4437 	4063 	4058
f 4606 	4431 	4596
f 4467 	4464 	4460
f 4461 	4460 	4464
f 4393 	4397 	4498
f 4467 	4066 	4496
f 4460 	4066 	4467
f 4457 	4066 	4460
f 4309 	4496 	4066
f 4528 	4494 	4482
f 4357 	4393 	4353
f 4445 	4458 	4092
f 4458 	39 	38
f 4505 	4456 	4581
f 4457 	4432 	4505
f 4520 	4492 	4518
f 4528 	4482 	4422
f 4141 	4441 	4137
f 4510 	4496 	4508
f 4458 	497 	4206
f 4135 	4329 	4468
f 4329 	4134 	4468
f 4440 	4435 	4468
f 4411 	2235 	2236
f 4425 	3411 	3407
f 4468 	4134 	4137
f 4440 	4468 	4137
f 4414 	2235 	4411
f 4513 	4536 	4492
f 4492 	4493 	4513
f 4103 	4510 	4513
f 4414 	4413 	2235
f 4309 	4315 	4508
f 4309 	4508 	4496
f 4066 	4457 	4505
f 1377 	4617 	4060
f 4413 	2238 	2235
f 4508 	4315 	4510
f 4513 	4510 	4315
f 4315 	4314 	4513
f 4517 	4513 	4314
f 1377 	4060 	4081
f 4518 	4519 	4520
f 4081 	4104 	1377
f 4492 	4520 	4521
f 3411 	4444 	4443
f 4522 	4524 	4523
f 4523 	4522 	4202
f 3411 	4443 	4099
f 4498 	2129 	2208
f 4191 	1377 	4193
f 4229 	4523 	4202
f 1377 	4199 	497
f 4257 	4254 	4530
f 4527 	4522 	4523
f 4524 	4704 	4523
f 4258 	4257 	4530
f 3641 	4528 	3884
f 4518 	4492 	4536
f 4528 	4422 	3884
f 4517 	4537 	4536
f 4517 	4536 	4513
f 4538 	4436 	4432
f 3096 	3527 	4528
f 3096 	4528 	3641
f 4432 	4585 	4538
f 4357 	1672 	4403
f 4545 	4639 	4544
f 4494 	4528 	3527
f 4542 	4544 	4522
f 4524 	4522 	4544
f 4277 	4061 	4432
f 4522 	4542 	4202
f 2103 	4313 	4498
f 4524 	4229 	4544
f 4524 	4523 	4229
f 4358 	3411 	4082
f 4495 	3511 	3099
f 4260 	4261 	4530
f 4403 	1672 	4498
f 4397 	4403 	4498
f 4061 	4020 	4432
f 1672 	1671 	4353
f 1714 	4353 	1671
f 4530 	4560 	4558
f 4563 	4464 	4562
f 4561 	4562 	4572
f 4518 	4536 	4572
f 4589 	4560 	4530
f 4527 	4542 	4522
f 3965 	3406 	3466
f 4518 	4537 	4519
f 4588 	4590 	4530
f 4561 	4572 	4536
f 4544 	4704 	4524
f 4530 	4261 	4258
f 3406 	3965 	4005
f 4536 	4537 	4518
f 4521 	4520 	4537
f 4403 	4250 	1672
f 4397 	4250 	4403
f 4434 	4538 	4446
f 4436 	4538 	4434
f 4446 	4538 	4464
f 4572 	4562 	4538
f 4229 	4717 	4544
f 4369 	2180 	4370
f 2104 	2101 	4313
f 3966 	3965 	3466
f 4446 	4434 	4456
f 4527 	4706 	4726
f 4527 	4523 	4704
f 4545 	4704 	4544
f 4464 	4446 	4456
f 4464 	4456 	4461
f 4295 	4250 	4397
f 4455 	4454 	379
f 4527 	4704 	4706
f 4455 	379 	2588
f 2259 	4370 	2258
f 2258 	4370 	2180
f 379 	4593 	4558
f 4452 	4573 	4453
f 3406 	4005 	3962
f 4573 	4448 	4453
f 4464 	4538 	4562
f 4370 	2259 	4372
f 4466 	4465 	4578
f 4465 	4469 	4578
f 4572 	4520 	4518
f 4519 	4518 	4520
f 2259 	2238 	4372
f 4580 	4530 	4579
f 4519 	4537 	4520
f 4470 	4472 	4601
f 1294 	379 	3758
f 4472 	4474 	4601
f 2882 	4357 	4139
f 4471 	4470 	4601
f 4483 	4473 	4601
f 4580 	4579 	4428
f 4582 	4462 	4578
f 4463 	4462 	4582
f 4466 	4578 	4462
f 39 	4428 	4579
f 3941 	3945 	379
f 4476 	4475 	4584
f 4317 	555 	4581
f 4475 	4477 	4584
f 4582 	4584 	4477
f 4582 	4477 	4463
f 4473 	4471 	4601
f 4480 	4483 	4601
f 4481 	4586 	4479
f 4448 	4479 	4586
f 379 	3821 	3941
f 4484 	4478 	4586
f 4448 	4586 	4478
f 4355 	4358 	4555
f 4587 	4574 	4576
f 4452 	4486 	4573
f 4584 	4573 	4486
f 4584 	4486 	4476
f 4488 	4487 	4578
f 4586 	4578 	4487
f 4586 	4487 	4484
f 4481 	4480 	4601
f 4428 	379 	4588
f 4428 	4588 	4580
f 464 	4583 	4585
f 4587 	4576 	4710
f 4488 	4578 	4469
f 4588 	4530 	4580
f 4601 	4584 	4586
f 4586 	4481 	4601
f 4586 	4584 	4578
f 4582 	4578 	4584
f 4589 	4530 	4590
f 3099 	3635 	4495
f 3489 	4643 	3501
f 3489 	3490 	4640
f 4576 	4712 	4710
f 4590 	379 	4589
f 3527 	3510 	4494
f 4640 	4643 	3489
f 3511 	4495 	3510
f 379 	4590 	4588
f 4607 	3433 	2965
f 4530 	4262 	4260
f 4495 	4494 	3510
f 4358 	4082 	4555
f 4555 	4356 	4355
f 4263 	4594 	4267
f 4267 	4594 	4268
f 4265 	4594 	4263
f 4633 	4274 	4273
f 4633 	4273 	4268
f 4328 	3128 	3136
f 4530 	4558 	4593
f 4593 	4598 	4530
f 4275 	4262 	4594
f 4530 	4594 	4262
f 3098 	4272 	4328
f 4581 	4585 	4317
f 4321 	4317 	4585
f 3268 	3317 	4592
f 3813 	4678 	4691
f 4374 	3256 	3138
f 4591 	4574 	4587
f 4598 	379 	4627
f 4458 	4206 	4205
f 4670 	4317 	4581
f 4596 	4430 	4597
f 4633 	4268 	4594
f 4530 	4598 	4594
f 4430 	4431 	4597
f 4593 	379 	4598
f 3266 	3267 	4592
f 4265 	4275 	4594
f 4328 	3134 	3116
f 3098 	4328 	3116
f 4575 	4594 	4598
f 3966 	477 	4445
f 4612 	4595 	4596
f 4085 	3966 	4445
f 4627 	4575 	4598
f 3466 	3476 	3966
f 3813 	4691 	4696
f 477 	3966 	3475
f 4394 	4491 	4490
f 4499 	4394 	4500
f 4394 	4501 	4500
f 4394 	4499 	4497
f 4394 	4497 	4491
f 4602 	4280 	4279
f 4602 	4279 	4278
f 4602 	4278 	4287
f 4518 	4519 	4583
f 4603 	4650 	4652
f 4280 	4602 	873
f 1050 	874 	4602
f 4583 	4562 	4561
f 4536 	4518 	4583
f 4561 	4536 	4583
f 4601 	4543 	4599
f 4431 	4485 	4600
f 4601 	4474 	4503
f 4600 	4597 	4431
f 4523 	4647 	4522
f 4542 	4522 	4647
f 4605 	4542 	4647
f 4562 	464 	4563
f 4523 	4524 	4647
f 4524 	4544 	4639
f 4638 	4639 	4545
f 4628 	4630 	4583
f 4605 	4544 	4542
f 4644 	4373 	4601
f 4542 	4605 	4202
f 4621 	4202 	4605
f 4621 	4527 	4202
f 4581 	4456 	4585
f 4434 	4585 	4456
f 4527 	4621 	4542
f 4464 	4563 	4585
f 4434 	4446 	4585
f 4446 	4464 	4585
f 4601 	4373 	4171
f 4432 	4321 	4585
f 4583 	4572 	4585
f 4538 	4585 	4572
f 4572 	4583 	4520
f 4501 	4438 	4502
f 4317 	4505 	4581
f 4310 	4633 	4604
f 868 	4585 	4563
f 4608 	4609 	4604
f 4610 	4607 	3925
f 4520 	4583 	4519
f 868 	4563 	464
f 4530 	4611 	4579
f 4530 	4604 	4609
f 4168 	4075 	4603
f 4530 	4609 	4611
f 4576 	4686 	4485
f 4394 	4489 	4504
f 4064 	3791 	4603
f 26 	4296 	4604
f 4451 	4614 	4097
f 4606 	4576 	4485
f 4073 	4065 	4603
f 4064 	4603 	4065
f 4507 	4509 	4394
f 4511 	4394 	4509
f 4507 	4394 	4506
f 4603 	4075 	4073
f 4530 	3876 	4604
f 4097 	4451 	4314
f 4603 	3960 	4168
f 4613 	4596 	4595
f 4511 	3894 	4394
f 4504 	4506 	4394
f 4450 	4314 	4451
f 4565 	592 	4618
f 4566 	4618 	4567
f 1333 	1218 	4617
f 476 	4618 	767
f 4517 	4492 	4537
f 4611 	38 	39
f 1333 	4617 	1376
f 4618 	749 	788
f 4096 	4097 	4614
f 4615 	4616 	4610
f 4597 	4612 	4596
f 4450 	4614 	4451
f 476 	4658 	4618
f 4614 	4450 	4493
f 4614 	4493 	4492
f 4622 	4616 	4615
f 4492 	4517 	4493
f 4521 	4537 	4492
f 4525 	4512 	4438
f 228 	52 	4617
f 4611 	39 	4579
f 4617 	1596 	1594
f 4613 	4595 	4612
f 4493 	4517 	4450
f 4617 	1594 	1563
f 4597 	4600 	4612
f 4617 	1563 	1561
f 4314 	4450 	4517
f 4608 	4604 	4620
f 788 	789 	4618
f 4621 	4605 	4647
f 4623 	4624 	4842
f 4646 	4842 	4624
f 4618 	789 	767
f 4621 	4544 	4605
f 4617 	1218 	461
f 3960 	4603 	4625
f 4626 	4624 	4623
f 4615 	3927 	4622
f 4605 	4542 	4621
f 1502 	1376 	4617
f 4623 	4842 	4628
f 4594 	4627 	4632
f 4623 	4628 	4626
f 4617 	230 	228
f 4627 	4594 	4575
f 2065 	1796 	4617
f 4451 	4636 	4450
f 4630 	4626 	4631
f 1796 	295 	4617
f 4629 	4616 	4619
f 1066 	2065 	4617
f 4111 	4109 	4634
f 4657 	4596 	4613
f 292 	4617 	295
f 4635 	4570 	4569
f 4583 	4631 	4626
f 318 	230 	4617
f 4629 	4610 	4616
f 4599 	4539 	4635
f 4634 	4109 	4630
f 292 	318 	4617
f 1066 	4617 	1068
f 4631 	4583 	4630
f 4604 	4633 	4632
f 4618 	4635 	4568
f 4569 	4568 	4635
f 4842 	4634 	4630
f 4842 	4630 	4628
f 26 	4297 	4296
f 4617 	4072 	4060
f 4610 	4629 	4607
f 4305 	4604 	4296
f 4310 	4604 	4306
f 4614 	4636 	4096
f 3747 	4129 	4617
f 4629 	4637 	4607
f 4451 	4097 	4636
f 3962 	3954 	4617
f 4632 	4620 	4604
f 4647 	4524 	4639
f 4492 	4636 	4614
f 4618 	4568 	4571
f 4674 	4663 	4621
f 4632 	379 	4653
f 4637 	4640 	4607
f 4046 	4072 	4617
f 4636 	4492 	4493
f 4493 	4450 	4636
f 4583 	4626 	4628
f 4018 	4046 	4617
f 4621 	4639 	4638
f 4621 	4638 	4674
f 4512 	4515 	4438
f 4633 	4594 	4632
f 4516 	4502 	4438
f 4629 	4619 	4637
f 4617 	4023 	4018
f 4307 	4633 	4308
f 4310 	4308 	4633
f 4639 	4725 	4638
f 4637 	4619 	4640
f 4613 	4647 	4606
f 4274 	4633 	4307
f 4515 	4514 	4438
f 4514 	4516 	4438
f 4121 	4143 	4642
f 4129 	3962 	4617
f 4305 	4306 	4604
f 4143 	4641 	4642
f 4042 	4023 	4617
f 4617 	3954 	3958
f 4244 	4641 	4143
f 4042 	4617 	3958
f 4600 	4577 	4574
f 4642 	1172 	4626
f 4617 	1454 	1068
f 4574 	4612 	4600
f 4109 	4642 	4626
f 3685 	3589 	4644
f 4646 	4624 	1172
f 4626 	1172 	4624
f 4606 	4596 	4657
f 3609 	3514 	4644
f 3747 	4617 	3748
f 4318 	3037 	618
f 4644 	7 	3717
f 4617 	4442 	4425
f 4298 	438 	4304
f 4606 	4657 	4613
f 4640 	4619 	4648
f 4617 	4099 	4443
f 4617 	4444 	4442
f 4617 	4425 	3407
f 4604 	31 	26
f 4644 	3717 	3685
f 4576 	4717 	4712
f 3407 	3662 	4617
f 4608 	38 	4609
f 3662 	1555 	4617
f 4644 	3514 	4373
f 4617 	2179 	3748
f 868 	869 	4585
f 4640 	4648 	4643
f 869 	464 	4585
f 38 	4620 	61
f 4617 	1782 	2179
f 4608 	4620 	38
f 4620 	4632 	61
f 4643 	4648 	4649
f 4617 	461 	4099
f 4639 	4621 	4647
f 4638 	4717 	4639
f 4647 	4639 	4717
f 4650 	4643 	4649
f 4650 	3501 	4643
f 4601 	4645 	4644
f 61 	4632 	4651
f 4617 	4443 	4444
f 4647 	4725 	4639
f 4601 	4599 	4645
f 4581 	555 	868
f 4619 	4616 	4648
f 4394 	4438 	4501
f 4622 	4625 	4648
f 4617 	1555 	1782
f 4651 	4326 	4325
f 4648 	4616 	4622
f 4325 	4324 	4651
f 4324 	1027 	4651
f 4574 	4591 	4612
f 4632 	4653 	4651
f 868 	4670 	4581
f 4654 	4655 	98
f 4650 	4649 	4648
f 4659 	1170 	4656
f 4645 	4599 	4654
f 4591 	4613 	4612
f 4591 	4647 	4613
f 1050 	4602 	4653
f 4650 	3118 	3501
f 478 	4869 	479
f 4326 	4651 	4333
f 4653 	4333 	4651
f 115 	98 	4655
f 4642 	1293 	1172
f 4287 	4288 	4653
f 4333 	4653 	4288
f 4648 	4625 	4652
f 29 	27 	4617
f 4646 	1172 	4656
f 4625 	4603 	4652
f 4652 	4650 	4648
f 4287 	4653 	4602
f 4591 	4714 	4647
f 4725 	4647 	4714
f 4206 	497 	4220
f 479 	4656 	1172
f 4656 	479 	4659
f 479 	478 	4659
f 1170 	4659 	464
f 3975 	4174 	4660
f 4342 	4661 	4336
f 4337 	4336 	4661
f 4660 	4174 	4182
f 4658 	115 	4655
f 4335 	4673 	4341
f 4340 	4673 	4335
f 4658 	148 	115
f 4186 	4660 	4182
f 4710 	4713 	4587
f 3877 	4660 	4082
f 1583 	1293 	4641
f 4661 	4338 	4337
f 4641 	1293 	4642
f 4082 	4660 	4555
f 4555 	4660 	4186
f 4678 	3813 	4247
f 4678 	4247 	4411
f 4655 	4618 	4658
f 4665 	4662 	4664
f 4661 	4339 	4338
f 4392 	4665 	4664
f 4544 	4621 	4545
f 4665 	4664 	4667
f 4680 	4678 	4411
f 4343 	4344 	4666
f 4344 	4347 	4666
f 4655 	4654 	4635
f 4544 	4717 	4545
f 4618 	4655 	4635
f 4654 	4599 	4635
f 70 	4529 	4533
f 42 	4532 	4531
f 42 	4531 	4535
f 4674 	4704 	4663
f 4545 	4663 	4704
f 3813 	4692 	4689
f 4664 	4665 	4398
f 4665 	527 	4398
f 3767 	3768 	7
f 4534 	4526 	7
f 4398 	4392 	4664
f 7 	42 	4534
f 4668 	4667 	4662
f 4666 	4347 	4346
f 4346 	4368 	4666
f 4664 	4662 	4667
f 2793 	4673 	4661
f 4672 	4671 	4681
f 4717 	4576 	4606
f 4670 	4669 	4398
f 4674 	4638 	4663
f 4545 	4663 	4638
f 3780 	3772 	6
f 4668 	4398 	4669
f 4667 	4398 	4668
f 4663 	4545 	4621
f 67 	6 	3770
f 4545 	4717 	4663
f 6 	3776 	3771
f 4664 	4398 	4667
f 4401 	4317 	4398
f 6 	3772 	3776
f 4661 	4673 	4339
f 4354 	4339 	4673
f 4349 	4673 	4340
f 4350 	4673 	4349
f 4354 	4673 	4350
f 4675 	2648 	2647
f 2647 	4672 	4675
f 4381 	4380 	4181
f 4725 	4724 	4674
f 4638 	4725 	4674
f 4181 	4668 	4662
f 70 	4533 	4532
f 4717 	4606 	4647
f 4396 	4398 	4181
f 4664 	4181 	4398
f 4539 	4599 	4540
f 3868 	3836 	4677
f 4638 	4674 	4717
f 4540 	4599 	4543
f 4546 	4635 	4539
f 4667 	4181 	4664
f 3941 	4677 	4679
f 4541 	4543 	4601
f 4541 	4601 	4503
f 1583 	4641 	4244
f 4721 	4718 	4674
f 70 	98 	4547
f 4666 	481 	4673
f 4551 	4550 	115
f 4549 	115 	4550
f 1573 	1574 	4259
f 4529 	70 	4547
f 4681 	4671 	4844
f 148 	4553 	4552
f 148 	4552 	4551
f 148 	4551 	115
f 477 	4679 	4677
f 3783 	3790 	67
f 3789 	3783 	67
f 4556 	148 	4557
f 4553 	148 	4556
f 1573 	4259 	4181
f 4342 	4360 	4661
f 4661 	4360 	4685
f 4557 	148 	3794
f 4680 	4676 	4678
f 4662 	1573 	4181
f 3793 	67 	4564
f 4564 	67 	4559
f 3770 	3769 	67
f 3769 	3789 	67
f 4665 	527 	4662
f 4686 	4687 	4682
f 4360 	4362 	4685
f 4662 	1374 	1573
f 4680 	4691 	4676
f 528 	527 	4667
f 4668 	1374 	4667
f 3793 	3796 	67
f 4669 	1374 	4668
f 4359 	4685 	4361
f 4686 	4682 	4683
f 4532 	42 	70
f 4361 	4685 	4362
f 4566 	4565 	4618
f 749 	4618 	592
f 4687 	4576 	4682
f 4571 	4567 	4618
f 4670 	884 	4669
f 4570 	4635 	4546
f 4673 	494 	4341
f 4683 	4690 	4686
f 4244 	1574 	1583
f 494 	4685 	4359
f 4645 	42 	4644
f 528 	4396 	527
f 4644 	42 	7
f 4574 	4682 	4576
f 477 	4677 	4404
f 4574 	4577 	4682
f 42 	4645 	70
f 4645 	4654 	70
f 170 	171 	510
f 4366 	4666 	185
f 310 	185 	4666
f 4687 	4686 	4576
f 4719 	3813 	4715
f 3813 	4689 	4688
f 4666 	4366 	4343
f 4690 	4485 	4686
f 2793 	310 	4666
f 4364 	170 	510
f 4367 	4364 	510
f 2440 	4689 	2393
f 4666 	4368 	510
f 4367 	510 	4368
f 4701 	3941 	4679
f 4577 	4690 	4683
f 4600 	4485 	4690
f 4577 	4600 	4690
f 4678 	4676 	4691
f 2793 	4666 	4673
f 194 	3969 	4701
f 4661 	3860 	2793
f 4855 	4699 	4844
f 4680 	4411 	2236
f 2413 	4691 	4680
f 4705 	4706 	4704
f 4652 	4692 	2426
f 4111 	4716 	4110
f 510 	481 	4666
f 2415 	2426 	4696
f 4688 	2431 	4715
f 4255 	4415 	4706
f 4707 	4703 	4695
f 4359 	4341 	494
f 4707 	4700 	4703
f 4706 	4415 	4241
f 4702 	3686 	3672
f 4242 	4706 	4241
f 2440 	2438 	4689
f 494 	4673 	481
f 4242 	4704 	4706
f 2438 	2431 	4689
f 489 	4701 	4679
f 4700 	4707 	4708
f 4255 	4706 	4717
f 4255 	4717 	4235
f 4706 	4704 	4717
f 4689 	2431 	4688
f 4679 	477 	489
f 4704 	4242 	151
f 4704 	4705 	4717
f 4718 	4717 	4705
f 489 	529 	194
f 4709 	4700 	4708
f 489 	194 	4701
f 4692 	4696 	2426
f 2393 	4689 	2426
f 4699 	4700 	4709
f 4689 	4652 	2426
f 4661 	4685 	4604
f 4591 	4587 	4713
f 2415 	4696 	2413
f 4691 	2413 	4696
f 3813 	4688 	4715
f 4604 	4685 	31
f 4714 	4591 	4713
f 4663 	4717 	4674
f 31 	4685 	494
f 4111 	4634 	4716
f 4648 	4652 	4689
f 4718 	4726 	4705
f 3813 	4719 	4592
f 4708 	4729 	4709
f 4842 	4698 	4716
f 4698 	4720 	4716
f 4724 	4721 	4674
f 4704 	4674 	4705
f 4692 	4648 	4689
f 9 	11 	21
f 4692 	4652 	4648
f 4704 	4730 	4705
f 4705 	4730 	4718
f 4702 	4716 	4720
f 4721 	4717 	4718
f 4721 	4726 	4718
f 4718 	4730 	4721
f 4702 	3672 	918
f 4724 	4726 	4721
f 4706 	4705 	4726
f 4084 	4088 	4716
f 918 	4716 	4702
f 4718 	4705 	4674
f 4721 	4730 	4724
f 3870 	3680 	4723
f 4702 	4723 	3686
f 4723 	3680 	3698
f 4741 	4729 	4684
f 4723 	3698 	3686
f 4725 	4726 	4724
f 4723 	4702 	4720
f 4725 	4730 	4726
f 4728 	4698 	4711
f 4724 	4730 	4725
f 4711 	4746 	4728
f 4725 	4717 	4724
f 4713 	4710 	4712
f 4717 	4714 	4712
f 4721 	4724 	4717
f 4725 	4714 	4717
f 4713 	4712 	4714
f 3883 	3870 	4723
f 4733 	4734 	4735
f 4725 	4734 	4730
f 4736 	4730 	4734
f 4736 	4734 	4733
f 4734 	4733 	740
f 4733 	4734 	4726
f 4725 	4730 	737
f 4736 	737 	4730
f 4730 	4736 	4726
f 4736 	4730 	4704
f 4108 	4015 	4723
f 4723 	2882 	4139
f 4723 	4139 	4108
f 4734 	4725 	4735
f 737 	738 	4725
f 4735 	4734 	740
f 4731 	4708 	4707
f 4734 	3692 	4726
f 4735 	3692 	4734
f 3577 	3680 	3870
f 4744 	4720 	4737
f 4738 	4744 	4722
f 4728 	4737 	4720
f 4729 	4708 	4731
f 4698 	4728 	4720
f 754 	4693 	753
f 754 	980 	4693
f 4720 	4744 	4738
f 4732 	4742 	4747
f 4739 	4672 	4681
f 4733 	4735 	4740
f 738 	4740 	4735
f 737 	4740 	738
f 4740 	4736 	4733
f 4739 	4675 	4672
f 4722 	4720 	4738
f 4733 	4740 	740
f 4740 	4704 	740
f 4733 	4726 	4740
f 4723 	4720 	4722
f 4736 	4740 	737
f 4736 	4740 	4726
f 4704 	763 	740
f 4736 	4704 	4740
f 4704 	151 	763
f 4737 	4732 	4747
f 4709 	4741 	4699
f 4735 	4725 	738
f 738 	4735 	740
f 4681 	4699 	4739
f 4741 	4739 	4699
f 738 	3692 	4735
f 4737 	4747 	4744
f 4745 	4727 	4728
f 4746 	4745 	4728
f 4684 	4675 	4739
f 4741 	4684 	4739
f 4741 	4709 	4729
f 4742 	4743 	4745
f 4748 	4745 	4743
f 4745 	4747 	4742
f 4748 	4727 	4745
f 4746 	4747 	4745
f 4744 	4747 	4746
f 4776 	4577 	4683
f 4748 	4732 	4727
f 4732 	4737 	4727
f 4727 	4737 	4728
f 4751 	4420 	4749
f 4418 	4749 	4420
f 4762 	4755 	4756
f 4762 	4757 	4755
f 4746 	4722 	4744
f 4759 	4755 	4749
f 4418 	4417 	4749
f 4759 	4749 	4417
f 4755 	4757 	4756
f 4756 	4755 	4759
f 4754 	4755 	4757
f 4746 	4723 	4722
f 4749 	4755 	4751
f 4754 	4753 	4755
f 4746 	4711 	4697
f 4746 	4697 	4723
f 4761 	4751 	4755
f 4323 	4751 	4761
f 4760 	4778 	4758
f 4417 	4419 	4761
f 4417 	4761 	4759
f 4762 	4763 	4764
f 4762 	4754 	4765
f 4763 	4762 	4756
f 4757 	4762 	4766
f 4762 	4765 	4766
f 4764 	4754 	4762
f 4763 	4767 	4765
f 4754 	4764 	4765
f 4763 	4765 	4764
f 4763 	4756 	4322
f 4732 	4768 	4742
f 4773 	4742 	4768
f 4764 	4763 	4322
f 4759 	4322 	4756
f 4766 	4763 	4757
f 4763 	4756 	4757
f 4767 	4763 	4766
f 4748 	4743 	4760
f 4765 	4754 	4766
f 4757 	4766 	4754
f 4322 	4320 	4764
f 4765 	4767 	4754
f 4419 	4323 	4761
f 4867 	4769 	4694
f 4768 	4771 	4773
f 4759 	4761 	4322
f 4323 	4322 	4761
f 4420 	4751 	4323
f 4320 	4323 	4761
f 4320 	4761 	4755
f 4770 	4771 	4758
f 4320 	4755 	4756
f 4320 	4756 	4763
f 4763 	4764 	4320
f 4758 	4771 	4760
f 4682 	4777 	4776
f 4768 	4760 	4771
f 4776 	4775 	4794
f 4777 	4775 	4776
f 4752 	4694 	4769
f 4830 	4814 	4777
f 4760 	4768 	4732
f 4769 	4796 	2922
f 4732 	4748 	4760
f 4752 	4750 	4694
f 4842 	4716 	4634
f 4742 	4773 	4743
f 4778 	4743 	4773
f 4777 	4779 	4755
f 4716 	918 	4084
f 4780 	4777 	4781
f 4750 	4707 	4695
f 4695 	4694 	4750
f 4779 	4777 	4780
f 4777 	4814 	4832
f 4760 	4743 	4778
f 2882 	4723 	4697
f 4777 	4783 	4781
f 2712 	2342 	4752
f 4784 	4783 	4777
f 4784 	4777 	4782
f 4682 	4776 	4683
f 4780 	4781 	4783
f 4780 	4783 	4785
f 4780 	4785 	4786
f 4780 	4786 	4787
f 4752 	4769 	2715
f 4779 	4780 	4787
f 4779 	4787 	4788
f 4752 	2715 	2712
f 4784 	4782 	4789
f 4786 	4785 	4790
f 4770 	4774 	4772
f 4809 	4772 	4774
f 4753 	4777 	4755
f 4755 	4788 	4757
f 4777 	4754 	4817
f 4770 	4772 	4771
f 4773 	4771 	4772
f 4861 	4808 	4796
f 4808 	4861 	4795
f 4791 	4808 	4795
f 4682 	4577 	4794
f 4793 	4775 	4792
f 4775 	4793 	4794
f 2634 	4798 	4799
f 2663 	2634 	4799
f 4777 	4792 	4775
f 4800 	4824 	4801
f 4776 	4794 	4577
f 4750 	4805 	4795
f 4777 	4832 	4827
f 4786 	4790 	4787
f 4819 	4788 	4787
f 4819 	4787 	4790
f 4819 	4766 	4788
f 4766 	4757 	4788
f 4806 	4770 	4758
f 4805 	4750 	4752
f 4794 	4793 	4777
f 4777 	4793 	4792
f 4806 	4816 	4800
f 4682 	4794 	4777
f 4807 	4806 	4800
f 4753 	4754 	4777
f 4809 	4773 	4772
f 4791 	4795 	4805
f 4779 	4788 	4755
f 4807 	323 	4810
f 4807 	4810 	4806
f 4821 	4777 	4817
f 4821 	4822 	4777
f 4825 	4820 	4770
f 4825 	4770 	4806
f 4813 	4799 	4812
f 4811 	4812 	4799
f 4783 	4784 	4823
f 4823 	4790 	4783
f 785 	781 	4791
f 798 	4791 	781
f 4777 	4789 	4782
f 4803 	4799 	4798
f 4789 	4826 	4784
f 4785 	4783 	4790
f 515 	626 	4791
f 4799 	4815 	422
f 4813 	4812 	4774
f 4799 	4797 	4815
f 4797 	4774 	4815
f 4816 	4774 	4812
f 4819 	4818 	4817
f 4767 	4819 	4754
f 2696 	2702 	1061
f 4754 	4819 	4817
f 4770 	4815 	4774
f 4821 	4817 	4818
f 4791 	801 	807
f 4767 	4766 	4819
f 4815 	4770 	4820
f 4818 	4823 	4821
f 4821 	4826 	4822
f 4823 	4826 	4821
f 4824 	4816 	4811
f 4812 	4811 	4816
f 4828 	4827 	4822
f 4810 	4825 	4806
f 515 	4791 	461
f 785 	4791 	626
f 807 	4808 	4791
f 2342 	2565 	461
f 4807 	4800 	4802
f 4796 	4808 	807
f 4829 	4390 	4389
f 935 	346 	342
f 935 	342 	216
f 4810 	323 	326
f 935 	216 	2749
f 4826 	4828 	4822
f 4813 	4797 	4799
f 4810 	326 	425
f 4830 	4777 	4822
f 1061 	2713 	807
f 4777 	4828 	4789
f 4789 	4828 	4826
f 2718 	4796 	807
f 4777 	4827 	4828
f 1502 	2696 	1061
f 4799 	1674 	4804
f 4823 	4784 	4826
f 4774 	4816 	4809
f 4818 	4819 	4790
f 4799 	422 	1674
f 4790 	4823 	4818
f 4831 	4822 	4827
f 4831 	4827 	4832
f 4810 	425 	4825
f 422 	4820 	4825
f 344 	346 	935
f 4820 	422 	4815
f 4822 	4831 	4830
f 935 	337 	344
f 1667 	358 	4807
f 4832 	4814 	4831
f 2571 	1684 	4802
f 461 	4805 	4752
f 4835 	4836 	4833
f 4835 	4833 	4834
f 4752 	2342 	461
f 4807 	4802 	1667
f 4837 	4829 	4836
f 4802 	1684 	1667
f 461 	4791 	4805
f 4833 	4836 	4829
f 4833 	4838 	4834
f 4829 	4838 	4833
f 4835 	4838 	4836
f 4838 	4829 	4389
f 3074 	4846 	4864
f 4838 	4835 	4834
f 4389 	4391 	4838
f 4809 	4778 	4773
f 4830 	4831 	4814
f 4837 	4390 	4829
f 4837 	4836 	4838
f 4837 	4838 	4390
f 4698 	4842 	4839
f 1302 	3692 	1337
f 379 	2688 	4840
f 442 	379 	4840
f 4239 	4246 	4240
f 2822 	1 	4671
f 4839 	4842 	4841
f 4846 	2882 	4698
f 4845 	8 	3910
f 4698 	4839 	4846
f 4845 	4843 	8
f 4845 	4848 	4224
f 4843 	4845 	4847
f 4843 	4847 	4224
f 4797 	4813 	4774
f 8 	63 	4845
f 4845 	453 	8
f 4224 	4847 	4845
f 4800 	4801 	4802
f 3872 	3554 	4845
f 4229 	4223 	4848
f 4229 	4848 	4845
f 4798 	4802 	4801
f 4234 	4229 	4845
f 4845 	63 	4236
f 4234 	4845 	4236
f 4 	4684 	4844
f 4848 	453 	4845
f 4809 	4816 	4806
f 4758 	4778 	4809
f 4806 	4758 	4809
f 4844 	4684 	4855
f 151 	15 	763
f 4800 	4816 	4824
f 453 	4116 	4363
f 4868 	4841 	4842
f 4223 	4222 	4224
f 4223 	4224 	4848
f 4222 	453 	4223
f 4848 	4223 	453
f 4811 	4799 	4803
f 4860 	4850 	4849
f 4222 	4225 	453
f 4798 	4801 	4803
f 4843 	2798 	3872
f 3872 	3910 	4843
f 4803 	4824 	4811
f 4846 	3074 	2882
f 8 	5 	63
f 2715 	4769 	2922
f 4824 	4803 	4801
f 4843 	5 	8
f 4802 	4798 	2633
f 4850 	4851 	4849
f 8 	453 	5
f 2633 	2571 	4802
f 4799 	4804 	2663
f 4695 	4852 	4694
f 4804 	1674 	2663
f 4853 	4851 	12
f 4850 	12 	4851
f 1235 	2047 	1660
f 138 	12 	4850
f 1235 	1123 	1084
f 1235 	1084 	1082
f 1235 	1082 	375
f 4862 	4731 	4707
f 4839 	4841 	4853
f 4854 	4729 	4731
f 4853 	12 	10
f 4853 	10 	4846
f 4862 	4854 	4731
f 4862 	4856 	4854
f 1091 	1498 	1200
f 4853 	4846 	4839
f 1080 	1077 	1200
f 361 	1080 	1200
f 100 	150 	4849
f 4851 	100 	4849
f 109 	100 	4851
f 4684 	4729 	4855
f 4729 	4854 	4855
f 4851 	4853 	109
f 1646 	1624 	1235
f 1235 	1660 	1646
f 4841 	4868 	4853
f 123 	109 	4853
f 4868 	123 	4853
f 4796 	2928 	2922
f 4852 	4867 	4694
f 4681 	4844 	4699
f 1124 	1235 	1642
f 4700 	4699 	4854
f 4855 	4854 	4699
f 4854 	4703 	4700
f 4854 	4856 	4703
f 4856 	4695 	4703
f 4860 	4849 	4857
f 4856 	4852 	4695
f 4860 	4857 	4858
f 2825 	4675 	4684
f 2825 	2774 	4675
f 2783 	2822 	4671
f 153 	197 	4859
f 1 	4 	4844
f 4857 	150 	4858
f 4844 	4671 	1
f 2825 	4684 	4
f 4857 	4849 	150
f 4858 	152 	4859
f 153 	4859 	152
f 155 	4850 	4860
f 326 	4860 	195
f 4852 	4856 	4862
f 4852 	4862 	4863
f 4860 	4858 	195
f 4859 	197 	195
f 4707 	4750 	4862
f 4858 	4859 	195
f 4861 	4866 	4863
f 4862 	4750 	4863
f 4858 	150 	152
f 4795 	4863 	4750
f 4861 	4863 	4795
f 163 	155 	4860
f 2718 	807 	2713
f 91 	4864 	10
f 4866 	4861 	4796
f 3074 	4864 	4865
f 4865 	2590 	3074
f 2719 	4796 	2718
f 4864 	91 	4865
f 4867 	4852 	4863
f 4863 	4866 	4867
f 4796 	2719 	2928
f 1178 	1641 	4869
f 4796 	4769 	4867
f 4867 	4866 	4796
f 53 	45 	4
f 4842 	4869 	4868
f 4 	45 	168
f 1 	53 	4
f 4870 	2590 	4865
f 4870 	4869 	2590
f 4870 	4865 	123
f 4870 	123 	4868
f 4869 	4870 	4868
f 4846 	10 	4864
f 4869 	4842 	4656
f 4842 	4646 	4656
# 9329 faces

g group_0_15277357

usemtl color_15277357
s 0

f 259 	1010 	256
f 256 	1010 	145
f 279 	1010 	276
f 265 	1010 	259
f 30 	35 	1009
f 3 	1009 	35
f 3 	35 	40
f 1187 	43 	40
f 43 	44 	2
f 43 	2 	3
f 3 	40 	43
f 104 	44 	105
f 43 	2319 	2332
f 43 	2332 	1031
f 1480 	1031 	2643
f 1008 	47 	43
f 44 	43 	47
f 75 	72 	110
f 62 	110 	72
f 75 	110 	81
f 86 	44 	89
f 90 	89 	44
f 92 	90 	44
f 95 	44 	96
f 96 	44 	97
f 102 	44 	103
f 104 	103 	44
f 47 	108 	44
f 105 	44 	108
f 102 	101 	44
f 101 	99 	44
f 44 	99 	97
f 44 	95 	94
f 94 	92 	44
f 85 	81 	44
f 86 	85 	44
f 110 	44 	81
f 59 	110 	62
f 215 	110 	59
f 2 	44 	112
f 112 	142 	2
f 110 	112 	44
f 1018 	215 	1019
f 62 	1019 	59
f 72 	1023 	62
f 75 	1024 	72
f 85 	1026 	81
f 1026 	85 	86
f 412 	410 	102
f 390 	94 	95
f 99 	409 	97
f 101 	409 	99
f 414 	103 	104
f 300 	299 	126
f 128 	267 	129
f 132 	131 	54
f 131 	130 	54
f 133 	132 	54
f 134 	133 	54
f 54 	304 	134
f 135 	134 	304
f 137 	136 	304
f 141 	300 	126
f 140 	302 	141
f 130 	220 	54
f 142 	143 	145
f 127 	277 	128
f 143 	213 	144
f 137 	304 	139
f 139 	303 	140
f 136 	135 	304
f 145 	143 	144
f 129 	1224 	128
f 1224 	129 	200
f 193 	232 	183
f 201 	232 	193
f 145 	2 	142
f 231 	3847 	232
f 201 	202 	232
f 202 	204 	232
f 205 	233 	203
f 204 	203 	232
f 30 	25 	208
f 129 	266 	200
f 200 	258 	206
f 208 	210 	30
f 206 	257 	207
f 210 	209 	30
f 209 	212 	30
f 225 	222 	54
f 223 	226 	54
f 222 	223 	54
f 108 	47 	226
f 47 	54 	226
f 217 	225 	54
f 220 	217 	54
f 215 	214 	110
f 143 	110 	214
f 143 	214 	213
f 207 	144 	213
f 231 	243 	3847
f 235 	234 	25
f 208 	234 	205
f 232 	203 	233
f 233 	205 	234
f 234 	208 	25
f 213 	214 	1016
f 1016 	214 	1018
f 215 	1018 	214
f 59 	1019 	215
f 25 	3904 	237
f 239 	3899 	238
f 236 	3899 	239
f 808 	217 	220
f 237 	241 	25
f 241 	242 	25
f 240 	25 	242
f 243 	238 	3847
f 3899 	3847 	238
f 246 	248 	25
f 245 	25 	248
f 250 	25 	245
f 246 	25 	251
f 235 	25 	250
f 217 	808 	225
f 240 	251 	25
f 3917 	25 	3916
f 257 	206 	258
f 256 	257 	258
f 256 	258 	259
f 144 	207 	257
f 266 	129 	267
f 265 	266 	267
f 265 	267 	268
f 268 	1010 	265
f 258 	200 	266
f 127 	126 	299
f 276 	277 	278
f 276 	278 	279
f 276 	1010 	268
f 267 	128 	277
f 300 	141 	302
f 284 	285 	288
f 288 	285 	286
f 284 	1010 	279
f 277 	127 	299
f 4290 	4289 	286
f 297 	296 	278
f 278 	277 	297
f 302 	140 	303
f 303 	139 	304
f 312 	54 	313
f 315 	313 	54
f 54 	47 	316
f 4302 	317 	47
f 317 	316 	47
f 54 	316 	315
f 312 	309 	54
f 54 	309 	307
f 54 	307 	306
f 305 	54 	306
f 305 	304 	54
f 298 	297 	277
f 285 	278 	296
f 296 	4290 	285
f 325 	332 	334
f 286 	285 	4290
f 334 	332 	333
f 334 	1010 	325
f 1539 	4290 	296
f 2671 	2672 	299
f 300 	2675 	299
f 325 	1010 	288
f 288 	1010 	284
f 299 	298 	277
f 56 	43 	357
f 96 	391 	390
f 96 	97 	391
f 225 	403 	398
f 103 	413 	412
f 413 	103 	414
f 105 	416 	414
f 416 	105 	417
f 89 	386 	86
f 386 	89 	387
f 90 	387 	89
f 387 	90 	388
f 92 	388 	90
f 94 	389 	388
f 94 	388 	92
f 390 	389 	94
f 390 	95 	96
f 393 	391 	97
f 97 	409 	393
f 399 	223 	398
f 222 	398 	223
f 225 	398 	222
f 101 	410 	409
f 101 	102 	410
f 412 	102 	103
f 414 	104 	105
f 108 	417 	105
f 108 	226 	417
f 418 	417 	226
f 418 	226 	399
f 223 	399 	226
f 410 	357 	409
f 412 	357 	410
f 413 	357 	412
f 398 	56 	399
f 56 	398 	403
f 416 	357 	414
f 417 	418 	357
f 413 	414 	357
f 56 	357 	418
f 399 	56 	418
f 416 	417 	357
f 386 	1187 	1029
f 387 	388 	1187
f 386 	387 	1187
f 1187 	388 	357
f 357 	389 	390
f 390 	391 	357
f 393 	357 	391
f 357 	393 	409
f 389 	357 	388
f 18 	550 	25
f 544 	545 	25
f 545 	4525 	25
f 543 	544 	25
f 543 	25 	546
f 550 	18 	549
f 546 	25 	550
f 553 	4512 	545
f 559 	586 	558
f 18 	638 	572
f 563 	18 	561
f 561 	18 	569
f 581 	558 	586
f 572 	567 	18
f 567 	569 	18
f 571 	638 	559
f 563 	576 	18
f 549 	18 	576
f 578 	592 	577
f 579 	592 	578
f 586 	559 	591
f 577 	558 	581
f 4565 	558 	592
f 593 	594 	579
f 592 	579 	594
f 594 	593 	598
f 596 	603 	602
f 595 	603 	596
f 599 	602 	603
f 629 	627 	18
f 630 	629 	18
f 571 	572 	638
f 627 	612 	18
f 638 	636 	559
f 638 	18 	612
f 636 	590 	559
f 590 	591 	559
f 639 	641 	640
f 595 	641 	603
f 650 	672 	649
f 651 	672 	650
f 648 	649 	672
f 653 	641 	639
f 595 	640 	641
f 641 	653 	654
f 654 	653 	656
f 660 	657 	658
f 661 	672 	651
f 657 	660 	663
f 662 	663 	660
f 664 	662 	660
f 664 	660 	666
f 662 	664 	653
f 655 	653 	664
f 655 	656 	653
f 670 	671 	668
f 661 	671 	672
f 675 	647 	674
f 668 	671 	661
f 673 	671 	670
f 681 	18 	680
f 672 	674 	648
f 647 	648 	674
f 678 	676 	679
f 679 	680 	678
f 674 	679 	676
f 675 	674 	676
f 1022 	4213 	18
f 677 	678 	680
f 18 	681 	682
f 630 	18 	682
f 688 	18 	685
f 680 	18 	677
f 677 	18 	688
f 685 	18 	684
f 684 	18 	689
f 912 	3797 	911
f 3797 	3792 	910
f 225 	808 	403
f 3532 	1187 	3533
f 220 	809 	808
f 811 	809 	130
f 220 	130 	809
f 811 	130 	812
f 131 	812 	130
f 131 	132 	812
f 813 	812 	132
f 133 	814 	813
f 133 	813 	132
f 814 	133 	815
f 134 	815 	133
f 135 	816 	815
f 135 	815 	134
f 135 	136 	816
f 817 	816 	136
f 817 	136 	818
f 137 	818 	136
f 818 	137 	821
f 139 	821 	137
f 140 	822 	821
f 140 	821 	139
f 822 	140 	824
f 141 	824 	140
f 811 	56 	809
f 812 	56 	811
f 809 	56 	808
f 403 	808 	56
f 813 	814 	56
f 56 	812 	813
f 815 	816 	56
f 1280 	56 	816
f 817 	1280 	816
f 818 	1280 	817
f 824 	1280 	822
f 814 	815 	56
f 818 	821 	1280
f 821 	822 	1280
f 871 	617 	870
f 876 	906 	877
f 930 	929 	875
f 925 	930 	875
f 3181 	1765 	893
f 887 	975 	893
f 897 	3797 	912
f 909 	910 	3792
f 907 	877 	906
f 908 	906 	878
f 876 	878 	906
f 911 	3797 	910
f 921 	922 	617
f 870 	617 	875
f 922 	925 	875
f 922 	875 	617
f 929 	928 	875
f 939 	937 	875
f 936 	939 	875
f 932 	936 	875
f 928 	932 	875
f 878 	875 	937
f 933 	934 	878
f 934 	979 	878
f 937 	933 	878
f 917 	617 	916
f 920 	617 	917
f 916 	2936 	940
f 3156 	957 	3153
f 956 	3153 	955
f 942 	3153 	956
f 955 	3153 	957
f 967 	893 	970
f 968 	893 	967
f 970 	893 	969
f 887 	888 	975
f 969 	893 	975
f 975 	889 	976
f 979 	976 	889
f 889 	975 	888
f 908 	878 	889
f 889 	878 	979
f 990 	3181 	988
f 986 	3181 	990
f 3181 	893 	968
f 988 	3181 	968
f 3188 	3181 	986
f 1007 	1008 	1009
f 1007 	1009 	1010
f 957 	3157 	960
f 961 	3157 	3171
f 960 	3157 	961
f 1011 	1022 	1008
f 1009 	1008 	1022
f 334 	1064 	1010
f 1022 	18 	1009
f 3 	1010 	1009
f 1011 	1008 	1031
f 1012 	207 	1013
f 213 	1013 	207
f 1016 	1013 	213
f 1033 	1032 	1007
f 1034 	1033 	1007
f 62 	1021 	1019
f 62 	1023 	1021
f 1023 	72 	1024
f 75 	81 	1024
f 1025 	1024 	81
f 1026 	1025 	81
f 86 	1029 	1026
f 86 	386 	1029
f 1007 	1065 	1034
f 1035 	1034 	1065
f 1029 	1187 	1026
f 1026 	1187 	1025
f 1042 	1007 	1043
f 1023 	1024 	1187
f 1045 	1043 	1007
f 1048 	1007 	1051
f 1051 	1007 	1052
f 1052 	1007 	1032
f 1021 	1023 	1187
f 47 	1007 	1056
f 1059 	1007 	1062
f 1057 	1056 	1007
f 1056 	1055 	47
f 1019 	1021 	1187
f 1065 	1007 	1064
f 4282 	4281 	1065
f 1025 	1187 	1024
f 1046 	1007 	1048
f 1046 	1045 	1007
f 1042 	1062 	1007
f 1059 	1057 	1007
f 1010 	1064 	1007
f 1016 	1187 	1013
f 1018 	1019 	1187
f 1013 	1187 	1012
f 1280 	1225 	1187
f 1018 	1187 	1016
f 1175 	1046 	1048
f 1111 	4294 	1055
f 1171 	1167 	1043
f 1056 	1114 	1055
f 1117 	1056 	1057
f 1062 	1149 	1059
f 1175 	1045 	1046
f 1112 	4294 	1111
f 1059 	1119 	1057
f 1113 	4294 	1112
f 1111 	1055 	1114
f 1117 	1118 	1056
f 1114 	1056 	1115
f 1117 	1057 	1119
f 1115 	1056 	1118
f 1059 	1148 	1121
f 1121 	1119 	1059
f 1140 	1129 	1148
f 1148 	1059 	1149
f 1150 	1140 	1148
f 1129 	1121 	1148
f 1149 	1042 	1167
f 1042 	1043 	1167
f 1051 	1179 	1048
f 1051 	1052 	1179
f 1149 	1062 	1042
f 1171 	1043 	1045
f 1177 	1175 	1048
f 1048 	1179 	1177
f 1171 	1045 	1173
f 1173 	1045 	1175
f 1181 	1179 	1052
f 1185 	1186 	1031
f 1186 	1194 	1031
f 1191 	1192 	1031
f 1192 	1195 	1031
f 1191 	1031 	1194
f 1196 	1031 	1195
f 1209 	1207 	1149
f 1368 	1351 	1187
f 1149 	1167 	1198
f 1208 	1149 	1198
f 1148 	1149 	1207
f 1197 	1198 	1167
f 1197 	1167 	1204
f 1148 	1205 	1150
f 1205 	1148 	1206
f 1206 	1148 	1207
f 1209 	1149 	1208
f 1203 	1204 	1171
f 1167 	1171 	1204
f 1173 	1231 	1171
f 1175 	1236 	1173
f 1179 	1229 	1177
f 1229 	1179 	1228
f 1181 	1228 	1179
f 824 	126 	1221
f 1221 	126 	1222
f 1230 	1240 	1177
f 1175 	1177 	1239
f 1236 	1175 	1239
f 1232 	1171 	1231
f 1203 	1171 	1232
f 1229 	1230 	1177
f 1237 	1173 	1236
f 1231 	1173 	1237
f 1240 	1239 	1177
f 1241 	1242 	1031
f 1241 	1031 	1196
f 1011 	1031 	1242
f 1242 	1243 	1011
f 1243 	1249 	1011
f 1423 	1011 	1244
f 1247 	1248 	1011
f 1244 	1011 	1246
f 1247 	1011 	1249
f 1246 	1011 	1248
f 824 	141 	126
f 126 	127 	1222
f 128 	1223 	127
f 1222 	127 	1223
f 128 	1224 	1223
f 200 	1225 	1224
f 1225 	200 	1227
f 206 	1227 	200
f 206 	207 	1227
f 207 	1012 	1227
f 1221 	1280 	824
f 1223 	1280 	1222
f 1225 	1280 	1224
f 1224 	1280 	1223
f 1221 	1222 	1280
f 1227 	1187 	1225
f 1012 	1187 	1227
f 1022 	1304 	1309
f 1022 	1309 	1310
f 1310 	1311 	1022
f 1311 	1312 	1022
f 1312 	1319 	1022
f 1318 	1316 	1022
f 1316 	1317 	1022
f 1307 	1022 	1317
f 1318 	1022 	1319
f 1052 	1032 	1369
f 1369 	1032 	1370
f 1033 	1370 	1032
f 1034 	1371 	1033
f 1370 	1033 	1371
f 1034 	1035 	1371
f 1373 	1372 	1036
f 1036 	4281 	1373
f 1035 	1372 	1371
f 1035 	1036 	1372
f 1345 	1346 	1187
f 1347 	1187 	1346
f 1348 	1187 	1347
f 1353 	1345 	1352
f 1350 	1345 	1353
f 1349 	1350 	1353
f 1349 	1353 	1354
f 1187 	1351 	1345
f 1355 	1187 	1348
f 1356 	1187 	1355
f 1022 	1358 	1359
f 1022 	1359 	1360
f 1357 	1358 	1022
f 1366 	1363 	1360
f 1022 	1360 	1363
f 1365 	1367 	1187
f 1052 	1369 	1181
f 1378 	1361 	1022
f 1362 	1357 	1022
f 1373 	1399 	1372
f 1392 	1390 	1022
f 1394 	1380 	1022
f 1361 	1362 	1022
f 1402 	1409 	1371
f 1391 	1392 	1022
f 1399 	1373 	1381
f 1381 	1373 	1379
f 1556 	1379 	1373
f 1378 	1022 	1380
f 1369 	1406 	1181
f 1387 	1022 	1395
f 1371 	1403 	1370
f 1390 	1394 	1022
f 1372 	1398 	1371
f 1388 	1022 	1387
f 1403 	1404 	1370
f 1307 	1306 	1022
f 1306 	1395 	1022
f 1391 	1022 	1388
f 1356 	1365 	1187
f 1402 	1371 	1398
f 1397 	1187 	1367
f 1397 	1401 	1187
f 1400 	1372 	1399
f 1398 	1372 	1400
f 1408 	1187 	1401
f 1228 	1181 	1407
f 1369 	1370 	1404
f 1403 	1371 	1409
f 1405 	1369 	1404
f 1405 	1406 	1369
f 1411 	1181 	1406
f 1416 	1187 	1408
f 1407 	1181 	1411
f 1416 	1417 	1187
f 1414 	1187 	1417
f 1422 	1556 	1420
f 1379 	1556 	1421
f 1421 	1556 	1422
f 1424 	1022 	1423
f 1011 	1423 	1022
f 1368 	1187 	1427
f 1352 	1345 	1351
f 1426 	1187 	1432
f 1439 	1440 	1441
f 1439 	1441 	1442
f 1443 	1444 	1442
f 1439 	1442 	1444
f 1440 	1439 	1445
f 1448 	1446 	1445
f 1440 	1445 	1446
f 1451 	1452 	1450
f 1452 	1456 	1450
f 1453 	1451 	1450
f 1449 	1450 	1456
f 1455 	1449 	1456
f 1457 	1458 	1443
f 1444 	1443 	1458
f 1449 	1455 	1460
f 1462 	1460 	1455
f 1460 	1462 	1461
f 1463 	1461 	1462
f 18 	25 	1009
f 25 	30 	1009
f 43 	1031 	1008
f 1485 	1486 	4292
f 1491 	4293 	1490
f 1487 	4293 	1491
f 1490 	4294 	1113
f 1508 	4301 	1509
f 1022 	1424 	1501
f 1503 	1022 	1501
f 1507 	4292 	1486
f 1509 	4301 	1507
f 1481 	1513 	1031
f 1031 	1511 	1185
f 1511 	1031 	1513
f 1539 	2694 	1537
f 1542 	1537 	1541
f 4283 	1558 	1557
f 4283 	4284 	1558
f 1567 	1568 	1558
f 1565 	1567 	1558
f 1558 	1559 	1565
f 1559 	1560 	1564
f 1542 	1540 	1560
f 1537 	1542 	1560
f 1568 	1569 	1558
f 1557 	1558 	1569
f 1564 	1565 	1559
f 1540 	1564 	1560
f 1556 	1557 	1415
f 1420 	1556 	1415
f 1569 	1415 	1557
f 357 	43 	1187
f 2830 	1022 	1503
f 1752 	1737 	897
f 1738 	3797 	1737
f 1739 	3797 	1738
f 1740 	3797 	1739
f 1785 	3817 	3797
f 1743 	1778 	1747
f 1747 	1778 	1745
f 898 	1752 	897
f 1737 	3797 	897
f 1752 	898 	1754
f 1756 	901 	1757
f 1764 	1765 	3181
f 1763 	1764 	3181
f 3181 	1795 	1758
f 1768 	3181 	1758
f 1763 	3181 	1768
f 1769 	1760 	1781
f 1779 	1781 	1760
f 898 	900 	1754
f 896 	1757 	901
f 895 	1765 	896
f 901 	1756 	900
f 1754 	900 	1756
f 895 	893 	1765
f 1757 	896 	1765
f 1798 	1799 	1759
f 1779 	1760 	1775
f 1777 	1745 	1776
f 1776 	1745 	1778
f 1778 	1743 	1781
f 1743 	1744 	1781
f 1744 	1769 	1781
f 1759 	1775 	1760
f 1759 	1799 	1775
f 1804 	1805 	1775
f 1788 	1789 	3181
f 1795 	3181 	1794
f 3416 	3417 	1788
f 1758 	1795 	1759
f 1789 	1790 	3181
f 1790 	1791 	3181
f 1791 	1793 	3181
f 1794 	3181 	1793
f 1802 	1759 	1795
f 1802 	1803 	1759
f 1799 	1797 	1775
f 1798 	1759 	1803
f 3850 	1786 	1811
f 1773 	1774 	1811
f 1784 	1773 	1811
f 1786 	1784 	1811
f 1811 	1816 	3850
f 1809 	1810 	1813
f 1816 	1820 	3850
f 1806 	1804 	1775
f 1797 	1806 	1775
f 1774 	1775 	1811
f 3819 	3850 	1820
f 1821 	1822 	3819
f 1819 	3819 	1824
f 1818 	3819 	1819
f 1820 	1821 	3819
f 1822 	1823 	3819
f 1830 	1788 	3418
f 3417 	3418 	1788
f 3181 	3416 	1788
f 1834 	30 	1835
f 1836 	1835 	190
f 3819 	1837 	190
f 1823 	1824 	3819
f 1414 	1945 	1187
f 1187 	1945 	1946
f 1946 	1955 	1187
f 1971 	1972 	1955
f 1971 	1955 	1958
f 1959 	1957 	1955
f 1957 	1958 	1955
f 1955 	1961 	1964
f 1961 	1966 	1964
f 1964 	1965 	1955
f 1959 	1955 	1965
f 1963 	1964 	1966
f 1963 	1966 	1967
f 1972 	1973 	1955
f 1970 	1971 	1969
f 1969 	1971 	1958
f 1187 	1955 	1973
f 1973 	1976 	1187
f 1976 	1978 	1187
f 1978 	1983 	1187
f 1982 	1187 	1983
f 1988 	1990 	1987
f 1985 	1987 	1990
f 1989 	1990 	1988
f 1990 	1991 	1985
f 1994 	1993 	1984
f 1984 	1985 	1992
f 1991 	1992 	1985
f 1992 	1994 	1984
f 1998 	1999 	2000
f 2001 	2002 	2000
f 2002 	2006 	2000
f 1998 	2000 	2006
f 1999 	2007 	2000
f 1988 	1987 	2008
f 2002 	2001 	2009
f 2001 	2010 	2009
f 2011 	2012 	2010
f 2009 	2010 	2012
f 2139 	1187 	2138
f 443 	1187 	2140
f 2143 	1187 	2142
f 2144 	1187 	2143
f 2144 	2146 	1187
f 2138 	1187 	2146
f 1745 	3797 	1755
f 2141 	1187 	3532
f 2688 	1187 	4840
f 1187 	3544 	3792
f 1745 	1777 	3797
f 907 	909 	3792
f 2288 	2289 	1280
f 2289 	2314 	1280
f 2314 	2315 	1280
f 2291 	2307 	1280
f 56 	1280 	2307
f 43 	56 	2307
f 2290 	2291 	1280
f 2315 	2290 	1280
f 43 	2307 	2319
f 2339 	1031 	2336
f 2339 	2341 	1031
f 2332 	2336 	1031
f 2340 	1031 	2341
f 2644 	2292 	1280
f 1777 	1785 	3797
f 303 	2464 	302
f 2464 	303 	2466
f 2477 	35 	2479
f 2478 	2479 	35
f 2455 	302 	2464
f 304 	2466 	303
f 2480 	304 	2481
f 2483 	2478 	35
f 2491 	2492 	2484
f 2486 	2491 	2484
f 2502 	2503 	2497
f 2506 	2505 	2497
f 2505 	2502 	2497
f 2499 	2485 	2492
f 2493 	2485 	2499
f 2495 	2519 	2493
f 2520 	2509 	2503
f 1280 	1187 	2644
f 2519 	2495 	2509
f 2495 	2503 	2509
f 2513 	2510 	2512
f 2511 	2512 	2510
f 2484 	2492 	2485
f 2485 	2493 	2519
f 35 	2509 	2522
f 2521 	2522 	2509
f 2508 	2509 	35
f 2497 	2503 	2495
f 2520 	2521 	2509
f 30 	2967 	35
f 2528 	2512 	35
f 2532 	2528 	35
f 2508 	35 	2512
f 2511 	2508 	2512
f 2522 	2482 	35
f 2482 	2483 	35
f 2532 	35 	2531
f 2535 	35 	2534
f 2536 	35 	2535
f 2531 	35 	2536
f 2534 	35 	2539
f 2546 	35 	2542
f 2539 	35 	2546
f 2540 	35 	2913
f 2542 	35 	2541
f 2537 	2481 	305
f 2538 	305 	2566
f 2480 	2466 	304
f 305 	2481 	304
f 2537 	305 	2538
f 2586 	2587 	305
f 2593 	316 	2595
f 317 	1470 	2595
f 306 	2586 	305
f 307 	2589 	306
f 2589 	307 	2581
f 2582 	312 	2583
f 2594 	315 	2593
f 2592 	315 	2594
f 317 	2595 	316
f 2586 	306 	2589
f 2581 	307 	2580
f 2580 	307 	2579
f 309 	2582 	2579
f 312 	2582 	309
f 2583 	312 	2591
f 313 	2591 	312
f 315 	2592 	313
f 309 	2579 	307
f 2591 	313 	2592
f 4455 	2588 	4452
f 2439 	3854 	2584
f 2566 	305 	2587
f 2584 	4452 	2588
f 316 	2593 	315
f 1430 	1187 	2609
f 2608 	2609 	1187
f 1187 	2610 	2611
f 2611 	2612 	1187
f 2612 	2613 	1187
f 2613 	2608 	1187
f 2614 	2610 	40
f 1187 	40 	2610
f 2614 	40 	2616
f 35 	2621 	40
f 1431 	1432 	1187
f 1426 	1427 	1187
f 2618 	1430 	2609
f 1431 	1187 	1430
f 2618 	2619 	1430
f 2619 	2618 	2620
f 2622 	2623 	35
f 2616 	40 	2621
f 2621 	35 	2623
f 2625 	35 	2624
f 2622 	35 	2625
f 2628 	35 	2627
f 2629 	35 	2628
f 2624 	35 	2629
f 35 	2635 	2627
f 2340 	2643 	1031
f 1481 	1031 	1480
f 2288 	1280 	2292
f 298 	2683 	2682
f 298 	2669 	2683
f 2668 	2683 	2669
f 2682 	297 	298
f 298 	299 	2669
f 2672 	2669 	299
f 2674 	300 	2456
f 2455 	2456 	302
f 297 	2682 	296
f 2671 	299 	2675
f 2674 	2675 	300
f 302 	2456 	300
f 1539 	296 	2681
f 2682 	2681 	296
f 2684 	2683 	2668
f 2681 	2690 	1539
f 2685 	1187 	2686
f 2682 	2692 	2681
f 2683 	2689 	2682
f 2689 	2692 	2682
f 2689 	2683 	2684
f 2690 	2681 	2692
f 2690 	2693 	1539
f 2693 	2695 	1539
f 1541 	1537 	2694
f 2694 	1539 	2695
f 2830 	2831 	1022
f 2844 	35 	2843
f 2844 	2636 	35
f 2635 	35 	2636
f 2846 	2848 	2865
f 2849 	2865 	2848
f 2849 	2854 	2852
f 2854 	2857 	2851
f 2851 	2852 	2854
f 2856 	2851 	2857
f 2856 	2857 	2859
f 2860 	2861 	2868
f 2860 	2869 	2852
f 35 	2868 	2861
f 2861 	2843 	35
f 2846 	2865 	2845
f 2845 	2865 	2864
f 2865 	2866 	2862
f 2869 	2860 	2868
f 2849 	2852 	2865
f 2869 	2865 	2852
f 2872 	2870 	35
f 35 	2870 	2868
f 2862 	2864 	2865
f 2874 	35 	2477
f 2875 	35 	2874
f 2872 	35 	2875
f 2541 	35 	2540
f 2913 	35 	2914
f 2914 	35 	2917
f 2923 	2958 	2921
f 2923 	35 	2956
f 2925 	35 	2923
f 2924 	35 	2925
f 2927 	35 	2924
f 2917 	35 	2927
f 2932 	2933 	2931
f 3151 	942 	2933
f 2933 	942 	2931
f 2950 	2940 	2942
f 2919 	2942 	2938
f 2940 	2938 	2942
f 2936 	2919 	2938
f 2953 	2944 	2945
f 2955 	2947 	2951
f 2951 	2949 	2942
f 2947 	2949 	2951
f 2949 	2952 	2942
f 2950 	2942 	2952
f 2945 	2954 	2953
f 2957 	2923 	2956
f 2958 	2923 	2957
f 2969 	2921 	2958
f 2948 	2947 	2955
f 2920 	2969 	2959
f 2921 	2969 	2920
f 2959 	2969 	2960
f 2960 	2948 	2955
f 2948 	2960 	2969
f 3542 	3545 	1187
f 3548 	3792 	3544
f 3568 	3792 	3547
f 3152 	942 	3151
f 2933 	2944 	3151
f 2931 	942 	2936
f 2953 	3158 	2944
f 3153 	942 	3152
f 3157 	3161 	3173
f 3162 	3173 	3161
f 3151 	2944 	3158
f 30 	3173 	3162
f 3166 	30 	3162
f 3164 	2967 	30
f 3167 	30 	3166
f 2956 	35 	2967
f 2967 	3164 	3165
f 3164 	30 	3167
f 907 	3792 	877
f 4257 	3792 	4254
f 940 	2936 	942
f 3156 	3157 	957
f 999 	961 	3171
f 986 	999 	3171
f 3188 	986 	3172
f 3172 	986 	3171
f 3174 	3157 	3173
f 3171 	3157 	3174
f 3173 	30 	3176
f 3180 	30 	3179
f 3176 	30 	3180
f 3421 	3422 	3181
f 3182 	3423 	3181
f 3183 	3184 	3423
f 3424 	3423 	3184
f 3185 	3424 	3184
f 3426 	3191 	3425
f 3191 	3192 	3425
f 3192 	30 	3425
f 3196 	30 	3192
f 3196 	3197 	30
f 3179 	30 	3197
f 3422 	3416 	3181
f 1825 	1830 	3418
f 3426 	3428 	3191
f 3185 	3191 	3428
f 3424 	3185 	3428
f 3182 	3183 	3423
f 3421 	3181 	3423
f 3425 	30 	3429
f 3429 	30 	3434
f 30 	3435 	3434
f 30 	3436 	3435
f 3438 	3439 	30
f 3436 	30 	3439
f 1828 	1829 	3444
f 3443 	1825 	3442
f 3444 	1825 	3443
f 3442 	1825 	3418
f 3446 	1828 	3444
f 30 	1828 	3447
f 3449 	1828 	3446
f 3448 	3447 	1828
f 30 	3450 	3438
f 3449 	3448 	1828
f 30 	3452 	3456
f 3458 	30 	3457
f 3456 	3457 	30
f 3461 	30 	3458
f 3461 	3450 	30
f 1825 	3444 	1829
f 3472 	3473 	30
f 3451 	30 	3447
f 3452 	30 	3451
f 1832 	30 	1834
f 1828 	30 	1833
f 3468 	3469 	1835
f 190 	1835 	3469
f 3468 	1835 	30
f 30 	3471 	3472
f 3473 	3470 	30
f 3470 	3468 	30
f 1833 	30 	1832
f 212 	3471 	30
f 2141 	2142 	1187
f 3542 	1187 	1982
f 3543 	1187 	3545
f 3547 	3792 	3546
f 3544 	1187 	3543
f 3546 	3792 	3548
f 3551 	3552 	3553
f 3564 	3549 	3557
f 3551 	3553 	3549
f 3556 	3564 	3557
f 3557 	3558 	3556
f 3555 	3556 	3558
f 3559 	3560 	3553
f 3562 	3560 	3559
f 3563 	3565 	3559
f 3557 	3553 	3560
f 3562 	3559 	3565
f 3567 	3568 	3547
f 3576 	3792 	3568
f 3553 	3557 	3549
f 3549 	3570 	3547
f 3567 	3547 	3566
f 3570 	3549 	3564
f 3566 	3547 	3570
f 4254 	3792 	3571
f 3574 	3792 	3572
f 3571 	3792 	3574
f 3575 	3792 	3576
f 3572 	3792 	3575
f 3579 	3580 	3583
f 3563 	3583 	3580
f 3563 	3580 	3565
f 3584 	3579 	3582
f 3582 	3579 	3583
f 1995 	1984 	1993
f 1997 	1995 	1993
f 1993 	3588 	1997
f 3587 	1997 	3588
f 3585 	3587 	3588
f 3596 	3593 	3594
f 3596 	3594 	3595
f 3592 	3593 	3596
f 3592 	3596 	3597
f 3605 	3608 	3600
f 3598 	3608 	3602
f 3604 	3605 	3600
f 3602 	3608 	3605
f 3607 	3608 	3598
f 3606 	3599 	3608
f 3599 	3600 	3608
f 3599 	3606 	3586
f 3585 	3586 	3587
f 3587 	3586 	3606
f 3616 	3617 	3611
f 3595 	3611 	3617
f 3596 	3595 	3617
f 3620 	3621 	3619
f 3618 	3619 	3621
f 3622 	3623 	3618
f 3623 	3624 	3618
f 3619 	3618 	3624
f 3623 	3622 	3627
f 3623 	3627 	3611
f 3616 	3611 	3627
f 3632 	3633 	3620
f 3621 	3620 	3633
f 3621 	3633 	3634
f 3636 	3634 	3633
f 3637 	3638 	3640
f 3638 	2491 	3640
f 2486 	3640 	2491
f 3579 	3637 	3640
f 3584 	3637 	3579
f 3771 	3776 	4534
f 3776 	3772 	4534
f 4526 	4534 	3772
f 3780 	3782 	3767
f 3767 	4526 	3780
f 3772 	3780 	4526
f 3774 	3782 	3779
f 3768 	3767 	3782
f 3774 	3768 	3782
f 3781 	3777 	3782
f 4548 	4549 	3789
f 4532 	4533 	3769
f 3783 	3789 	4550
f 3795 	3802 	3794
f 3793 	4553 	3796
f 3533 	1187 	3792
f 3796 	4553 	3799
f 3798 	3802 	3795
f 3799 	4553 	3802
f 3800 	3802 	3798
f 3807 	3811 	3806
f 3808 	3811 	3807
f 3838 	3842 	3823
f 3811 	3808 	3810
f 2439 	3806 	3811
f 3811 	3812 	2439
f 3812 	3852 	2439
f 3817 	3806 	3797
f 2439 	3797 	3806
f 3818 	3837 	3826
f 3841 	3810 	3809
f 3823 	3826 	3838
f 3809 	3823 	3841
f 3842 	3841 	3823
f 3837 	3838 	3826
f 3837 	3818 	3839
f 2831 	1302 	1022
f 3839 	232 	3840
f 3808 	3809 	3810
f 3848 	232 	3847
f 1813 	1810 	1775
f 1805 	1813 	1775
f 1810 	1811 	1775
f 3852 	3854 	2439
f 4452 	2584 	3854
f 3896 	3897 	3857
f 3859 	3881 	3858
f 3861 	3881 	3859
f 3862 	3881 	3861
f 3862 	3865 	3881
f 3865 	3863 	3881
f 3846 	3881 	3863
f 3893 	3896 	3857
f 3848 	3840 	232
f 3819 	183 	3818
f 3885 	3847 	3888
f 232 	3818 	183
f 3818 	232 	3839
f 182 	183 	3819
f 181 	182 	3819
f 181 	3819 	180
f 190 	180 	3819
f 1818 	1837 	3819
f 1836 	190 	1837
f 3880 	3889 	3857
f 3857 	3858 	3881
f 3846 	3847 	3881
f 3880 	3857 	3881
f 3890 	3891 	3857
f 3881 	3847 	3885
f 3890 	3857 	3889
f 3898 	4477 	3897
f 3897 	4477 	3857
f 3866 	4477 	3855
f 3894 	4463 	3895
f 3857 	4477 	3866
f 3895 	4463 	3898
f 3888 	3847 	3887
f 3899 	3886 	3847
f 236 	237 	3904
f 3886 	3887 	3847
f 3901 	236 	3904
f 3899 	236 	3901
f 3917 	3918 	25
f 3904 	25 	3918
f 2685 	2644 	1187
f 3974 	3777 	4006
f 3777 	3778 	3782
f 3781 	4006 	3777
f 3972 	3973 	4007
f 3778 	3779 	3782
f 4006 	4007 	3973
f 3973 	3974 	4006
f 3986 	3987 	3983
f 3971 	3972 	3980
f 3981 	3971 	3980
f 3985 	3986 	3983
f 3970 	3983 	3987
f 3971 	3981 	3970
f 3981 	3983 	3970
f 4002 	3988 	3983
f 3998 	3999 	3994
f 3985 	3983 	3988
f 3988 	4003 	3999
f 3998 	3994 	4000
f 4002 	4003 	3988
f 3994 	3999 	4004
f 4004 	3999 	4003
f 4007 	3980 	3972
f 4045 	4024 	4011
f 4022 	4011 	4024
f 4021 	4030 	4022
f 4011 	4022 	4030
f 4021 	4028 	4030
f 4033 	4030 	4036
f 4036 	4037 	4033
f 4037 	4041 	4033
f 4041 	4038 	4033
f 4038 	4039 	4033
f 4040 	4000 	4033
f 3993 	4033 	4000
f 3992 	3993 	4000
f 3994 	3992 	4000
f 4039 	4040 	4033
f 4036 	4030 	4044
f 4044 	4030 	4028
f 4053 	4210 	4045
f 4057 	4209 	4052
f 3802 	4183 	3801
f 4211 	4045 	4210
f 3801 	4183 	4050
f 4024 	4045 	4025
f 4025 	4045 	4051
f 4052 	4210 	4053
f 4050 	4209 	4057
f 3800 	4184 	3802
f 4184 	4185 	3802
f 4183 	3802 	4185
f 689 	18 	4187
f 4209 	4050 	4183
f 4210 	4052 	4209
f 4212 	4045 	4211
f 4051 	4045 	4212
f 4214 	18 	4213
f 4187 	18 	4214
f 1363 	4221 	1022
f 4213 	1022 	4219
f 4219 	1022 	4218
f 4218 	1022 	4221
f 4258 	3792 	4257
f 4261 	3792 	4258
f 4260 	3792 	4261
f 4262 	3792 	4260
f 873 	3792 	4280
f 4263 	4280 	4265
f 4267 	4280 	4263
f 4268 	4278 	4267
f 4273 	4278 	4268
f 4265 	3792 	4275
f 4275 	3792 	4262
f 4265 	4280 	3792
f 2 	145 	1010
f 4280 	4267 	4279
f 3 	2 	1010
f 47 	1008 	1007
f 1036 	1035 	1065
f 4281 	1036 	1065
f 4283 	4282 	1065
f 4274 	4287 	4273
f 4279 	4267 	4278
f 1065 	333 	4284
f 333 	332 	4285
f 874 	3792 	873
f 877 	3792 	874
f 332 	286 	4289
f 4298 	4307 	4297
f 47 	1055 	4294
f 4296 	4297 	4307
f 47 	4294 	4293
f 4293 	4291 	47
f 4291 	4292 	47
f 4292 	4301 	47
f 4301 	4303 	47
f 4303 	4302 	47
f 4307 	4308 	4296
f 4289 	4285 	332
f 4284 	4283 	1065
f 4285 	4284 	333
f 4305 	4296 	4308
f 4306 	4305 	4308
f 4310 	4306 	4308
f 1539 	1537 	4290
f 4318 	4326 	4304
f 1487 	1488 	4293
f 618 	617 	4326
f 4318 	618 	4326
f 4325 	4326 	617
f 4333 	4304 	4326
f 4304 	4333 	4298
f 1557 	1556 	4281
f 1557 	4282 	4283
f 1559 	1558 	4284
f 1559 	4284 	1560
f 4285 	1560 	4284
f 4287 	4274 	4288
f 4285 	1537 	1560
f 4333 	4274 	4307
f 4307 	4298 	4333
f 4278 	4273 	4287
f 4333 	4288 	4274
f 1485 	4291 	1488
f 4337 	4349 	4336
f 4338 	4339 	4337
f 4339 	4354 	4337
f 4335 	4336 	4340
f 4341 	4342 	4335
f 4336 	4335 	4342
f 4344 	4343 	4346
f 4344 	4346 	4347
f 1470 	317 	1469
f 4302 	1472 	1469
f 4350 	4337 	4354
f 1556 	1373 	4281
f 4340 	4336 	4349
f 4349 	4337 	4350
f 4282 	1557 	4281
f 4342 	4341 	4359
f 4342 	4359 	4360
f 4361 	4362 	4360
f 4361 	4360 	4359
f 4289 	1537 	4285
f 4364 	4366 	170
f 4364 	4368 	4366
f 170 	4366 	185
f 4289 	4290 	1537
f 4367 	4368 	4364
f 4291 	1485 	4292
f 4346 	4343 	4368
f 4343 	4366 	4368
f 4291 	4293 	1488
f 4294 	1490 	4293
f 19 	11 	20
f 9 	20 	11
f 22 	20 	9
f 1472 	4303 	1473
f 4292 	1507 	4301
f 4302 	1469 	317
f 11 	19 	79
f 77 	88 	79
f 11 	79 	88
f 4303 	1472 	4302
f 4301 	1508 	4303
f 1473 	4303 	1508
f 171 	185 	172
f 170 	185 	171
f 185 	184 	172
f 165 	172 	184
f 165 	184 	166
f 331 	166 	186
f 184 	186 	166
f 336 	331 	186
f 395 	394 	401
f 395 	400 	77
f 400 	395 	401
f 88 	77 	400
f 439 	449 	440
f 441 	449 	439
f 448 	440 	449
f 449 	450 	448
f 450 	401 	396
f 396 	448 	450
f 394 	396 	401
f 923 	921 	617
f 872 	4324 	617
f 2936 	916 	617
f 920 	923 	617
f 617 	2918 	2936
f 2919 	2936 	2918
f 4324 	4325 	617
f 871 	872 	617
f 4447 	4452 	4449
f 4453 	4449 	4452
f 4448 	4449 	4453
f 4452 	4447 	4454
f 4454 	4455 	4452
f 4463 	4504 	4462
f 4465 	4471 	4473
f 4465 	4473 	4469
f 4470 	4471 	4465
f 4470 	4465 	4472
f 4465 	4466 	4474
f 4472 	4465 	4474
f 4452 	3854 	4486
f 3855 	4486 	3854
f 4476 	3855 	4475
f 4486 	3855 	4476
f 4478 	4479 	4448
f 4478 	4484 	4479
f 4480 	4481 	4487
f 4479 	4484 	4481
f 4487 	4481 	4484
f 4488 	4483 	4487
f 4480 	4487 	4483
f 4469 	4473 	4488
f 4473 	4483 	4488
f 4500 	4501 	4539
f 4497 	4499 	4540
f 4501 	4502 	4539
f 4475 	3855 	4477
f 4474 	4466 	4504
f 4503 	4474 	4504
f 4462 	4504 	4466
f 4570 	4546 	4515
f 4491 	4497 	4540
f 4477 	3898 	4463
f 4504 	4463 	4506
f 4506 	4463 	4507
f 4507 	4463 	4509
f 4509 	4463 	4511
f 4511 	4463 	3894
f 3857 	3891 	3892
f 3892 	3893 	3857
f 554 	4512 	553
f 4540 	4543 	4491
f 4543 	4541 	4491
f 577 	592 	558
f 4571 	4568 	558
f 4512 	554 	4570
f 558 	4570 	557
f 4546 	4539 	4515
f 4515 	4512 	4570
f 4516 	4514 	4539
f 557 	4570 	554
f 4502 	4516 	4539
f 4514 	4515 	4539
f 3915 	25 	4525
f 4525 	545 	4512
f 3916 	25 	3915
f 4529 	3769 	4533
f 4534 	4535 	3771
f 4535 	4531 	3771
f 4531 	4532 	3771
f 3770 	3771 	4532
f 3769 	3770 	4532
f 4489 	4490 	4541
f 4504 	4489 	4541
f 4490 	4491 	4541
f 3789 	3769 	4529
f 4548 	3789 	4547
f 4529 	4547 	3789
f 4550 	3789 	4549
f 3790 	3783 	4550
f 3790 	4550 	4551
f 3790 	4551 	4552
f 4553 	4559 	4552
f 3790 	4552 	4554
f 4557 	3802 	4556
f 4554 	4552 	4559
f 4556 	3802 	4553
f 4564 	4553 	3793
f 3794 	3802 	4557
f 4559 	4553 	4564
f 4566 	558 	4565
f 4571 	558 	4567
f 4541 	4503 	4504
f 4567 	558 	4566
f 4499 	4500 	4539
f 4568 	4569 	558
f 4539 	4540 	4499
f 4570 	558 	4569
f 1755 	3797 	1740
f 442 	4840 	1187
f 2686 	1187 	2688
f 442 	1187 	443
f 2139 	2140 	1187
f 1304 	1022 	1302
# 1529 faces

 #end of obj_0

